{
"type": "FeatureCollection",
"name": "cycle_network",
"crs": { "type": "name", "properties": { "name": "urn:ogc:def:crs:OGC:1.3:CRS84" } },
"features": [
{ "type": "Feature", "properties": { "osm_id": "4253890", "name": "Glasshouse Street", "highway": "residential", "waterway": null, "aerialway": null, "barrier": null, "man_made": null, "railway": null, "ref": null, "oneway": "yes", "maxspeed": "20 mph", "bicycle": null, "cycleway_chars": "NA|NA|lane|NA|NA|NA|NA|NA|NA|NA|NA|NA|NA|NA|NA|NA|NA|NA", "cycleway": null, "cycleway_left": null, "cycleway_right": "lane", "cycleway_both": null, "cycleway_left_bicycle": null, "cycleway_right_bicycle": null, "cycleway_both_bicycle": null, "cycleway_left_segregated": null, "cycleway_right_segregated": null, "cycleway_both_segregated": null, "cycleway_lane": null, "cycleway_left_lane": null, "cycleway_right_lane": null, "cycleway_both_lane": null, "cycleway_surface": null, "cycleway_width": null, "cycleway_est_width": null, "cycleway_buffered_lane": null, "lanes": null, "lanes_both_ways": null, "lanes_forward": null, "lanes_backward": null, "lit": "yes", "width": null, "est_width": null, "segregated": null, "foot": null, "path": null, "sidewalk": "both", "sidewalk_left": null, "sidewalk_right": null, "sidewalk_both": null, "footway": null, "service": null, "surface": "asphalt", "tracktype": null, "smoothness": null, "access": null, "bus": null, "busway": null, "psv": null, "lanes_psv": null, "lanes_bus": null, "lanes_bus_conditional": null, "lanes_bus_backward": null, "lanes_bus_forward": null, "lanes_psv_backward": null, "lanes_psv_forward": null, "lanes_psv_conditional": null, "lanes_psv_conditional_backward": null, "lanes_psv_conditional_forward": null, "lanes_psv_conditional_both_ways": null, "lanes_psv_both_ways": null, "z_order": 3, "other_tags": "\"cycleway:right:oneway\"=>\"-1\",\"maxspeed:type\"=>\"GB:zone20\",\"oneway:bicycle\"=>\"no\",\"sidewalk:both:surface\"=>\"paving_stones\"", "n_bus_lanes": 0.0, "distance_to_road": 0.0, "detailed_segregation": "Painted Cycle Lane", "cycle_pedestrian_separation": "Unknown", "width_clean": 0.0, "cycle_segregation": "Painted Cycle Lane" }, "geometry": { "type": "MultiLineString", "coordinates": [ [ [ -0.1379398, 51.510414 ], [ -0.1375651, 51.5104823 ], [ -0.1374885, 51.5104952 ] ] ] } },
{ "type": "Feature", "properties": { "osm_id": "4253984", "name": "Old Compton Street", "highway": "residential", "waterway": null, "aerialway": null, "barrier": null, "man_made": null, "railway": null, "ref": null, "oneway": "yes", "maxspeed": "20 mph", "bicycle": null, "cycleway_chars": "NA|no|shared_lane|NA|NA|NA|NA|NA|NA|NA|NA|NA|pictogram|NA|NA|NA|NA|NA", "cycleway": null, "cycleway_left": "no", "cycleway_right": "shared_lane", "cycleway_both": null, "cycleway_left_bicycle": null, "cycleway_right_bicycle": null, "cycleway_both_bicycle": null, "cycleway_left_segregated": null, "cycleway_right_segregated": null, "cycleway_both_segregated": null, "cycleway_lane": null, "cycleway_left_lane": null, "cycleway_right_lane": "pictogram", "cycleway_both_lane": null, "cycleway_surface": null, "cycleway_width": null, "cycleway_est_width": null, "cycleway_buffered_lane": null, "lanes": null, "lanes_both_ways": null, "lanes_forward": null, "lanes_backward": null, "lit": "yes", "width": null, "est_width": null, "segregated": null, "foot": null, "path": null, "sidewalk": null, "sidewalk_left": null, "sidewalk_right": null, "sidewalk_both": "separate", "footway": null, "service": null, "surface": "asphalt", "tracktype": null, "smoothness": "good", "access": null, "bus": null, "busway": null, "psv": null, "lanes_psv": null, "lanes_bus": null, "lanes_bus_conditional": null, "lanes_bus_backward": null, "lanes_bus_forward": null, "lanes_psv_backward": null, "lanes_psv_forward": null, "lanes_psv_conditional": null, "lanes_psv_conditional_backward": null, "lanes_psv_conditional_forward": null, "lanes_psv_conditional_both_ways": null, "lanes_psv_both_ways": null, "z_order": 3, "other_tags": "\"cycleway:right:oneway\"=>\"-1\",\"maxspeed:type\"=>\"GB:zone20\",\"oneway:bicycle\"=>\"no\",\"wikidata\"=>\"Q2018322\",\"wikimedia_commons\"=>\"Category:Old_Compton_Street\",\"wikipedia\"=>\"en:Old Compton Street\"", "n_bus_lanes": 0.0, "distance_to_road": 0.0, "detailed_segregation": "Painted Cycle Lane", "cycle_pedestrian_separation": "Unknown", "width_clean": 0.0, "cycle_segregation": "Painted Cycle Lane" }, "geometry": { "type": "MultiLineString", "coordinates": [ [ [ -0.1330218, 51.512512 ], [ -0.1327097, 51.5126317 ], [ -0.1320287, 51.5128931 ], [ -0.1319683, 51.5129163 ] ] ] } },
{ "type": "Feature", "properties": { "osm_id": "4259681", "name": "St. Margaret Street", "highway": "primary", "waterway": null, "aerialway": null, "barrier": null, "man_made": null, "railway": null, "ref": "A3212", "oneway": "yes", "maxspeed": "20 mph", "bicycle": null, "cycleway_chars": "NA|lane|NA|NA|NA|NA|NA|NA|NA|NA|NA|exclusive|NA|NA|NA|NA|NA|NA", "cycleway": null, "cycleway_left": "lane", "cycleway_right": null, "cycleway_both": null, "cycleway_left_bicycle": null, "cycleway_right_bicycle": null, "cycleway_both_bicycle": null, "cycleway_left_segregated": null, "cycleway_right_segregated": null, "cycleway_both_segregated": null, "cycleway_lane": null, "cycleway_left_lane": "exclusive", "cycleway_right_lane": null, "cycleway_both_lane": null, "cycleway_surface": null, "cycleway_width": null, "cycleway_est_width": null, "cycleway_buffered_lane": null, "lanes": "1", "lanes_both_ways": null, "lanes_forward": null, "lanes_backward": null, "lit": "yes", "width": null, "est_width": null, "segregated": null, "foot": null, "path": null, "sidewalk": null, "sidewalk_left": "separate", "sidewalk_right": "no", "sidewalk_both": null, "footway": null, "service": null, "surface": "asphalt", "tracktype": null, "smoothness": null, "access": null, "bus": null, "busway": null, "psv": null, "lanes_psv": null, "lanes_bus": null, "lanes_bus_conditional": null, "lanes_bus_backward": null, "lanes_bus_forward": null, "lanes_psv_backward": null, "lanes_psv_forward": null, "lanes_psv_conditional": null, "lanes_psv_conditional_backward": null, "lanes_psv_conditional_forward": null, "lanes_psv_conditional_both_ways": null, "lanes_psv_both_ways": null, "z_order": 7, "other_tags": "\"dual_carriageway\"=>\"yes\",\"maxspeed:type\"=>\"GB:zone20\",\"ref:GB:usrn\"=>\"8400617\"", "n_bus_lanes": 0.0, "distance_to_road": 0.0, "detailed_segregation": "Painted Cycle Lane", "cycle_pedestrian_separation": "Unknown", "width_clean": 0.0, "cycle_segregation": "Painted Cycle Lane" }, "geometry": { "type": "MultiLineString", "coordinates": [ [ [ -0.1262243, 51.4996736 ], [ -0.1262363, 51.4997999 ] ] ] } },
{ "type": "Feature", "properties": { "osm_id": "4370889", "name": "Vigo Street", "highway": "residential", "waterway": null, "aerialway": null, "barrier": null, "man_made": null, "railway": null, "ref": null, "oneway": "yes", "maxspeed": "20 mph", "bicycle": null, "cycleway_chars": "NA|no|lane|NA|NA|NA|NA|NA|NA|NA|NA|NA|exclusive|NA|NA|NA|NA|NA", "cycleway": null, "cycleway_left": "no", "cycleway_right": "lane", "cycleway_both": null, "cycleway_left_bicycle": null, "cycleway_right_bicycle": null, "cycleway_both_bicycle": null, "cycleway_left_segregated": null, "cycleway_right_segregated": null, "cycleway_both_segregated": null, "cycleway_lane": null, "cycleway_left_lane": null, "cycleway_right_lane": "exclusive", "cycleway_both_lane": null, "cycleway_surface": null, "cycleway_width": null, "cycleway_est_width": null, "cycleway_buffered_lane": null, "lanes": null, "lanes_both_ways": null, "lanes_forward": null, "lanes_backward": null, "lit": "yes", "width": null, "est_width": null, "segregated": null, "foot": null, "path": null, "sidewalk": "both", "sidewalk_left": null, "sidewalk_right": null, "sidewalk_both": null, "footway": null, "service": null, "surface": "asphalt", "tracktype": null, "smoothness": null, "access": null, "bus": null, "busway": null, "psv": null, "lanes_psv": null, "lanes_bus": null, "lanes_bus_conditional": null, "lanes_bus_backward": null, "lanes_bus_forward": null, "lanes_psv_backward": null, "lanes_psv_forward": null, "lanes_psv_conditional": null, "lanes_psv_conditional_backward": null, "lanes_psv_conditional_forward": null, "lanes_psv_conditional_both_ways": null, "lanes_psv_both_ways": null, "z_order": 3, "other_tags": "\"cycleway:right:oneway\"=>\"-1\",\"maxspeed:type\"=>\"GB:zone20\",\"oneway:bicycle\"=>\"no\",\"sidewalk:both:surface\"=>\"paving_stones\"", "n_bus_lanes": 0.0, "distance_to_road": 0.0, "detailed_segregation": "Painted Cycle Lane", "cycle_pedestrian_separation": "Unknown", "width_clean": 0.0, "cycle_segregation": "Painted Cycle Lane" }, "geometry": { "type": "MultiLineString", "coordinates": [ [ [ -0.1388741, 51.5102791 ], [ -0.1387852, 51.5102963 ], [ -0.1385268, 51.5103462 ], [ -0.1384617, 51.5103573 ] ] ] } },
{ "type": "Feature", "properties": { "osm_id": "4992946", "name": "Litchfield Street", "highway": "unclassified", "waterway": null, "aerialway": null, "barrier": null, "man_made": null, "railway": null, "ref": null, "oneway": "yes", "maxspeed": "20 mph", "bicycle": null, "cycleway_chars": "NA|NA|lane|NA|NA|NA|NA|NA|NA|NA|NA|NA|NA|NA|NA|NA|NA|NA", "cycleway": null, "cycleway_left": null, "cycleway_right": "lane", "cycleway_both": null, "cycleway_left_bicycle": null, "cycleway_right_bicycle": null, "cycleway_both_bicycle": null, "cycleway_left_segregated": null, "cycleway_right_segregated": null, "cycleway_both_segregated": null, "cycleway_lane": null, "cycleway_left_lane": null, "cycleway_right_lane": null, "cycleway_both_lane": null, "cycleway_surface": null, "cycleway_width": null, "cycleway_est_width": null, "cycleway_buffered_lane": null, "lanes": null, "lanes_both_ways": null, "lanes_forward": null, "lanes_backward": null, "lit": "yes", "width": null, "est_width": null, "segregated": null, "foot": null, "path": null, "sidewalk": "both", "sidewalk_left": null, "sidewalk_right": null, "sidewalk_both": null, "footway": null, "service": null, "surface": "asphalt", "tracktype": null, "smoothness": null, "access": null, "bus": null, "busway": null, "psv": null, "lanes_psv": null, "lanes_bus": null, "lanes_bus_conditional": null, "lanes_bus_backward": null, "lanes_bus_forward": null, "lanes_psv_backward": null, "lanes_psv_forward": null, "lanes_psv_conditional": null, "lanes_psv_conditional_backward": null, "lanes_psv_conditional_forward": null, "lanes_psv_conditional_both_ways": null, "lanes_psv_both_ways": null, "z_order": 3, "other_tags": "\"cycleway:right:oneway\"=>\"-1\",\"maxspeed:type\"=>\"GB:zone20\",\"oneway:bicycle\"=>\"no\"", "n_bus_lanes": 0.0, "distance_to_road": 0.0, "detailed_segregation": "Painted Cycle Lane", "cycle_pedestrian_separation": "Unknown", "width_clean": 0.0, "cycle_segregation": "Painted Cycle Lane" }, "geometry": { "type": "MultiLineString", "coordinates": [ [ [ -0.1288433, 51.5127893 ], [ -0.1287806, 51.5127953 ], [ -0.1287558, 51.5127971 ], [ -0.128719, 51.5127955 ], [ -0.128636, 51.5127887 ], [ -0.1278808, 51.5127359 ], [ -0.1277777, 51.5127324 ], [ -0.1277569, 51.5127307 ], [ -0.1277196, 51.5127307 ] ] ] } },
{ "type": "Feature", "properties": { "osm_id": "5003469", "name": "Charing Cross Road", "highway": "primary", "waterway": null, "aerialway": null, "barrier": null, "man_made": null, "railway": null, "ref": "A400", "oneway": "yes", "maxspeed": "20 mph", "bicycle": "yes", "cycleway_chars": "NA|NA|share_busway|NA|NA|NA|NA|NA|NA|NA|NA|NA|NA|NA|NA|NA|NA|NA", "cycleway": null, "cycleway_left": null, "cycleway_right": "share_busway", "cycleway_both": null, "cycleway_left_bicycle": null, "cycleway_right_bicycle": null, "cycleway_both_bicycle": null, "cycleway_left_segregated": null, "cycleway_right_segregated": null, "cycleway_both_segregated": null, "cycleway_lane": null, "cycleway_left_lane": null, "cycleway_right_lane": null, "cycleway_both_lane": null, "cycleway_surface": null, "cycleway_width": null, "cycleway_est_width": null, "cycleway_buffered_lane": null, "lanes": "1", "lanes_both_ways": null, "lanes_forward": null, "lanes_backward": null, "lit": "yes", "width": null, "est_width": null, "segregated": null, "foot": "yes", "path": null, "sidewalk": "both", "sidewalk_left": null, "sidewalk_right": null, "sidewalk_both": null, "footway": null, "service": null, "surface": "asphalt", "tracktype": null, "smoothness": "good", "access": null, "bus": null, "busway": null, "psv": null, "lanes_psv": null, "lanes_bus": null, "lanes_bus_conditional": null, "lanes_bus_backward": null, "lanes_bus_forward": null, "lanes_psv_backward": null, "lanes_psv_forward": null, "lanes_psv_conditional": null, "lanes_psv_conditional_backward": null, "lanes_psv_conditional_forward": null, "lanes_psv_conditional_both_ways": null, "lanes_psv_both_ways": null, "z_order": 7, "other_tags": "\"busway:right\"=>\"lane\",\"busway:right:oneway\"=>\"-1\",\"cycleway:right:oneway\"=>\"-1\",\"maxspeed:type\"=>\"GB:zone20\",\"oneway:bicycle\"=>\"no\",\"oneway:bus\"=>\"no\",\"wikidata\"=>\"Q1063230\",\"wikimedia_commons\"=>\"Category:Charing_Cross_Road\"", "n_bus_lanes": 0.0, "distance_to_road": 0.0, "detailed_segregation": "Painted Cycle Lane", "cycle_pedestrian_separation": "Unknown", "width_clean": 0.0, "cycle_segregation": "Painted Cycle Lane" }, "geometry": { "type": "MultiLineString", "coordinates": [ [ [ -0.1291225, 51.5132543 ], [ -0.1291954, 51.51338 ], [ -0.1292098, 51.5134037 ], [ -0.1292316, 51.5134478 ], [ -0.129258, 51.5134923 ], [ -0.1292654, 51.5135046 ] ] ] } },
{ "type": "Feature", "properties": { "osm_id": "9832217", "name": null, "highway": "cycleway", "waterway": null, "aerialway": null, "barrier": null, "man_made": null, "railway": null, "ref": null, "oneway": "no", "maxspeed": null, "bicycle": null, "cycleway_chars": "NA|NA|NA|NA|NA|NA|NA|NA|NA|NA|NA|NA|NA|NA|NA|NA|NA|NA", "cycleway": null, "cycleway_left": null, "cycleway_right": null, "cycleway_both": null, "cycleway_left_bicycle": null, "cycleway_right_bicycle": null, "cycleway_both_bicycle": null, "cycleway_left_segregated": null, "cycleway_right_segregated": null, "cycleway_both_segregated": null, "cycleway_lane": null, "cycleway_left_lane": null, "cycleway_right_lane": null, "cycleway_both_lane": null, "cycleway_surface": null, "cycleway_width": null, "cycleway_est_width": null, "cycleway_buffered_lane": null, "lanes": null, "lanes_both_ways": null, "lanes_forward": null, "lanes_backward": null, "lit": null, "width": null, "est_width": null, "segregated": "no", "foot": "designated", "path": null, "sidewalk": null, "sidewalk_left": null, "sidewalk_right": null, "sidewalk_both": null, "footway": null, "service": null, "surface": "asphalt", "tracktype": null, "smoothness": null, "access": null, "bus": null, "busway": null, "psv": null, "lanes_psv": null, "lanes_bus": null, "lanes_bus_conditional": null, "lanes_bus_backward": null, "lanes_bus_forward": null, "lanes_psv_backward": null, "lanes_psv_forward": null, "lanes_psv_conditional": null, "lanes_psv_conditional_backward": null, "lanes_psv_conditional_forward": null, "lanes_psv_conditional_both_ways": null, "lanes_psv_both_ways": null, "z_order": 0, "other_tags": null, "n_bus_lanes": 0.0, "distance_to_road": 57.8, "detailed_segregation": "Off Road Cycleway", "cycle_pedestrian_separation": "Unknown", "width_clean": 0.0, "cycle_segregation": "Off Road Cycleway" }, "geometry": { "type": "MultiLineString", "coordinates": [ [ [ -0.1411713, 51.5026619 ], [ -0.1409602, 51.5027103 ], [ -0.1407574, 51.5027311 ], [ -0.1405345, 51.5027361 ], [ -0.1402972, 51.5027169 ], [ -0.1400661, 51.5026757 ], [ -0.1398197, 51.5026032 ], [ -0.1396565, 51.5025313 ], [ -0.1395773, 51.5024914 ] ] ] } },
{ "type": "Feature", "properties": { "osm_id": "26659003", "name": "The Mall", "highway": "cycleway", "waterway": null, "aerialway": null, "barrier": null, "man_made": null, "railway": null, "ref": null, "oneway": "no", "maxspeed": null, "bicycle": null, "cycleway_chars": "NA|NA|NA|NA|NA|NA|NA|NA|NA|NA|NA|NA|NA|NA|NA|NA|NA|NA", "cycleway": null, "cycleway_left": null, "cycleway_right": null, "cycleway_both": null, "cycleway_left_bicycle": null, "cycleway_right_bicycle": null, "cycleway_both_bicycle": null, "cycleway_left_segregated": null, "cycleway_right_segregated": null, "cycleway_both_segregated": null, "cycleway_lane": null, "cycleway_left_lane": null, "cycleway_right_lane": null, "cycleway_both_lane": null, "cycleway_surface": null, "cycleway_width": null, "cycleway_est_width": null, "cycleway_buffered_lane": null, "lanes": null, "lanes_both_ways": null, "lanes_forward": null, "lanes_backward": null, "lit": null, "width": null, "est_width": null, "segregated": null, "foot": null, "path": null, "sidewalk": null, "sidewalk_left": null, "sidewalk_right": null, "sidewalk_both": null, "footway": null, "service": null, "surface": "asphalt", "tracktype": null, "smoothness": null, "access": null, "bus": null, "busway": null, "psv": null, "lanes_psv": null, "lanes_bus": null, "lanes_bus_conditional": null, "lanes_bus_backward": null, "lanes_bus_forward": null, "lanes_psv_backward": null, "lanes_psv_forward": null, "lanes_psv_conditional": null, "lanes_psv_conditional_backward": null, "lanes_psv_conditional_forward": null, "lanes_psv_conditional_both_ways": null, "lanes_psv_both_ways": null, "z_order": 0, "other_tags": null, "n_bus_lanes": 0.0, "distance_to_road": 3.1, "detailed_segregation": "Level track", "cycle_pedestrian_separation": "Unknown", "width_clean": 0.0, "cycle_segregation": "Segregated Track (narrow)" }, "geometry": { "type": "MultiLineString", "coordinates": [ [ [ -0.1395773, 51.5024914 ], [ -0.1394687, 51.5025429 ], [ -0.1394553, 51.5025433 ], [ -0.1393879, 51.5025456 ] ] ] } },
{ "type": "Feature", "properties": { "osm_id": "28333674", "name": "Crown Passage", "highway": "footway", "waterway": null, "aerialway": null, "barrier": null, "man_made": null, "railway": null, "ref": null, "oneway": null, "maxspeed": null, "bicycle": "yes", "cycleway_chars": "NA|NA|NA|NA|NA|NA|NA|NA|NA|NA|NA|NA|NA|NA|NA|NA|NA|NA", "cycleway": null, "cycleway_left": null, "cycleway_right": null, "cycleway_both": null, "cycleway_left_bicycle": null, "cycleway_right_bicycle": null, "cycleway_both_bicycle": null, "cycleway_left_segregated": null, "cycleway_right_segregated": null, "cycleway_both_segregated": null, "cycleway_lane": null, "cycleway_left_lane": null, "cycleway_right_lane": null, "cycleway_both_lane": null, "cycleway_surface": null, "cycleway_width": null, "cycleway_est_width": null, "cycleway_buffered_lane": null, "lanes": null, "lanes_both_ways": null, "lanes_forward": null, "lanes_backward": null, "lit": "yes", "width": null, "est_width": null, "segregated": null, "foot": "yes", "path": null, "sidewalk": null, "sidewalk_left": null, "sidewalk_right": null, "sidewalk_both": null, "footway": null, "service": null, "surface": "asphalt", "tracktype": null, "smoothness": null, "access": null, "bus": null, "busway": null, "psv": null, "lanes_psv": null, "lanes_bus": null, "lanes_bus_conditional": null, "lanes_bus_backward": null, "lanes_bus_forward": null, "lanes_psv_backward": null, "lanes_psv_forward": null, "lanes_psv_conditional": null, "lanes_psv_conditional_backward": null, "lanes_psv_conditional_forward": null, "lanes_psv_conditional_both_ways": null, "lanes_psv_both_ways": null, "z_order": 0, "other_tags": "\"covered\"=>\"no\",\"horse\"=>\"no\",\"motor_vehicle\"=>\"no\",\"postal_code\"=>\"SW1\"", "n_bus_lanes": 0.0, "distance_to_road": 8.9, "detailed_segregation": "Footway", "cycle_pedestrian_separation": "Unknown", "width_clean": 0.0, "cycle_segregation": "Shared Footway" }, "geometry": { "type": "MultiLineString", "coordinates": [ [ [ -0.1374109, 51.5054379 ], [ -0.1374693, 51.5055128 ] ] ] } },
{ "type": "Feature", "properties": { "osm_id": "48049626", "name": null, "highway": "cycleway", "waterway": null, "aerialway": null, "barrier": null, "man_made": null, "railway": null, "ref": null, "oneway": "no", "maxspeed": null, "bicycle": "designated", "cycleway_chars": "NA|NA|NA|NA|NA|NA|NA|NA|NA|NA|NA|NA|NA|NA|NA|NA|NA|NA", "cycleway": null, "cycleway_left": null, "cycleway_right": null, "cycleway_both": null, "cycleway_left_bicycle": null, "cycleway_right_bicycle": null, "cycleway_both_bicycle": null, "cycleway_left_segregated": null, "cycleway_right_segregated": null, "cycleway_both_segregated": null, "cycleway_lane": null, "cycleway_left_lane": null, "cycleway_right_lane": null, "cycleway_both_lane": null, "cycleway_surface": null, "cycleway_width": null, "cycleway_est_width": null, "cycleway_buffered_lane": null, "lanes": null, "lanes_both_ways": null, "lanes_forward": null, "lanes_backward": null, "lit": "no", "width": null, "est_width": null, "segregated": "no", "foot": "designated", "path": null, "sidewalk": null, "sidewalk_left": null, "sidewalk_right": null, "sidewalk_both": null, "footway": null, "service": null, "surface": "asphalt", "tracktype": null, "smoothness": null, "access": null, "bus": null, "busway": null, "psv": null, "lanes_psv": null, "lanes_bus": null, "lanes_bus_conditional": null, "lanes_bus_backward": null, "lanes_bus_forward": null, "lanes_psv_backward": null, "lanes_psv_forward": null, "lanes_psv_conditional": null, "lanes_psv_conditional_backward": null, "lanes_psv_conditional_forward": null, "lanes_psv_conditional_both_ways": null, "lanes_psv_both_ways": null, "z_order": 0, "other_tags": null, "n_bus_lanes": 0.0, "distance_to_road": 17.1, "detailed_segregation": "Level track", "cycle_pedestrian_separation": "Shared Footway (not segregated)", "width_clean": 0.0, "cycle_segregation": "Shared Footway" }, "geometry": { "type": "MultiLineString", "coordinates": [ [ [ -0.1419121, 51.5023317 ], [ -0.1418619, 51.5023489 ], [ -0.1417415, 51.5024077 ], [ -0.1415814, 51.5024938 ], [ -0.1414031, 51.5025674 ], [ -0.1411713, 51.5026619 ] ] ] } },
{ "type": "Feature", "properties": { "osm_id": "48049632", "name": "The Mall", "highway": "tertiary", "waterway": null, "aerialway": null, "barrier": null, "man_made": null, "railway": null, "ref": null, "oneway": null, "maxspeed": "20 mph", "bicycle": null, "cycleway_chars": "NA|lane|no|NA|NA|NA|NA|NA|NA|NA|NA|advisory|NA|NA|NA|NA|NA|NA", "cycleway": null, "cycleway_left": "lane", "cycleway_right": "no", "cycleway_both": null, "cycleway_left_bicycle": null, "cycleway_right_bicycle": null, "cycleway_both_bicycle": null, "cycleway_left_segregated": null, "cycleway_right_segregated": null, "cycleway_both_segregated": null, "cycleway_lane": null, "cycleway_left_lane": "advisory", "cycleway_right_lane": null, "cycleway_both_lane": null, "cycleway_surface": null, "cycleway_width": null, "cycleway_est_width": null, "cycleway_buffered_lane": null, "lanes": "4", "lanes_both_ways": null, "lanes_forward": null, "lanes_backward": null, "lit": "yes", "width": null, "est_width": null, "segregated": null, "foot": null, "path": null, "sidewalk": null, "sidewalk_left": null, "sidewalk_right": null, "sidewalk_both": "separate", "footway": null, "service": null, "surface": "asphalt", "tracktype": null, "smoothness": null, "access": null, "bus": null, "busway": null, "psv": null, "lanes_psv": null, "lanes_bus": null, "lanes_bus_conditional": null, "lanes_bus_backward": null, "lanes_bus_forward": null, "lanes_psv_backward": null, "lanes_psv_forward": null, "lanes_psv_conditional": null, "lanes_psv_conditional_backward": null, "lanes_psv_conditional_forward": null, "lanes_psv_conditional_both_ways": null, "lanes_psv_both_ways": null, "z_order": 4, "other_tags": "\"name:en\"=>\"The Mall\",\"name:he\"=>\"המאל\",\"name:ja\"=>\"ザ・マル\",\"name:zh\"=>\"林荫路\",\"operator\"=>\"City of Westminster\",\"postal_code\"=>\"SW1\",\"wikidata\"=>\"Q842930\",\"wikipedia\"=>\"en:The Mall, London\"", "n_bus_lanes": 0.0, "distance_to_road": 0.0, "detailed_segregation": "Painted Cycle Lane", "cycle_pedestrian_separation": "Unknown", "width_clean": 0.0, "cycle_segregation": "Painted Cycle Lane" }, "geometry": { "type": "MultiLineString", "coordinates": [ [ [ -0.1310009, 51.5057851 ], [ -0.130808, 51.5058624 ] ] ] } },
{ "type": "Feature", "properties": { "osm_id": "53638589", "name": "Pickering Place", "highway": "footway", "waterway": null, "aerialway": null, "barrier": null, "man_made": null, "railway": null, "ref": null, "oneway": null, "maxspeed": null, "bicycle": "yes", "cycleway_chars": "NA|NA|NA|NA|NA|NA|NA|NA|NA|NA|NA|NA|NA|NA|NA|NA|NA|NA", "cycleway": null, "cycleway_left": null, "cycleway_right": null, "cycleway_both": null, "cycleway_left_bicycle": null, "cycleway_right_bicycle": null, "cycleway_both_bicycle": null, "cycleway_left_segregated": null, "cycleway_right_segregated": null, "cycleway_both_segregated": null, "cycleway_lane": null, "cycleway_left_lane": null, "cycleway_right_lane": null, "cycleway_both_lane": null, "cycleway_surface": null, "cycleway_width": null, "cycleway_est_width": null, "cycleway_buffered_lane": null, "lanes": null, "lanes_both_ways": null, "lanes_forward": null, "lanes_backward": null, "lit": null, "width": null, "est_width": null, "segregated": null, "foot": "yes", "path": null, "sidewalk": null, "sidewalk_left": null, "sidewalk_right": null, "sidewalk_both": null, "footway": null, "service": null, "surface": "paved", "tracktype": null, "smoothness": null, "access": null, "bus": null, "busway": null, "psv": null, "lanes_psv": null, "lanes_bus": null, "lanes_bus_conditional": null, "lanes_bus_backward": null, "lanes_bus_forward": null, "lanes_psv_backward": null, "lanes_psv_forward": null, "lanes_psv_conditional": null, "lanes_psv_conditional_backward": null, "lanes_psv_conditional_forward": null, "lanes_psv_conditional_both_ways": null, "lanes_psv_both_ways": null, "z_order": 0, "other_tags": "\"covered\"=>\"yes\",\"horse\"=>\"no\",\"motor_vehicle\"=>\"no\",\"tunnel\"=>\"building_passage\"", "n_bus_lanes": 0.0, "distance_to_road": 7.9, "detailed_segregation": "Footway", "cycle_pedestrian_separation": "Unknown", "width_clean": 0.0, "cycle_segregation": "Shared Footway" }, "geometry": { "type": "MultiLineString", "coordinates": [ [ [ -0.1381686, 51.5055657 ], [ -0.1379955, 51.5056264 ] ] ] } },
{ "type": "Feature", "properties": { "osm_id": "53876136", "name": "Haymarket", "highway": "primary", "waterway": null, "aerialway": null, "barrier": null, "man_made": null, "railway": null, "ref": "A4", "oneway": "yes", "maxspeed": "20 mph", "bicycle": null, "cycleway_chars": "NA|shared_lane|NA|NA|NA|NA|NA|NA|NA|NA|NA|pictogram|NA|NA|NA|NA|NA|NA", "cycleway": null, "cycleway_left": "shared_lane", "cycleway_right": null, "cycleway_both": null, "cycleway_left_bicycle": null, "cycleway_right_bicycle": null, "cycleway_both_bicycle": null, "cycleway_left_segregated": null, "cycleway_right_segregated": null, "cycleway_both_segregated": null, "cycleway_lane": null, "cycleway_left_lane": "pictogram", "cycleway_right_lane": null, "cycleway_both_lane": null, "cycleway_surface": null, "cycleway_width": null, "cycleway_est_width": null, "cycleway_buffered_lane": null, "lanes": "3", "lanes_both_ways": null, "lanes_forward": null, "lanes_backward": null, "lit": "yes", "width": null, "est_width": null, "segregated": null, "foot": null, "path": null, "sidewalk": "both", "sidewalk_left": null, "sidewalk_right": null, "sidewalk_both": null, "footway": null, "service": null, "surface": "asphalt", "tracktype": null, "smoothness": null, "access": null, "bus": null, "busway": null, "psv": null, "lanes_psv": null, "lanes_bus": null, "lanes_bus_conditional": null, "lanes_bus_backward": null, "lanes_bus_forward": null, "lanes_psv_backward": null, "lanes_psv_forward": null, "lanes_psv_conditional": null, "lanes_psv_conditional_backward": null, "lanes_psv_conditional_forward": null, "lanes_psv_conditional_both_ways": null, "lanes_psv_both_ways": null, "z_order": 7, "other_tags": "\"maxspeed:type\"=>\"GB:zone20\",\"sidewalk:both:surface\"=>\"paving_stones\"", "n_bus_lanes": 0.0, "distance_to_road": 0.0, "detailed_segregation": "Painted Cycle Lane", "cycle_pedestrian_separation": "Unknown", "width_clean": 0.0, "cycle_segregation": "Painted Cycle Lane" }, "geometry": { "type": "MultiLineString", "coordinates": [ [ [ -0.1317462, 51.5084826 ], [ -0.1313862, 51.5080763 ] ] ] } },
{ "type": "Feature", "properties": { "osm_id": "57007567", "name": "Ramillies Street", "highway": "pedestrian", "waterway": null, "aerialway": null, "barrier": null, "man_made": null, "railway": null, "ref": null, "oneway": null, "maxspeed": "20 mph", "bicycle": "designated", "cycleway_chars": "NA|NA|NA|NA|NA|NA|NA|NA|NA|NA|NA|NA|NA|NA|NA|NA|NA|NA", "cycleway": null, "cycleway_left": null, "cycleway_right": null, "cycleway_both": null, "cycleway_left_bicycle": null, "cycleway_right_bicycle": null, "cycleway_both_bicycle": null, "cycleway_left_segregated": null, "cycleway_right_segregated": null, "cycleway_both_segregated": null, "cycleway_lane": null, "cycleway_left_lane": null, "cycleway_right_lane": null, "cycleway_both_lane": null, "cycleway_surface": null, "cycleway_width": null, "cycleway_est_width": null, "cycleway_buffered_lane": null, "lanes": null, "lanes_both_ways": null, "lanes_forward": null, "lanes_backward": null, "lit": "yes", "width": null, "est_width": null, "segregated": null, "foot": null, "path": null, "sidewalk": "both", "sidewalk_left": null, "sidewalk_right": null, "sidewalk_both": null, "footway": null, "service": null, "surface": "asphalt", "tracktype": null, "smoothness": null, "access": null, "bus": null, "busway": null, "psv": null, "lanes_psv": null, "lanes_bus": null, "lanes_bus_conditional": null, "lanes_bus_backward": null, "lanes_bus_forward": null, "lanes_psv_backward": null, "lanes_psv_forward": null, "lanes_psv_conditional": null, "lanes_psv_conditional_backward": null, "lanes_psv_conditional_forward": null, "lanes_psv_conditional_both_ways": null, "lanes_psv_both_ways": null, "z_order": 0, "other_tags": "\"disabled\"=>\"yes\",\"maxspeed:type\"=>\"GB:zone20\",\"motor_vehicle\"=>\"destination\"", "n_bus_lanes": 0.0, "distance_to_road": 6.1, "detailed_segregation": "Mixed Traffic Street", "cycle_pedestrian_separation": "Shared Footway (not segregated)", "width_clean": 0.0, "cycle_segregation": "Shared Footway" }, "geometry": { "type": "MultiLineString", "coordinates": [ [ [ -0.13872069724865, 51.514691189654286 ], [ -0.1385991, 51.5145196 ], [ -0.1385889, 51.5145054 ], [ -0.1385631, 51.5144698 ] ] ] } },
{ "type": "Feature", "properties": { "osm_id": "68880084", "name": "Glasshouse Street", "highway": "pedestrian", "waterway": null, "aerialway": null, "barrier": null, "man_made": null, "railway": null, "ref": null, "oneway": "yes", "maxspeed": null, "bicycle": "designated", "cycleway_chars": "NA|NA|lane|NA|NA|NA|NA|NA|NA|NA|NA|NA|NA|NA|NA|NA|NA|NA", "cycleway": null, "cycleway_left": null, "cycleway_right": "lane", "cycleway_both": null, "cycleway_left_bicycle": null, "cycleway_right_bicycle": null, "cycleway_both_bicycle": null, "cycleway_left_segregated": null, "cycleway_right_segregated": null, "cycleway_both_segregated": null, "cycleway_lane": null, "cycleway_left_lane": null, "cycleway_right_lane": null, "cycleway_both_lane": null, "cycleway_surface": null, "cycleway_width": null, "cycleway_est_width": null, "cycleway_buffered_lane": null, "lanes": null, "lanes_both_ways": null, "lanes_forward": null, "lanes_backward": null, "lit": "yes", "width": null, "est_width": null, "segregated": null, "foot": "yes", "path": null, "sidewalk": null, "sidewalk_left": null, "sidewalk_right": null, "sidewalk_both": null, "footway": null, "service": null, "surface": "paving_stones", "tracktype": null, "smoothness": null, "access": "destination", "bus": null, "busway": null, "psv": null, "lanes_psv": null, "lanes_bus": null, "lanes_bus_conditional": null, "lanes_bus_backward": null, "lanes_bus_forward": null, "lanes_psv_backward": null, "lanes_psv_forward": null, "lanes_psv_conditional": null, "lanes_psv_conditional_backward": null, "lanes_psv_conditional_forward": null, "lanes_psv_conditional_both_ways": null, "lanes_psv_both_ways": null, "z_order": 0, "other_tags": "\"cycleway:right:oneway\"=>\"-1\",\"oneway:bicycle\"=>\"no\",\"vehicle\"=>\"destination\"", "n_bus_lanes": 0.0, "distance_to_road": 3.3, "detailed_segregation": "Painted Cycle Lane", "cycle_pedestrian_separation": "Shared Footway (not segregated)", "width_clean": 0.0, "cycle_segregation": "Shared Footway" }, "geometry": { "type": "MultiLineString", "coordinates": [ [ [ -0.1373304, 51.5105134 ], [ -0.1372054, 51.5104992 ] ] ] } },
{ "type": "Feature", "properties": { "osm_id": "70854120", "name": "Clarges Mews", "highway": "footway", "waterway": null, "aerialway": null, "barrier": null, "man_made": null, "railway": null, "ref": null, "oneway": null, "maxspeed": null, "bicycle": "yes", "cycleway_chars": "NA|NA|NA|NA|NA|NA|NA|NA|NA|NA|NA|NA|NA|NA|NA|NA|NA|NA", "cycleway": null, "cycleway_left": null, "cycleway_right": null, "cycleway_both": null, "cycleway_left_bicycle": null, "cycleway_right_bicycle": null, "cycleway_both_bicycle": null, "cycleway_left_segregated": null, "cycleway_right_segregated": null, "cycleway_both_segregated": null, "cycleway_lane": null, "cycleway_left_lane": null, "cycleway_right_lane": null, "cycleway_both_lane": null, "cycleway_surface": null, "cycleway_width": null, "cycleway_est_width": null, "cycleway_buffered_lane": null, "lanes": null, "lanes_both_ways": null, "lanes_forward": null, "lanes_backward": null, "lit": "yes", "width": null, "est_width": null, "segregated": null, "foot": null, "path": null, "sidewalk": null, "sidewalk_left": null, "sidewalk_right": null, "sidewalk_both": null, "footway": null, "service": null, "surface": null, "tracktype": null, "smoothness": null, "access": null, "bus": null, "busway": null, "psv": null, "lanes_psv": null, "lanes_bus": null, "lanes_bus_conditional": null, "lanes_bus_backward": null, "lanes_bus_forward": null, "lanes_psv_backward": null, "lanes_psv_forward": null, "lanes_psv_conditional": null, "lanes_psv_conditional_backward": null, "lanes_psv_conditional_forward": null, "lanes_psv_conditional_both_ways": null, "lanes_psv_both_ways": null, "z_order": 0, "other_tags": null, "n_bus_lanes": 0.0, "distance_to_road": 0.0, "detailed_segregation": "Footway", "cycle_pedestrian_separation": "Unknown", "width_clean": 0.0, "cycle_segregation": "Shared Footway" }, "geometry": { "type": "MultiLineString", "coordinates": [ [ [ -0.1472373, 51.5074497 ], [ -0.1471482, 51.5074677 ] ] ] } },
{ "type": "Feature", "properties": { "osm_id": "71797022", "name": null, "highway": "footway", "waterway": null, "aerialway": null, "barrier": null, "man_made": null, "railway": null, "ref": null, "oneway": null, "maxspeed": null, "bicycle": "yes", "cycleway_chars": "NA|NA|NA|NA|NA|NA|NA|NA|NA|NA|NA|NA|NA|NA|NA|NA|NA|NA", "cycleway": null, "cycleway_left": null, "cycleway_right": null, "cycleway_both": null, "cycleway_left_bicycle": null, "cycleway_right_bicycle": null, "cycleway_both_bicycle": null, "cycleway_left_segregated": null, "cycleway_right_segregated": null, "cycleway_both_segregated": null, "cycleway_lane": null, "cycleway_left_lane": null, "cycleway_right_lane": null, "cycleway_both_lane": null, "cycleway_surface": null, "cycleway_width": null, "cycleway_est_width": null, "cycleway_buffered_lane": null, "lanes": null, "lanes_both_ways": null, "lanes_forward": null, "lanes_backward": null, "lit": "yes", "width": null, "est_width": null, "segregated": "no", "foot": null, "path": null, "sidewalk": null, "sidewalk_left": null, "sidewalk_right": null, "sidewalk_both": null, "footway": null, "service": null, "surface": "asphalt", "tracktype": null, "smoothness": null, "access": null, "bus": null, "busway": null, "psv": null, "lanes_psv": null, "lanes_bus": null, "lanes_bus_conditional": null, "lanes_bus_backward": null, "lanes_bus_forward": null, "lanes_psv_backward": null, "lanes_psv_forward": null, "lanes_psv_conditional": null, "lanes_psv_conditional_backward": null, "lanes_psv_conditional_forward": null, "lanes_psv_conditional_both_ways": null, "lanes_psv_both_ways": null, "z_order": 0, "other_tags": null, "n_bus_lanes": 0.0, "distance_to_road": 2.6, "detailed_segregation": "Footway", "cycle_pedestrian_separation": "Unknown", "width_clean": 0.0, "cycle_segregation": "Shared Footway" }, "geometry": { "type": "MultiLineString", "coordinates": [ [ [ -0.1394848, 51.5024233 ], [ -0.1394956, 51.5024312 ], [ -0.1395245, 51.5024555 ], [ -0.1395513, 51.5024721 ], [ -0.1395773, 51.5024914 ] ] ] } },
{ "type": "Feature", "properties": { "osm_id": "72140279", "name": "Strand", "highway": "primary", "waterway": null, "aerialway": null, "barrier": null, "man_made": null, "railway": null, "ref": "A4", "oneway": "yes", "maxspeed": "20 mph", "bicycle": null, "cycleway_chars": "NA|share_busway|NA|NA|NA|NA|NA|NA|NA|NA|NA|NA|NA|NA|NA|NA|NA|NA", "cycleway": null, "cycleway_left": "share_busway", "cycleway_right": null, "cycleway_both": null, "cycleway_left_bicycle": null, "cycleway_right_bicycle": null, "cycleway_both_bicycle": null, "cycleway_left_segregated": null, "cycleway_right_segregated": null, "cycleway_both_segregated": null, "cycleway_lane": null, "cycleway_left_lane": null, "cycleway_right_lane": null, "cycleway_both_lane": null, "cycleway_surface": null, "cycleway_width": null, "cycleway_est_width": null, "cycleway_buffered_lane": null, "lanes": "2", "lanes_both_ways": null, "lanes_forward": null, "lanes_backward": null, "lit": "yes", "width": null, "est_width": null, "segregated": null, "foot": null, "path": null, "sidewalk": null, "sidewalk_left": "separate", "sidewalk_right": "no", "sidewalk_both": null, "footway": null, "service": null, "surface": "asphalt", "tracktype": null, "smoothness": null, "access": null, "bus": null, "busway": "lane", "psv": null, "lanes_psv": null, "lanes_bus": null, "lanes_bus_conditional": null, "lanes_bus_backward": null, "lanes_bus_forward": null, "lanes_psv_backward": null, "lanes_psv_forward": null, "lanes_psv_conditional": null, "lanes_psv_conditional_backward": null, "lanes_psv_conditional_forward": null, "lanes_psv_conditional_both_ways": null, "lanes_psv_both_ways": null, "z_order": 7, "other_tags": "\"alt_name\"=>\"The Strand\",\"postal_code\"=>\"WC2\"", "n_bus_lanes": 1.0, "distance_to_road": 0.0, "detailed_segregation": "Painted Cycle Lane", "cycle_pedestrian_separation": "Unknown", "width_clean": 0.0, "cycle_segregation": "Painted Cycle Lane" }, "geometry": { "type": "MultiLineString", "coordinates": [ [ [ -0.12335811784985, 51.509637927571454 ], [ -0.1239796, 51.5093363 ], [ -0.1240446, 51.5093037 ], [ -0.1244673, 51.5090744 ], [ -0.1250085, 51.5088038 ], [ -0.1250354, 51.5087885 ], [ -0.1251919, 51.5086984 ], [ -0.1252792, 51.5086482 ] ] ] } },
{ "type": "Feature", "properties": { "osm_id": "95094733", "name": "Shaftesbury Avenue", "highway": "primary", "waterway": null, "aerialway": null, "barrier": null, "man_made": null, "railway": null, "ref": "A401", "oneway": null, "maxspeed": "20 mph", "bicycle": null, "cycleway_chars": "NA|lane|no|NA|NA|NA|NA|NA|NA|NA|NA|exclusive|NA|NA|NA|NA|NA|NA", "cycleway": null, "cycleway_left": "lane", "cycleway_right": "no", "cycleway_both": null, "cycleway_left_bicycle": null, "cycleway_right_bicycle": null, "cycleway_both_bicycle": null, "cycleway_left_segregated": null, "cycleway_right_segregated": null, "cycleway_both_segregated": null, "cycleway_lane": null, "cycleway_left_lane": "exclusive", "cycleway_right_lane": null, "cycleway_both_lane": null, "cycleway_surface": null, "cycleway_width": null, "cycleway_est_width": null, "cycleway_buffered_lane": null, "lanes": "3", "lanes_both_ways": null, "lanes_forward": "1", "lanes_backward": "2", "lit": "yes", "width": null, "est_width": null, "segregated": null, "foot": null, "path": null, "sidewalk": "both", "sidewalk_left": null, "sidewalk_right": null, "sidewalk_both": null, "footway": null, "service": null, "surface": "asphalt", "tracktype": null, "smoothness": null, "access": null, "bus": null, "busway": null, "psv": null, "lanes_psv": null, "lanes_bus": null, "lanes_bus_conditional": null, "lanes_bus_backward": null, "lanes_bus_forward": null, "lanes_psv_backward": null, "lanes_psv_forward": null, "lanes_psv_conditional": null, "lanes_psv_conditional_backward": null, "lanes_psv_conditional_forward": null, "lanes_psv_conditional_both_ways": null, "lanes_psv_both_ways": null, "z_order": 7, "other_tags": "\"maxspeed:type\"=>\"GB:zone20\",\"postal_code\"=>\"WC2\",\"ref:GB:usrn\"=>\"8401722\",\"wikidata\"=>\"Q1631720\"", "n_bus_lanes": 0.0, "distance_to_road": 0.0, "detailed_segregation": "Painted Cycle Lane", "cycle_pedestrian_separation": "Unknown", "width_clean": 0.0, "cycle_segregation": "Painted Cycle Lane" }, "geometry": { "type": "MultiLineString", "coordinates": [ [ [ -0.1291225, 51.5132543 ], [ -0.1290082, 51.5133436 ], [ -0.1289736, 51.5133688 ], [ -0.1289314, 51.5133994 ], [ -0.1289239, 51.513407 ] ] ] } },
{ "type": "Feature", "properties": { "osm_id": "98477121", "name": "Northumberland Avenue", "highway": "cycleway", "waterway": null, "aerialway": null, "barrier": null, "man_made": null, "railway": null, "ref": "A400", "oneway": "yes", "maxspeed": null, "bicycle": null, "cycleway_chars": "crossing|NA|NA|NA|NA|NA|NA|NA|NA|NA|NA|NA|NA|NA|NA|NA|NA|NA", "cycleway": "crossing", "cycleway_left": null, "cycleway_right": null, "cycleway_both": null, "cycleway_left_bicycle": null, "cycleway_right_bicycle": null, "cycleway_both_bicycle": null, "cycleway_left_segregated": null, "cycleway_right_segregated": null, "cycleway_both_segregated": null, "cycleway_lane": null, "cycleway_left_lane": null, "cycleway_right_lane": null, "cycleway_both_lane": null, "cycleway_surface": null, "cycleway_width": null, "cycleway_est_width": null, "cycleway_buffered_lane": null, "lanes": null, "lanes_both_ways": null, "lanes_forward": null, "lanes_backward": null, "lit": "yes", "width": null, "est_width": null, "segregated": null, "foot": "no", "path": null, "sidewalk": null, "sidewalk_left": null, "sidewalk_right": null, "sidewalk_both": null, "footway": null, "service": null, "surface": "asphalt", "tracktype": null, "smoothness": null, "access": null, "bus": null, "busway": null, "psv": null, "lanes_psv": null, "lanes_bus": null, "lanes_bus_conditional": null, "lanes_bus_backward": null, "lanes_bus_forward": null, "lanes_psv_backward": null, "lanes_psv_forward": null, "lanes_psv_conditional": null, "lanes_psv_conditional_backward": null, "lanes_psv_conditional_forward": null, "lanes_psv_conditional_both_ways": null, "lanes_psv_both_ways": null, "z_order": 0, "other_tags": "\"crossing\"=>\"unmarked\",\"postal_code\"=>\"WC2\"", "n_bus_lanes": 0.0, "distance_to_road": 5.0, "detailed_segregation": "Level track", "cycle_pedestrian_separation": "Unknown", "width_clean": 0.0, "cycle_segregation": "Segregated Track (narrow)" }, "geometry": { "type": "MultiLineString", "coordinates": [ [ [ -0.1223553, 51.5064405 ], [ -0.1224183, 51.506463 ] ] ] } },
{ "type": "Feature", "properties": { "osm_id": "153342402", "name": "St. Margaret Street", "highway": "primary", "waterway": null, "aerialway": null, "barrier": null, "man_made": null, "railway": null, "ref": "A3212", "oneway": null, "maxspeed": "20 mph", "bicycle": null, "cycleway_chars": "NA|NA|lane|NA|NA|NA|NA|NA|NA|NA|NA|NA|NA|NA|NA|NA|NA|NA", "cycleway": null, "cycleway_left": null, "cycleway_right": "lane", "cycleway_both": null, "cycleway_left_bicycle": null, "cycleway_right_bicycle": null, "cycleway_both_bicycle": null, "cycleway_left_segregated": null, "cycleway_right_segregated": null, "cycleway_both_segregated": null, "cycleway_lane": null, "cycleway_left_lane": null, "cycleway_right_lane": null, "cycleway_both_lane": null, "cycleway_surface": null, "cycleway_width": null, "cycleway_est_width": null, "cycleway_buffered_lane": null, "lanes": "2", "lanes_both_ways": null, "lanes_forward": null, "lanes_backward": null, "lit": "yes", "width": null, "est_width": null, "segregated": null, "foot": null, "path": null, "sidewalk": null, "sidewalk_left": null, "sidewalk_right": null, "sidewalk_both": "separate", "footway": null, "service": null, "surface": "asphalt", "tracktype": null, "smoothness": null, "access": null, "bus": null, "busway": null, "psv": null, "lanes_psv": null, "lanes_bus": null, "lanes_bus_conditional": null, "lanes_bus_backward": null, "lanes_bus_forward": null, "lanes_psv_backward": null, "lanes_psv_forward": null, "lanes_psv_conditional": null, "lanes_psv_conditional_backward": null, "lanes_psv_conditional_forward": null, "lanes_psv_conditional_both_ways": null, "lanes_psv_both_ways": null, "z_order": 7, "other_tags": "\"maxspeed:type\"=>\"GB:zone20\",\"source:maxspeed\"=>\"survey\"", "n_bus_lanes": 0.0, "distance_to_road": 0.0, "detailed_segregation": "Painted Cycle Lane", "cycle_pedestrian_separation": "Unknown", "width_clean": 0.0, "cycle_segregation": "Painted Cycle Lane" }, "geometry": { "type": "MultiLineString", "coordinates": [ [ [ -0.1261668, 51.4995341 ], [ -0.126155827907088, 51.499497746112752 ] ] ] } },
{ "type": "Feature", "properties": { "osm_id": "158496608", "name": "Clarges Mews", "highway": "footway", "waterway": null, "aerialway": null, "barrier": null, "man_made": null, "railway": null, "ref": null, "oneway": null, "maxspeed": null, "bicycle": "yes", "cycleway_chars": "NA|NA|NA|NA|NA|NA|NA|NA|NA|NA|NA|NA|NA|NA|NA|NA|NA|NA", "cycleway": null, "cycleway_left": null, "cycleway_right": null, "cycleway_both": null, "cycleway_left_bicycle": null, "cycleway_right_bicycle": null, "cycleway_both_bicycle": null, "cycleway_left_segregated": null, "cycleway_right_segregated": null, "cycleway_both_segregated": null, "cycleway_lane": null, "cycleway_left_lane": null, "cycleway_right_lane": null, "cycleway_both_lane": null, "cycleway_surface": null, "cycleway_width": null, "cycleway_est_width": null, "cycleway_buffered_lane": null, "lanes": null, "lanes_both_ways": null, "lanes_forward": null, "lanes_backward": null, "lit": "yes", "width": null, "est_width": null, "segregated": null, "foot": null, "path": null, "sidewalk": null, "sidewalk_left": null, "sidewalk_right": null, "sidewalk_both": null, "footway": null, "service": null, "surface": null, "tracktype": null, "smoothness": null, "access": null, "bus": null, "busway": null, "psv": null, "lanes_psv": null, "lanes_bus": null, "lanes_bus_conditional": null, "lanes_bus_backward": null, "lanes_bus_forward": null, "lanes_psv_backward": null, "lanes_psv_forward": null, "lanes_psv_conditional": null, "lanes_psv_conditional_backward": null, "lanes_psv_conditional_forward": null, "lanes_psv_conditional_both_ways": null, "lanes_psv_both_ways": null, "z_order": 0, "other_tags": "\"tunnel\"=>\"building_passage\"", "n_bus_lanes": 0.0, "distance_to_road": 6.5, "detailed_segregation": "Footway", "cycle_pedestrian_separation": "Unknown", "width_clean": 0.0, "cycle_segregation": "Shared Footway" }, "geometry": { "type": "MultiLineString", "coordinates": [ [ [ -0.1471482, 51.5074677 ], [ -0.1470306, 51.5074939 ] ] ] } },
{ "type": "Feature", "properties": { "osm_id": "158496612", "name": "Clarges Mews", "highway": "footway", "waterway": null, "aerialway": null, "barrier": null, "man_made": null, "railway": null, "ref": null, "oneway": null, "maxspeed": null, "bicycle": "yes", "cycleway_chars": "NA|NA|NA|NA|NA|NA|NA|NA|NA|NA|NA|NA|NA|NA|NA|NA|NA|NA", "cycleway": null, "cycleway_left": null, "cycleway_right": null, "cycleway_both": null, "cycleway_left_bicycle": null, "cycleway_right_bicycle": null, "cycleway_both_bicycle": null, "cycleway_left_segregated": null, "cycleway_right_segregated": null, "cycleway_both_segregated": null, "cycleway_lane": null, "cycleway_left_lane": null, "cycleway_right_lane": null, "cycleway_both_lane": null, "cycleway_surface": null, "cycleway_width": null, "cycleway_est_width": null, "cycleway_buffered_lane": null, "lanes": null, "lanes_both_ways": null, "lanes_forward": null, "lanes_backward": null, "lit": "yes", "width": null, "est_width": null, "segregated": null, "foot": null, "path": null, "sidewalk": null, "sidewalk_left": null, "sidewalk_right": null, "sidewalk_both": null, "footway": null, "service": null, "surface": null, "tracktype": null, "smoothness": null, "access": null, "bus": null, "busway": null, "psv": null, "lanes_psv": null, "lanes_bus": null, "lanes_bus_conditional": null, "lanes_bus_backward": null, "lanes_bus_forward": null, "lanes_psv_backward": null, "lanes_psv_forward": null, "lanes_psv_conditional": null, "lanes_psv_conditional_backward": null, "lanes_psv_conditional_forward": null, "lanes_psv_conditional_both_ways": null, "lanes_psv_both_ways": null, "z_order": 0, "other_tags": null, "n_bus_lanes": 0.0, "distance_to_road": 3.8, "detailed_segregation": "Footway", "cycle_pedestrian_separation": "Unknown", "width_clean": 0.0, "cycle_segregation": "Shared Footway" }, "geometry": { "type": "MultiLineString", "coordinates": [ [ [ -0.1470306, 51.5074939 ], [ -0.1468682, 51.507522 ], [ -0.1468146, 51.5075143 ] ] ] } },
{ "type": "Feature", "properties": { "osm_id": "195542578", "name": "Parliament Square", "highway": "primary", "waterway": null, "aerialway": null, "barrier": null, "man_made": null, "railway": null, "ref": "A302", "oneway": "yes", "maxspeed": "20 mph", "bicycle": null, "cycleway_chars": "NA|no|lane|NA|NA|NA|NA|NA|NA|NA|NA|NA|exclusive|NA|NA|NA|NA|NA", "cycleway": null, "cycleway_left": "no", "cycleway_right": "lane", "cycleway_both": null, "cycleway_left_bicycle": null, "cycleway_right_bicycle": null, "cycleway_both_bicycle": null, "cycleway_left_segregated": null, "cycleway_right_segregated": null, "cycleway_both_segregated": null, "cycleway_lane": null, "cycleway_left_lane": null, "cycleway_right_lane": "exclusive", "cycleway_both_lane": null, "cycleway_surface": null, "cycleway_width": null, "cycleway_est_width": null, "cycleway_buffered_lane": null, "lanes": "3", "lanes_both_ways": null, "lanes_forward": null, "lanes_backward": null, "lit": "yes", "width": null, "est_width": null, "segregated": null, "foot": null, "path": null, "sidewalk": null, "sidewalk_left": "separate", "sidewalk_right": "no", "sidewalk_both": null, "footway": null, "service": null, "surface": "asphalt", "tracktype": null, "smoothness": null, "access": null, "bus": null, "busway": null, "psv": null, "lanes_psv": null, "lanes_bus": null, "lanes_bus_conditional": null, "lanes_bus_backward": null, "lanes_bus_forward": null, "lanes_psv_backward": null, "lanes_psv_forward": null, "lanes_psv_conditional": null, "lanes_psv_conditional_backward": null, "lanes_psv_conditional_forward": null, "lanes_psv_conditional_both_ways": null, "lanes_psv_both_ways": null, "z_order": 7, "other_tags": "\"junction\"=>\"circular\",\"maxspeed:type\"=>\"GB:zone20\",\"name:be\"=>\"Парламентская пл.\",\"name:en\"=>\"Parliament Square\",\"name:etymology:wikidata\"=>\"Q1368556\",\"name:ru\"=>\"Парламентская пл.\",\"operator\"=>\"City of Westminster\",\"operator:wikidata\"=>\"Q7989145\",\"ref:GB:usrn\"=>\"8400751;8400202\",\"source:maxspeed\"=>\"survey\",\"turn:lanes\"=>\"left|right|right\",\"wikidata\"=>\"Q1368556\"", "n_bus_lanes": 0.0, "distance_to_road": 0.0, "detailed_segregation": "Painted Cycle Lane", "cycle_pedestrian_separation": "Unknown", "width_clean": 0.0, "cycle_segregation": "Painted Cycle Lane" }, "geometry": { "type": "MultiLineString", "coordinates": [ [ [ -0.1275289, 51.5003775 ], [ -0.1275326, 51.5004476 ], [ -0.1275191, 51.5006829 ], [ -0.1275028, 51.5008424 ] ] ] } },
{ "type": "Feature", "properties": { "osm_id": "195542580", "name": "Parliament Square", "highway": "primary", "waterway": null, "aerialway": null, "barrier": null, "man_made": null, "railway": null, "ref": "A302", "oneway": "yes", "maxspeed": "20 mph", "bicycle": null, "cycleway_chars": "NA|no|lane|NA|NA|NA|NA|NA|NA|NA|NA|NA|exclusive|NA|NA|NA|NA|NA", "cycleway": null, "cycleway_left": "no", "cycleway_right": "lane", "cycleway_both": null, "cycleway_left_bicycle": null, "cycleway_right_bicycle": null, "cycleway_both_bicycle": null, "cycleway_left_segregated": null, "cycleway_right_segregated": null, "cycleway_both_segregated": null, "cycleway_lane": null, "cycleway_left_lane": null, "cycleway_right_lane": "exclusive", "cycleway_both_lane": null, "cycleway_surface": null, "cycleway_width": null, "cycleway_est_width": null, "cycleway_buffered_lane": null, "lanes": "3", "lanes_both_ways": null, "lanes_forward": null, "lanes_backward": null, "lit": "yes", "width": null, "est_width": null, "segregated": null, "foot": null, "path": null, "sidewalk": null, "sidewalk_left": null, "sidewalk_right": null, "sidewalk_both": "separate", "footway": null, "service": null, "surface": "asphalt", "tracktype": null, "smoothness": null, "access": null, "bus": null, "busway": null, "psv": null, "lanes_psv": null, "lanes_bus": null, "lanes_bus_conditional": null, "lanes_bus_backward": null, "lanes_bus_forward": null, "lanes_psv_backward": null, "lanes_psv_forward": null, "lanes_psv_conditional": null, "lanes_psv_conditional_backward": null, "lanes_psv_conditional_forward": null, "lanes_psv_conditional_both_ways": null, "lanes_psv_both_ways": null, "z_order": 7, "other_tags": "\"junction\"=>\"circular\",\"maxspeed:type\"=>\"GB:zone20\",\"name:be\"=>\"Парламентская пл.\",\"name:en\"=>\"Parliament Square\",\"name:etymology:wikidata\"=>\"Q1368556\",\"name:ru\"=>\"Парламентская пл.\",\"operator\"=>\"City of Westminster\",\"operator:wikidata\"=>\"Q7989145\",\"ref:GB:usrn\"=>\"8400751;8400202\",\"source:maxspeed\"=>\"survey\",\"wikidata\"=>\"Q1368556\"", "n_bus_lanes": 0.0, "distance_to_road": 0.0, "detailed_segregation": "Painted Cycle Lane", "cycle_pedestrian_separation": "Unknown", "width_clean": 0.0, "cycle_segregation": "Painted Cycle Lane" }, "geometry": { "type": "MultiLineString", "coordinates": [ [ [ -0.1264199, 51.5002119 ], [ -0.1268156, 51.5002252 ], [ -0.1269288, 51.5002281 ] ] ] } },
{ "type": "Feature", "properties": { "osm_id": "198952061", "name": null, "highway": "cycleway", "waterway": null, "aerialway": null, "barrier": null, "man_made": null, "railway": null, "ref": null, "oneway": null, "maxspeed": null, "bicycle": null, "cycleway_chars": "sidewalk|NA|NA|NA|NA|NA|NA|NA|NA|NA|NA|NA|NA|NA|NA|NA|NA|NA", "cycleway": "sidewalk", "cycleway_left": null, "cycleway_right": null, "cycleway_both": null, "cycleway_left_bicycle": null, "cycleway_right_bicycle": null, "cycleway_both_bicycle": null, "cycleway_left_segregated": null, "cycleway_right_segregated": null, "cycleway_both_segregated": null, "cycleway_lane": null, "cycleway_left_lane": null, "cycleway_right_lane": null, "cycleway_both_lane": null, "cycleway_surface": null, "cycleway_width": null, "cycleway_est_width": null, "cycleway_buffered_lane": null, "lanes": null, "lanes_both_ways": null, "lanes_forward": null, "lanes_backward": null, "lit": "yes", "width": null, "est_width": null, "segregated": "no", "foot": "yes", "path": null, "sidewalk": null, "sidewalk_left": null, "sidewalk_right": null, "sidewalk_both": null, "footway": null, "service": null, "surface": "paving_stones", "tracktype": null, "smoothness": null, "access": null, "bus": null, "busway": null, "psv": null, "lanes_psv": null, "lanes_bus": null, "lanes_bus_conditional": null, "lanes_bus_backward": null, "lanes_bus_forward": null, "lanes_psv_backward": null, "lanes_psv_forward": null, "lanes_psv_conditional": null, "lanes_psv_conditional_backward": null, "lanes_psv_conditional_forward": null, "lanes_psv_conditional_both_ways": null, "lanes_psv_both_ways": null, "z_order": 0, "other_tags": null, "n_bus_lanes": 0.0, "distance_to_road": 4.5, "detailed_segregation": "Level track", "cycle_pedestrian_separation": "Unknown", "width_clean": 0.0, "cycle_segregation": "Segregated Track (narrow)" }, "geometry": { "type": "MultiLineString", "coordinates": [ [ [ -0.1496926, 51.5023982 ], [ -0.149700548590797, 51.502387923034121 ] ] ] } },
{ "type": "Feature", "properties": { "osm_id": "200596450", "name": "Strand", "highway": "primary", "waterway": null, "aerialway": null, "barrier": null, "man_made": null, "railway": null, "ref": "A4", "oneway": "yes", "maxspeed": "20 mph", "bicycle": null, "cycleway_chars": "NA|share_busway|NA|NA|NA|NA|NA|NA|NA|NA|NA|NA|NA|NA|NA|NA|NA|NA", "cycleway": null, "cycleway_left": "share_busway", "cycleway_right": null, "cycleway_both": null, "cycleway_left_bicycle": null, "cycleway_right_bicycle": null, "cycleway_both_bicycle": null, "cycleway_left_segregated": null, "cycleway_right_segregated": null, "cycleway_both_segregated": null, "cycleway_lane": null, "cycleway_left_lane": null, "cycleway_right_lane": null, "cycleway_both_lane": null, "cycleway_surface": null, "cycleway_width": null, "cycleway_est_width": null, "cycleway_buffered_lane": null, "lanes": "2", "lanes_both_ways": null, "lanes_forward": null, "lanes_backward": null, "lit": "yes", "width": null, "est_width": null, "segregated": null, "foot": null, "path": null, "sidewalk": "left", "sidewalk_left": null, "sidewalk_right": null, "sidewalk_both": null, "footway": null, "service": null, "surface": "asphalt", "tracktype": null, "smoothness": null, "access": null, "bus": null, "busway": "lane", "psv": null, "lanes_psv": null, "lanes_bus": null, "lanes_bus_conditional": null, "lanes_bus_backward": null, "lanes_bus_forward": null, "lanes_psv_backward": null, "lanes_psv_forward": null, "lanes_psv_conditional": null, "lanes_psv_conditional_backward": null, "lanes_psv_conditional_forward": null, "lanes_psv_conditional_both_ways": null, "lanes_psv_both_ways": null, "z_order": 7, "other_tags": "\"alt_name\"=>\"The Strand\",\"postal_code\"=>\"WC2\"", "n_bus_lanes": 1.0, "distance_to_road": 0.0, "detailed_segregation": "Painted Cycle Lane", "cycle_pedestrian_separation": "Unknown", "width_clean": 0.0, "cycle_segregation": "Painted Cycle Lane" }, "geometry": { "type": "MultiLineString", "coordinates": [ [ [ -0.1246758, 51.5090425 ], [ -0.1241422, 51.5093037 ], [ -0.1240796, 51.5093344 ], [ -0.1239434, 51.509403 ], [ -0.123392546808175, 51.509682488935084 ] ] ] } },
{ "type": "Feature", "properties": { "osm_id": "211487026", "name": "Shaftesbury Avenue", "highway": "primary", "waterway": null, "aerialway": null, "barrier": null, "man_made": null, "railway": null, "ref": "A401", "oneway": null, "maxspeed": "20 mph", "bicycle": null, "cycleway_chars": "NA|NA|share_busway|NA|NA|NA|NA|NA|NA|NA|NA|NA|NA|NA|NA|NA|NA|NA", "cycleway": null, "cycleway_left": null, "cycleway_right": "share_busway", "cycleway_both": null, "cycleway_left_bicycle": null, "cycleway_right_bicycle": null, "cycleway_both_bicycle": null, "cycleway_left_segregated": null, "cycleway_right_segregated": null, "cycleway_both_segregated": null, "cycleway_lane": null, "cycleway_left_lane": null, "cycleway_right_lane": null, "cycleway_both_lane": null, "cycleway_surface": null, "cycleway_width": null, "cycleway_est_width": null, "cycleway_buffered_lane": null, "lanes": null, "lanes_both_ways": null, "lanes_forward": null, "lanes_backward": null, "lit": "yes", "width": null, "est_width": null, "segregated": null, "foot": null, "path": null, "sidewalk": "both", "sidewalk_left": null, "sidewalk_right": null, "sidewalk_both": null, "footway": null, "service": null, "surface": "asphalt", "tracktype": null, "smoothness": "good", "access": null, "bus": null, "busway": null, "psv": null, "lanes_psv": null, "lanes_bus": null, "lanes_bus_conditional": null, "lanes_bus_backward": null, "lanes_bus_forward": null, "lanes_psv_backward": null, "lanes_psv_forward": null, "lanes_psv_conditional": null, "lanes_psv_conditional_backward": null, "lanes_psv_conditional_forward": null, "lanes_psv_conditional_both_ways": null, "lanes_psv_both_ways": null, "z_order": 7, "other_tags": "\"busway:right\"=>\"lane\",\"busway:right:oneway\"=>\"-1\",\"cycleway:right:oneway\"=>\"-1\",\"motor_vehicle:backward\"=>\"no\",\"oneway:bicycle\"=>\"no\",\"oneway:bus\"=>\"no\",\"parking:both\"=>\"no\",\"postal_code\"=>\"W1\",\"ref:GB:usrn\"=>\"8400552;8401722\",\"sidewalk:both:surface\"=>\"paving_stones\",\"wikidata\"=>\"Q1631720\",\"wikipedia\"=>\"en:Shaftesbury Avenue\"", "n_bus_lanes": 0.0, "distance_to_road": 0.0, "detailed_segregation": "Painted Cycle Lane", "cycle_pedestrian_separation": "Unknown", "width_clean": 0.0, "cycle_segregation": "Painted Cycle Lane" }, "geometry": { "type": "MultiLineString", "coordinates": [ [ [ -0.1342688, 51.5102971 ], [ -0.1341711, 51.5104152 ], [ -0.1340296, 51.5105865 ], [ -0.1339885, 51.5106366 ], [ -0.1339402, 51.5106947 ] ] ] } },
{ "type": "Feature", "properties": { "osm_id": "211557607", "name": "Piccadilly", "highway": "primary", "waterway": null, "aerialway": null, "barrier": null, "man_made": null, "railway": null, "ref": "A4", "oneway": "yes", "maxspeed": "20 mph", "bicycle": null, "cycleway_chars": "NA|share_busway|NA|NA|NA|NA|NA|NA|NA|NA|NA|NA|NA|NA|NA|NA|NA|NA", "cycleway": null, "cycleway_left": "share_busway", "cycleway_right": null, "cycleway_both": null, "cycleway_left_bicycle": null, "cycleway_right_bicycle": null, "cycleway_both_bicycle": null, "cycleway_left_segregated": null, "cycleway_right_segregated": null, "cycleway_both_segregated": null, "cycleway_lane": null, "cycleway_left_lane": null, "cycleway_right_lane": null, "cycleway_both_lane": null, "cycleway_surface": null, "cycleway_width": null, "cycleway_est_width": null, "cycleway_buffered_lane": null, "lanes": "2", "lanes_both_ways": null, "lanes_forward": null, "lanes_backward": null, "lit": "yes", "width": null, "est_width": null, "segregated": null, "foot": null, "path": null, "sidewalk": "left", "sidewalk_left": null, "sidewalk_right": null, "sidewalk_both": null, "footway": null, "service": null, "surface": "asphalt", "tracktype": null, "smoothness": null, "access": null, "bus": null, "busway": "lane", "psv": null, "lanes_psv": null, "lanes_bus": null, "lanes_bus_conditional": null, "lanes_bus_backward": null, "lanes_bus_forward": null, "lanes_psv_backward": null, "lanes_psv_forward": null, "lanes_psv_conditional": null, "lanes_psv_conditional_backward": null, "lanes_psv_conditional_forward": null, "lanes_psv_conditional_both_ways": null, "lanes_psv_both_ways": null, "z_order": 7, "other_tags": "\"dual_carriageway\"=>\"yes\",\"maxspeed:type\"=>\"GB:zone20\"", "n_bus_lanes": 1.0, "distance_to_road": 0.0, "detailed_segregation": "Painted Cycle Lane", "cycle_pedestrian_separation": "Unknown", "width_clean": 0.0, "cycle_segregation": "Painted Cycle Lane" }, "geometry": { "type": "MultiLineString", "coordinates": [ [ [ -0.1405973, 51.5078349 ], [ -0.1404519, 51.5078941 ], [ -0.1401736, 51.5079981 ], [ -0.1401234, 51.5080183 ], [ -0.1399854, 51.5080704 ] ] ] } },
{ "type": "Feature", "properties": { "osm_id": "211557609", "name": "Piccadilly", "highway": "primary", "waterway": null, "aerialway": null, "barrier": null, "man_made": null, "railway": null, "ref": "A4", "oneway": "yes", "maxspeed": "20 mph", "bicycle": null, "cycleway_chars": "NA|share_busway|NA|NA|NA|NA|NA|NA|NA|NA|NA|NA|NA|NA|NA|NA|NA|NA", "cycleway": null, "cycleway_left": "share_busway", "cycleway_right": null, "cycleway_both": null, "cycleway_left_bicycle": null, "cycleway_right_bicycle": null, "cycleway_both_bicycle": null, "cycleway_left_segregated": null, "cycleway_right_segregated": null, "cycleway_both_segregated": null, "cycleway_lane": null, "cycleway_left_lane": null, "cycleway_right_lane": null, "cycleway_both_lane": null, "cycleway_surface": null, "cycleway_width": null, "cycleway_est_width": null, "cycleway_buffered_lane": null, "lanes": "2", "lanes_both_ways": null, "lanes_forward": null, "lanes_backward": null, "lit": "yes", "width": null, "est_width": null, "segregated": null, "foot": null, "path": null, "sidewalk": "left", "sidewalk_left": null, "sidewalk_right": null, "sidewalk_both": null, "footway": null, "service": null, "surface": "asphalt", "tracktype": null, "smoothness": null, "access": null, "bus": null, "busway": "lane", "psv": null, "lanes_psv": null, "lanes_bus": null, "lanes_bus_conditional": null, "lanes_bus_backward": null, "lanes_bus_forward": null, "lanes_psv_backward": null, "lanes_psv_forward": null, "lanes_psv_conditional": null, "lanes_psv_conditional_backward": null, "lanes_psv_conditional_forward": null, "lanes_psv_conditional_both_ways": null, "lanes_psv_both_ways": null, "z_order": 7, "other_tags": "\"dual_carriageway\"=>\"yes\",\"maxspeed:type\"=>\"GB:zone20\"", "n_bus_lanes": 1.0, "distance_to_road": 0.0, "detailed_segregation": "Painted Cycle Lane", "cycle_pedestrian_separation": "Unknown", "width_clean": 0.0, "cycle_segregation": "Painted Cycle Lane" }, "geometry": { "type": "MultiLineString", "coordinates": [ [ [ -0.1386061, 51.5085208 ], [ -0.1382156, 51.5086437 ], [ -0.1376352, 51.50883 ], [ -0.1372739, 51.5089396 ] ] ] } },
{ "type": "Feature", "properties": { "osm_id": "220019917", "name": "Horse Guards Avenue", "highway": "unclassified", "waterway": null, "aerialway": null, "barrier": null, "man_made": null, "railway": null, "ref": null, "oneway": null, "maxspeed": "20 mph", "bicycle": null, "cycleway_chars": "NA|lane|lane|NA|NA|NA|NA|NA|NA|NA|NA|NA|NA|NA|NA|NA|NA|NA", "cycleway": null, "cycleway_left": "lane", "cycleway_right": "lane", "cycleway_both": null, "cycleway_left_bicycle": null, "cycleway_right_bicycle": null, "cycleway_both_bicycle": null, "cycleway_left_segregated": null, "cycleway_right_segregated": null, "cycleway_both_segregated": null, "cycleway_lane": null, "cycleway_left_lane": null, "cycleway_right_lane": null, "cycleway_both_lane": null, "cycleway_surface": null, "cycleway_width": null, "cycleway_est_width": null, "cycleway_buffered_lane": null, "lanes": null, "lanes_both_ways": null, "lanes_forward": null, "lanes_backward": null, "lit": "yes", "width": null, "est_width": null, "segregated": null, "foot": null, "path": null, "sidewalk": null, "sidewalk_left": null, "sidewalk_right": null, "sidewalk_both": null, "footway": null, "service": null, "surface": "asphalt", "tracktype": null, "smoothness": null, "access": null, "bus": null, "busway": null, "psv": null, "lanes_psv": null, "lanes_bus": null, "lanes_bus_conditional": null, "lanes_bus_backward": null, "lanes_bus_forward": null, "lanes_psv_backward": null, "lanes_psv_forward": null, "lanes_psv_conditional": null, "lanes_psv_conditional_backward": null, "lanes_psv_conditional_forward": null, "lanes_psv_conditional_both_ways": null, "lanes_psv_both_ways": null, "z_order": 3, "other_tags": "\"maxspeed:type\"=>\"GB:zone20\",\"postal_code\"=>\"SW1\",\"wikidata\"=>\"Q14997216\"", "n_bus_lanes": 0.0, "distance_to_road": 0.0, "detailed_segregation": "Painted Cycle Lane", "cycle_pedestrian_separation": "Unknown", "width_clean": 0.0, "cycle_segregation": "Painted Cycle Lane" }, "geometry": { "type": "MultiLineString", "coordinates": [ [ [ -0.1248356, 51.5049348 ], [ -0.1238471, 51.5047651 ], [ -0.1237318, 51.5047444 ], [ -0.1234634, 51.5046932 ] ] ] } },
{ "type": "Feature", "properties": { "osm_id": "230500144", "name": "Parliament Street", "highway": "primary", "waterway": null, "aerialway": null, "barrier": null, "man_made": null, "railway": null, "ref": "A3212", "oneway": "yes", "maxspeed": "20 mph", "bicycle": null, "cycleway_chars": "NA|share_busway|NA|NA|NA|NA|NA|NA|NA|NA|NA|NA|NA|NA|NA|NA|NA|NA", "cycleway": null, "cycleway_left": "share_busway", "cycleway_right": null, "cycleway_both": null, "cycleway_left_bicycle": null, "cycleway_right_bicycle": null, "cycleway_both_bicycle": null, "cycleway_left_segregated": null, "cycleway_right_segregated": null, "cycleway_both_segregated": null, "cycleway_lane": null, "cycleway_left_lane": null, "cycleway_right_lane": null, "cycleway_both_lane": null, "cycleway_surface": null, "cycleway_width": null, "cycleway_est_width": null, "cycleway_buffered_lane": null, "lanes": "2", "lanes_both_ways": null, "lanes_forward": null, "lanes_backward": null, "lit": "yes", "width": null, "est_width": null, "segregated": null, "foot": null, "path": null, "sidewalk": null, "sidewalk_left": "separate", "sidewalk_right": "no", "sidewalk_both": null, "footway": null, "service": null, "surface": "asphalt", "tracktype": null, "smoothness": null, "access": null, "bus": null, "busway": null, "psv": null, "lanes_psv": "1", "lanes_bus": null, "lanes_bus_conditional": null, "lanes_bus_backward": null, "lanes_bus_forward": null, "lanes_psv_backward": null, "lanes_psv_forward": null, "lanes_psv_conditional": null, "lanes_psv_conditional_backward": null, "lanes_psv_conditional_forward": null, "lanes_psv_conditional_both_ways": null, "lanes_psv_both_ways": null, "z_order": 7, "other_tags": "\"busway:left\"=>\"lane\",\"dual_carriageway\"=>\"yes\",\"maxspeed:type\"=>\"GB:zone20\",\"name:be\"=>\"Парламентская вул.\",\"name:en\"=>\"Parliament Street\",\"name:ru\"=>\"Парламентская ул.\",\"ref:GB:usrn\"=>\"8400208\",\"source:maxspeed\"=>\"survey\",\"wikidata\"=>\"Q63986036\"", "n_bus_lanes": 1.0, "distance_to_road": 0.0, "detailed_segregation": "Painted Cycle Lane", "cycle_pedestrian_separation": "Unknown", "width_clean": 0.0, "cycle_segregation": "Painted Cycle Lane" }, "geometry": { "type": "MultiLineString", "coordinates": [ [ [ -0.1263083, 51.5013628 ], [ -0.1262793, 51.5015583 ], [ -0.1262393, 51.5018272 ], [ -0.1262041, 51.5020226 ] ] ] } },
{ "type": "Feature", "properties": { "osm_id": "230500145", "name": "Whitehall", "highway": "primary", "waterway": null, "aerialway": null, "barrier": null, "man_made": null, "railway": null, "ref": "A3212", "oneway": "yes", "maxspeed": "20 mph", "bicycle": null, "cycleway_chars": "NA|share_busway|NA|NA|NA|NA|NA|NA|NA|NA|NA|NA|NA|NA|NA|NA|NA|NA", "cycleway": null, "cycleway_left": "share_busway", "cycleway_right": null, "cycleway_both": null, "cycleway_left_bicycle": null, "cycleway_right_bicycle": null, "cycleway_both_bicycle": null, "cycleway_left_segregated": null, "cycleway_right_segregated": null, "cycleway_both_segregated": null, "cycleway_lane": null, "cycleway_left_lane": null, "cycleway_right_lane": null, "cycleway_both_lane": null, "cycleway_surface": null, "cycleway_width": null, "cycleway_est_width": null, "cycleway_buffered_lane": null, "lanes": "2", "lanes_both_ways": null, "lanes_forward": null, "lanes_backward": null, "lit": "yes", "width": null, "est_width": null, "segregated": null, "foot": null, "path": null, "sidewalk": null, "sidewalk_left": "separate", "sidewalk_right": "no", "sidewalk_both": null, "footway": null, "service": null, "surface": "asphalt", "tracktype": null, "smoothness": null, "access": null, "bus": null, "busway": null, "psv": null, "lanes_psv": null, "lanes_bus": null, "lanes_bus_conditional": null, "lanes_bus_backward": null, "lanes_bus_forward": null, "lanes_psv_backward": null, "lanes_psv_forward": null, "lanes_psv_conditional": null, "lanes_psv_conditional_backward": null, "lanes_psv_conditional_forward": null, "lanes_psv_conditional_both_ways": null, "lanes_psv_both_ways": null, "z_order": 7, "other_tags": "\"busway:left\"=>\"lane\",\"dual_carriageway\"=>\"yes\",\"maxspeed:type\"=>\"GB:zone20\",\"source:maxspeed\"=>\"survey\"", "n_bus_lanes": 0.0, "distance_to_road": 0.0, "detailed_segregation": "Painted Cycle Lane", "cycle_pedestrian_separation": "Unknown", "width_clean": 0.0, "cycle_segregation": "Painted Cycle Lane" }, "geometry": { "type": "MultiLineString", "coordinates": [ [ [ -0.1259924, 51.5029753 ], [ -0.12598, 51.5028524 ], [ -0.1259739, 51.502763 ], [ -0.1259753, 51.502665 ] ] ] } },
{ "type": "Feature", "properties": { "osm_id": "230500556", "name": "Whitehall", "highway": "primary", "waterway": null, "aerialway": null, "barrier": null, "man_made": null, "railway": null, "ref": "A3212", "oneway": "yes", "maxspeed": "20 mph", "bicycle": null, "cycleway_chars": "NA|share_busway|NA|NA|NA|NA|NA|NA|NA|NA|NA|NA|NA|NA|NA|NA|NA|NA", "cycleway": null, "cycleway_left": "share_busway", "cycleway_right": null, "cycleway_both": null, "cycleway_left_bicycle": null, "cycleway_right_bicycle": null, "cycleway_both_bicycle": null, "cycleway_left_segregated": null, "cycleway_right_segregated": null, "cycleway_both_segregated": null, "cycleway_lane": null, "cycleway_left_lane": null, "cycleway_right_lane": null, "cycleway_both_lane": null, "cycleway_surface": null, "cycleway_width": null, "cycleway_est_width": null, "cycleway_buffered_lane": null, "lanes": "3", "lanes_both_ways": null, "lanes_forward": null, "lanes_backward": null, "lit": "yes", "width": null, "est_width": null, "segregated": null, "foot": null, "path": null, "sidewalk": "left", "sidewalk_left": null, "sidewalk_right": null, "sidewalk_both": null, "footway": null, "service": null, "surface": "asphalt", "tracktype": null, "smoothness": null, "access": null, "bus": null, "busway": null, "psv": null, "lanes_psv": null, "lanes_bus": null, "lanes_bus_conditional": null, "lanes_bus_backward": null, "lanes_bus_forward": null, "lanes_psv_backward": null, "lanes_psv_forward": null, "lanes_psv_conditional": null, "lanes_psv_conditional_backward": null, "lanes_psv_conditional_forward": null, "lanes_psv_conditional_both_ways": null, "lanes_psv_both_ways": null, "z_order": 7, "other_tags": "\"busway:left\"=>\"lane\",\"dual_carriageway\"=>\"yes\",\"maxspeed:type\"=>\"GB:zone20\",\"sidewalk:left:surface\"=>\"paving_stones\",\"source:maxspeed\"=>\"survey\",\"turn:lanes\"=>\"through|through|right\"", "n_bus_lanes": 0.0, "distance_to_road": 0.0, "detailed_segregation": "Painted Cycle Lane", "cycle_pedestrian_separation": "Unknown", "width_clean": 0.0, "cycle_segregation": "Painted Cycle Lane" }, "geometry": { "type": "MultiLineString", "coordinates": [ [ [ -0.126222, 51.5033462 ], [ -0.1262315, 51.5035412 ], [ -0.1262462, 51.5037287 ], [ -0.1262846, 51.5040491 ] ] ] } },
{ "type": "Feature", "properties": { "osm_id": "230500846", "name": "Whitehall", "highway": "primary", "waterway": null, "aerialway": null, "barrier": null, "man_made": null, "railway": null, "ref": "A3212", "oneway": "yes", "maxspeed": "20 mph", "bicycle": null, "cycleway_chars": "NA|share_busway|NA|NA|NA|NA|NA|NA|NA|NA|NA|NA|NA|NA|NA|NA|NA|NA", "cycleway": null, "cycleway_left": "share_busway", "cycleway_right": null, "cycleway_both": null, "cycleway_left_bicycle": null, "cycleway_right_bicycle": null, "cycleway_both_bicycle": null, "cycleway_left_segregated": null, "cycleway_right_segregated": null, "cycleway_both_segregated": null, "cycleway_lane": null, "cycleway_left_lane": null, "cycleway_right_lane": null, "cycleway_both_lane": null, "cycleway_surface": null, "cycleway_width": null, "cycleway_est_width": null, "cycleway_buffered_lane": null, "lanes": "2", "lanes_both_ways": null, "lanes_forward": null, "lanes_backward": null, "lit": "yes", "width": null, "est_width": null, "segregated": null, "foot": null, "path": null, "sidewalk": "left", "sidewalk_left": null, "sidewalk_right": null, "sidewalk_both": null, "footway": null, "service": null, "surface": "asphalt", "tracktype": null, "smoothness": null, "access": null, "bus": null, "busway": null, "psv": null, "lanes_psv": null, "lanes_bus": null, "lanes_bus_conditional": null, "lanes_bus_backward": null, "lanes_bus_forward": null, "lanes_psv_backward": null, "lanes_psv_forward": null, "lanes_psv_conditional": null, "lanes_psv_conditional_backward": null, "lanes_psv_conditional_forward": null, "lanes_psv_conditional_both_ways": null, "lanes_psv_both_ways": null, "z_order": 7, "other_tags": "\"busway:left\"=>\"lane\",\"dual_carriageway\"=>\"yes\",\"maxspeed:type\"=>\"GB:zone20\",\"sidewalk:left:surface\"=>\"paving_stones\",\"source:maxspeed\"=>\"survey\",\"turn:lanes\"=>\"through|through\"", "n_bus_lanes": 0.0, "distance_to_road": 0.0, "detailed_segregation": "Painted Cycle Lane", "cycle_pedestrian_separation": "Unknown", "width_clean": 0.0, "cycle_segregation": "Painted Cycle Lane" }, "geometry": { "type": "MultiLineString", "coordinates": [ [ [ -0.1262929, 51.5046977 ], [ -0.1262543, 51.5045993 ], [ -0.1262046, 51.5044522 ], [ -0.126156, 51.5042655 ], [ -0.1261389, 51.5041998 ], [ -0.1261188, 51.5040546 ], [ -0.1260865, 51.5037854 ], [ -0.1260462, 51.5034205 ] ] ] } },
{ "type": "Feature", "properties": { "osm_id": "230501416", "name": "Horse Guards Avenue", "highway": "residential", "waterway": null, "aerialway": null, "barrier": null, "man_made": null, "railway": null, "ref": null, "oneway": null, "maxspeed": "20 mph", "bicycle": null, "cycleway_chars": "NA|lane|lane|NA|NA|NA|NA|NA|NA|NA|NA|NA|NA|NA|NA|NA|NA|NA", "cycleway": null, "cycleway_left": "lane", "cycleway_right": "lane", "cycleway_both": null, "cycleway_left_bicycle": null, "cycleway_right_bicycle": null, "cycleway_both_bicycle": null, "cycleway_left_segregated": null, "cycleway_right_segregated": null, "cycleway_both_segregated": null, "cycleway_lane": null, "cycleway_left_lane": null, "cycleway_right_lane": null, "cycleway_both_lane": null, "cycleway_surface": null, "cycleway_width": null, "cycleway_est_width": null, "cycleway_buffered_lane": null, "lanes": null, "lanes_both_ways": null, "lanes_forward": null, "lanes_backward": null, "lit": "yes", "width": null, "est_width": null, "segregated": null, "foot": null, "path": null, "sidewalk": null, "sidewalk_left": null, "sidewalk_right": null, "sidewalk_both": null, "footway": null, "service": null, "surface": "asphalt", "tracktype": null, "smoothness": null, "access": null, "bus": null, "busway": null, "psv": null, "lanes_psv": null, "lanes_bus": null, "lanes_bus_conditional": null, "lanes_bus_backward": null, "lanes_bus_forward": null, "lanes_psv_backward": null, "lanes_psv_forward": null, "lanes_psv_conditional": null, "lanes_psv_conditional_backward": null, "lanes_psv_conditional_forward": null, "lanes_psv_conditional_both_ways": null, "lanes_psv_both_ways": null, "z_order": 3, "other_tags": "\"maxspeed:type\"=>\"GB:zone20\",\"postal_code\"=>\"SW1\"", "n_bus_lanes": 0.0, "distance_to_road": 0.0, "detailed_segregation": "Painted Cycle Lane", "cycle_pedestrian_separation": "Unknown", "width_clean": 0.0, "cycle_segregation": "Painted Cycle Lane" }, "geometry": { "type": "MultiLineString", "coordinates": [ [ [ -0.1260488, 51.5048618 ], [ -0.1258389, 51.5048968 ], [ -0.1254809, 51.504938 ], [ -0.1254576, 51.5049407 ], [ -0.1252806, 51.5049523 ], [ -0.1251049, 51.5049532 ], [ -0.1248356, 51.5049348 ] ] ] } },
{ "type": "Feature", "properties": { "osm_id": "230502962", "name": "Whitehall", "highway": "primary", "waterway": null, "aerialway": null, "barrier": null, "man_made": null, "railway": null, "ref": "A3212", "oneway": "yes", "maxspeed": "20 mph", "bicycle": null, "cycleway_chars": "NA|share_busway|NA|NA|NA|NA|NA|NA|NA|NA|NA|NA|NA|NA|NA|NA|NA|NA", "cycleway": null, "cycleway_left": "share_busway", "cycleway_right": null, "cycleway_both": null, "cycleway_left_bicycle": null, "cycleway_right_bicycle": null, "cycleway_both_bicycle": null, "cycleway_left_segregated": null, "cycleway_right_segregated": null, "cycleway_both_segregated": null, "cycleway_lane": null, "cycleway_left_lane": null, "cycleway_right_lane": null, "cycleway_both_lane": null, "cycleway_surface": null, "cycleway_width": null, "cycleway_est_width": null, "cycleway_buffered_lane": null, "lanes": "3", "lanes_both_ways": null, "lanes_forward": null, "lanes_backward": null, "lit": "yes", "width": null, "est_width": null, "segregated": null, "foot": null, "path": null, "sidewalk": "left", "sidewalk_left": null, "sidewalk_right": null, "sidewalk_both": null, "footway": null, "service": null, "surface": "asphalt", "tracktype": null, "smoothness": null, "access": null, "bus": null, "busway": null, "psv": null, "lanes_psv": null, "lanes_bus": null, "lanes_bus_conditional": null, "lanes_bus_backward": null, "lanes_bus_forward": null, "lanes_psv_backward": null, "lanes_psv_forward": null, "lanes_psv_conditional": null, "lanes_psv_conditional_backward": null, "lanes_psv_conditional_forward": null, "lanes_psv_conditional_both_ways": null, "lanes_psv_both_ways": null, "z_order": 7, "other_tags": "\"busway:left\"=>\"lane\",\"dual_carriageway\"=>\"yes\",\"maxspeed:type\"=>\"GB:zone20\",\"name:ja\"=>\"ホワイトホール\",\"postal_code\"=>\"SW1\",\"sidewalk:left:surface\"=>\"paving_stones\",\"source:maxspeed\"=>\"survey\",\"turn:lanes\"=>\"through|through|right\"", "n_bus_lanes": 0.0, "distance_to_road": 0.0, "detailed_segregation": "Painted Cycle Lane", "cycle_pedestrian_separation": "Unknown", "width_clean": 0.0, "cycle_segregation": "Painted Cycle Lane" }, "geometry": { "type": "MultiLineString", "coordinates": [ [ [ -0.1265758, 51.5049735 ], [ -0.126609, 51.5050529 ], [ -0.1266856, 51.5052454 ], [ -0.1267498, 51.5053809 ] ] ] } },
{ "type": "Feature", "properties": { "osm_id": "230503556", "name": "Parliament Street", "highway": "primary", "waterway": null, "aerialway": null, "barrier": null, "man_made": null, "railway": null, "ref": "A3212", "oneway": "yes", "maxspeed": "20 mph", "bicycle": null, "cycleway_chars": "NA|share_busway|NA|NA|NA|NA|NA|NA|NA|NA|NA|NA|NA|NA|NA|NA|NA|NA", "cycleway": null, "cycleway_left": "share_busway", "cycleway_right": null, "cycleway_both": null, "cycleway_left_bicycle": null, "cycleway_right_bicycle": null, "cycleway_both_bicycle": null, "cycleway_left_segregated": null, "cycleway_right_segregated": null, "cycleway_both_segregated": null, "cycleway_lane": null, "cycleway_left_lane": null, "cycleway_right_lane": null, "cycleway_both_lane": null, "cycleway_surface": null, "cycleway_width": null, "cycleway_est_width": null, "cycleway_buffered_lane": null, "lanes": "2", "lanes_both_ways": null, "lanes_forward": null, "lanes_backward": null, "lit": "yes", "width": null, "est_width": null, "segregated": null, "foot": null, "path": null, "sidewalk": null, "sidewalk_left": "separate", "sidewalk_right": "no", "sidewalk_both": null, "footway": null, "service": null, "surface": "asphalt", "tracktype": null, "smoothness": null, "access": null, "bus": null, "busway": null, "psv": null, "lanes_psv": null, "lanes_bus": null, "lanes_bus_conditional": null, "lanes_bus_backward": null, "lanes_bus_forward": null, "lanes_psv_backward": null, "lanes_psv_forward": null, "lanes_psv_conditional": null, "lanes_psv_conditional_backward": null, "lanes_psv_conditional_forward": null, "lanes_psv_conditional_both_ways": null, "lanes_psv_both_ways": null, "z_order": 7, "other_tags": "\"busway:left\"=>\"lane\",\"dual_carriageway\"=>\"yes\",\"maxspeed:type\"=>\"GB:zone20\",\"name:be\"=>\"Парламентская вул.\",\"name:en\"=>\"Parliament Street\",\"name:ru\"=>\"Парламентская ул.\",\"ref:GB:usrn\"=>\"8400208\",\"source:maxspeed\"=>\"survey\",\"wikidata\"=>\"Q63986036\"", "n_bus_lanes": 0.0, "distance_to_road": 0.0, "detailed_segregation": "Painted Cycle Lane", "cycle_pedestrian_separation": "Unknown", "width_clean": 0.0, "cycle_segregation": "Painted Cycle Lane" }, "geometry": { "type": "MultiLineString", "coordinates": [ [ [ -0.1262032, 51.5021076 ], [ -0.1261936, 51.5021865 ], [ -0.1261899, 51.5022406 ], [ -0.1261899, 51.5023247 ], [ -0.1261966, 51.5026584 ] ] ] } },
{ "type": "Feature", "properties": { "osm_id": "230503557", "name": "Parliament Street", "highway": "primary", "waterway": null, "aerialway": null, "barrier": null, "man_made": null, "railway": null, "ref": "A3212", "oneway": "yes", "maxspeed": "20 mph", "bicycle": null, "cycleway_chars": "NA|shared_lane|lane|NA|NA|NA|NA|NA|NA|NA|NA|pictogram|exclusive|NA|NA|NA|NA|NA", "cycleway": null, "cycleway_left": "shared_lane", "cycleway_right": "lane", "cycleway_both": null, "cycleway_left_bicycle": null, "cycleway_right_bicycle": null, "cycleway_both_bicycle": null, "cycleway_left_segregated": null, "cycleway_right_segregated": null, "cycleway_both_segregated": null, "cycleway_lane": null, "cycleway_left_lane": "pictogram", "cycleway_right_lane": "exclusive", "cycleway_both_lane": null, "cycleway_surface": null, "cycleway_width": null, "cycleway_est_width": null, "cycleway_buffered_lane": null, "lanes": "3", "lanes_both_ways": null, "lanes_forward": null, "lanes_backward": null, "lit": "yes", "width": null, "est_width": null, "segregated": null, "foot": null, "path": null, "sidewalk": null, "sidewalk_left": "separate", "sidewalk_right": "no", "sidewalk_both": null, "footway": null, "service": null, "surface": "asphalt", "tracktype": null, "smoothness": null, "access": null, "bus": null, "busway": null, "psv": null, "lanes_psv": null, "lanes_bus": null, "lanes_bus_conditional": null, "lanes_bus_backward": null, "lanes_bus_forward": null, "lanes_psv_backward": null, "lanes_psv_forward": null, "lanes_psv_conditional": null, "lanes_psv_conditional_backward": null, "lanes_psv_conditional_forward": null, "lanes_psv_conditional_both_ways": null, "lanes_psv_both_ways": null, "z_order": 7, "other_tags": "\"dual_carriageway\"=>\"yes\",\"maxspeed:type\"=>\"GB:zone20\",\"name:be\"=>\"Парламентская вул.\",\"name:en\"=>\"Parliament Street\",\"name:ru\"=>\"Парламентская ул.\",\"ref:GB:usrn\"=>\"8400208\",\"turn:lanes\"=>\"left|through|through\",\"wikidata\"=>\"Q63986036\"", "n_bus_lanes": 0.0, "distance_to_road": 0.0, "detailed_segregation": "Painted Cycle Lane", "cycle_pedestrian_separation": "Unknown", "width_clean": 0.0, "cycle_segregation": "Painted Cycle Lane" }, "geometry": { "type": "MultiLineString", "coordinates": [ [ [ -0.1260467, 51.5020147 ], [ -0.126088, 51.5015633 ], [ -0.1260998, 51.5014343 ] ] ] } },
{ "type": "Feature", "properties": { "osm_id": "230503683", "name": "Whitehall", "highway": "primary", "waterway": null, "aerialway": null, "barrier": null, "man_made": null, "railway": null, "ref": "A3212", "oneway": "yes", "maxspeed": "20 mph", "bicycle": null, "cycleway_chars": "NA|share_busway|NA|NA|NA|NA|NA|NA|NA|NA|NA|NA|NA|NA|NA|NA|NA|NA", "cycleway": null, "cycleway_left": "share_busway", "cycleway_right": null, "cycleway_both": null, "cycleway_left_bicycle": null, "cycleway_right_bicycle": null, "cycleway_both_bicycle": null, "cycleway_left_segregated": null, "cycleway_right_segregated": null, "cycleway_both_segregated": null, "cycleway_lane": null, "cycleway_left_lane": null, "cycleway_right_lane": null, "cycleway_both_lane": null, "cycleway_surface": null, "cycleway_width": null, "cycleway_est_width": null, "cycleway_buffered_lane": null, "lanes": "2", "lanes_both_ways": null, "lanes_forward": null, "lanes_backward": null, "lit": "yes", "width": null, "est_width": null, "segregated": null, "foot": null, "path": null, "sidewalk": null, "sidewalk_left": "separate", "sidewalk_right": "no", "sidewalk_both": null, "footway": null, "service": null, "surface": "asphalt", "tracktype": null, "smoothness": null, "access": null, "bus": null, "busway": null, "psv": null, "lanes_psv": null, "lanes_bus": null, "lanes_bus_conditional": null, "lanes_bus_backward": null, "lanes_bus_forward": null, "lanes_psv_backward": null, "lanes_psv_forward": null, "lanes_psv_conditional": null, "lanes_psv_conditional_backward": null, "lanes_psv_conditional_forward": null, "lanes_psv_conditional_both_ways": null, "lanes_psv_both_ways": null, "z_order": 7, "other_tags": "\"dual_carriageway\"=>\"yes\",\"maxspeed:type\"=>\"GB:zone20\",\"source:maxspeed\"=>\"survey\"", "n_bus_lanes": 0.0, "distance_to_road": 0.0, "detailed_segregation": "Painted Cycle Lane", "cycle_pedestrian_separation": "Unknown", "width_clean": 0.0, "cycle_segregation": "Painted Cycle Lane" }, "geometry": { "type": "MultiLineString", "coordinates": [ [ [ -0.1260076, 51.503154 ], [ -0.1259977, 51.5030389 ], [ -0.1259924, 51.5029753 ] ] ] } },
{ "type": "Feature", "properties": { "osm_id": "232725808", "name": "Piccadilly", "highway": "primary", "waterway": null, "aerialway": null, "barrier": null, "man_made": null, "railway": null, "ref": "A4", "oneway": "yes", "maxspeed": "20 mph", "bicycle": null, "cycleway_chars": "NA|share_busway|NA|NA|NA|NA|NA|NA|NA|NA|NA|NA|NA|NA|NA|NA|NA|NA", "cycleway": null, "cycleway_left": "share_busway", "cycleway_right": null, "cycleway_both": null, "cycleway_left_bicycle": null, "cycleway_right_bicycle": null, "cycleway_both_bicycle": null, "cycleway_left_segregated": null, "cycleway_right_segregated": null, "cycleway_both_segregated": null, "cycleway_lane": null, "cycleway_left_lane": null, "cycleway_right_lane": null, "cycleway_both_lane": null, "cycleway_surface": null, "cycleway_width": null, "cycleway_est_width": null, "cycleway_buffered_lane": null, "lanes": null, "lanes_both_ways": null, "lanes_forward": null, "lanes_backward": null, "lit": "yes", "width": null, "est_width": null, "segregated": null, "foot": null, "path": null, "sidewalk": "left", "sidewalk_left": null, "sidewalk_right": null, "sidewalk_both": null, "footway": null, "service": null, "surface": "asphalt", "tracktype": null, "smoothness": null, "access": null, "bus": null, "busway": "lane", "psv": null, "lanes_psv": null, "lanes_bus": null, "lanes_bus_conditional": null, "lanes_bus_backward": null, "lanes_bus_forward": null, "lanes_psv_backward": null, "lanes_psv_forward": null, "lanes_psv_conditional": null, "lanes_psv_conditional_backward": null, "lanes_psv_conditional_forward": null, "lanes_psv_conditional_both_ways": null, "lanes_psv_both_ways": null, "z_order": 7, "other_tags": "\"dual_carriageway\"=>\"yes\",\"maxspeed:type\"=>\"GB:zone20\"", "n_bus_lanes": 1.0, "distance_to_road": 0.0, "detailed_segregation": "Painted Cycle Lane", "cycle_pedestrian_separation": "Unknown", "width_clean": 0.0, "cycle_segregation": "Painted Cycle Lane" }, "geometry": { "type": "MultiLineString", "coordinates": [ [ [ -0.1388834, 51.5084042 ], [ -0.1387925, 51.5084571 ], [ -0.1387419, 51.5084784 ] ] ] } },
{ "type": "Feature", "properties": { "osm_id": "232725809", "name": "Piccadilly", "highway": "primary", "waterway": null, "aerialway": null, "barrier": null, "man_made": null, "railway": null, "ref": "A4", "oneway": "yes", "maxspeed": "20 mph", "bicycle": null, "cycleway_chars": "NA|share_busway|NA|NA|NA|NA|NA|NA|NA|NA|NA|NA|NA|NA|NA|NA|NA|NA", "cycleway": null, "cycleway_left": "share_busway", "cycleway_right": null, "cycleway_both": null, "cycleway_left_bicycle": null, "cycleway_right_bicycle": null, "cycleway_both_bicycle": null, "cycleway_left_segregated": null, "cycleway_right_segregated": null, "cycleway_both_segregated": null, "cycleway_lane": null, "cycleway_left_lane": null, "cycleway_right_lane": null, "cycleway_both_lane": null, "cycleway_surface": null, "cycleway_width": null, "cycleway_est_width": null, "cycleway_buffered_lane": null, "lanes": "2", "lanes_both_ways": null, "lanes_forward": null, "lanes_backward": null, "lit": "yes", "width": null, "est_width": null, "segregated": null, "foot": null, "path": null, "sidewalk": "left", "sidewalk_left": null, "sidewalk_right": null, "sidewalk_both": null, "footway": null, "service": null, "surface": "asphalt", "tracktype": null, "smoothness": null, "access": null, "bus": null, "busway": "lane", "psv": null, "lanes_psv": null, "lanes_bus": null, "lanes_bus_conditional": null, "lanes_bus_backward": null, "lanes_bus_forward": null, "lanes_psv_backward": null, "lanes_psv_forward": null, "lanes_psv_conditional": null, "lanes_psv_conditional_backward": null, "lanes_psv_conditional_forward": null, "lanes_psv_conditional_both_ways": null, "lanes_psv_both_ways": null, "z_order": 7, "other_tags": "\"dual_carriageway\"=>\"yes\",\"maxspeed:type\"=>\"GB:zone20\"", "n_bus_lanes": 1.0, "distance_to_road": 0.0, "detailed_segregation": "Painted Cycle Lane", "cycle_pedestrian_separation": "Unknown", "width_clean": 0.0, "cycle_segregation": "Painted Cycle Lane" }, "geometry": { "type": "MultiLineString", "coordinates": [ [ [ -0.1399854, 51.5080704 ], [ -0.1397048, 51.50817 ], [ -0.1394548, 51.508252 ], [ -0.1392976, 51.5082695 ] ] ] } },
{ "type": "Feature", "properties": { "osm_id": "237084255", "name": "Moor Street", "highway": "unclassified", "waterway": null, "aerialway": null, "barrier": null, "man_made": null, "railway": null, "ref": null, "oneway": "yes", "maxspeed": "20 mph", "bicycle": "yes", "cycleway_chars": "NA|NA|NA|shared_lane|NA|NA|NA|NA|NA|NA|NA|NA|NA|pictogram|NA|NA|NA|NA", "cycleway": null, "cycleway_left": null, "cycleway_right": null, "cycleway_both": "shared_lane", "cycleway_left_bicycle": null, "cycleway_right_bicycle": null, "cycleway_both_bicycle": null, "cycleway_left_segregated": null, "cycleway_right_segregated": null, "cycleway_both_segregated": null, "cycleway_lane": null, "cycleway_left_lane": null, "cycleway_right_lane": null, "cycleway_both_lane": "pictogram", "cycleway_surface": null, "cycleway_width": null, "cycleway_est_width": null, "cycleway_buffered_lane": null, "lanes": null, "lanes_both_ways": null, "lanes_forward": null, "lanes_backward": null, "lit": "yes", "width": null, "est_width": null, "segregated": null, "foot": null, "path": null, "sidewalk": "both", "sidewalk_left": null, "sidewalk_right": null, "sidewalk_both": null, "footway": null, "service": null, "surface": "paving_stones", "tracktype": null, "smoothness": null, "access": null, "bus": null, "busway": null, "psv": null, "lanes_psv": null, "lanes_bus": null, "lanes_bus_conditional": null, "lanes_bus_backward": null, "lanes_bus_forward": null, "lanes_psv_backward": null, "lanes_psv_forward": null, "lanes_psv_conditional": null, "lanes_psv_conditional_backward": null, "lanes_psv_conditional_forward": null, "lanes_psv_conditional_both_ways": null, "lanes_psv_both_ways": null, "z_order": 3, "other_tags": "\"cycleway:right:oneway\"=>\"-1\",\"hour_off\"=>\"06:00\",\"hour_on\"=>\"18:00\",\"lane_markings\"=>\"no\",\"maxspeed:type\"=>\"GB:zone20\",\"motor_vehicle\"=>\"no\",\"oneway:bicycle\"=>\"no\"", "n_bus_lanes": 0.0, "distance_to_road": 0.0, "detailed_segregation": "Painted Cycle Lane", "cycle_pedestrian_separation": "Unknown", "width_clean": 0.0, "cycle_segregation": "Painted Cycle Lane" }, "geometry": { "type": "MultiLineString", "coordinates": [ [ [ -0.1294374, 51.5134699 ], [ -0.1293978, 51.5134764 ], [ -0.1293697, 51.513482 ], [ -0.1293489, 51.5134862 ] ] ] } },
{ "type": "Feature", "properties": { "osm_id": "237493875", "name": "Shaftesbury Avenue", "highway": "primary", "waterway": null, "aerialway": null, "barrier": null, "man_made": null, "railway": null, "ref": "A401", "oneway": "no", "maxspeed": "20 mph", "bicycle": null, "cycleway_chars": "NA|share_busway|NA|NA|NA|NA|NA|NA|NA|NA|NA|NA|NA|NA|NA|NA|NA|NA", "cycleway": null, "cycleway_left": "share_busway", "cycleway_right": null, "cycleway_both": null, "cycleway_left_bicycle": null, "cycleway_right_bicycle": null, "cycleway_both_bicycle": null, "cycleway_left_segregated": null, "cycleway_right_segregated": null, "cycleway_both_segregated": null, "cycleway_lane": null, "cycleway_left_lane": null, "cycleway_right_lane": null, "cycleway_both_lane": null, "cycleway_surface": null, "cycleway_width": null, "cycleway_est_width": null, "cycleway_buffered_lane": null, "lanes": null, "lanes_both_ways": null, "lanes_forward": null, "lanes_backward": null, "lit": "yes", "width": null, "est_width": null, "segregated": null, "foot": null, "path": null, "sidewalk": "both", "sidewalk_left": null, "sidewalk_right": null, "sidewalk_both": null, "footway": null, "service": null, "surface": "asphalt", "tracktype": null, "smoothness": null, "access": null, "bus": null, "busway": null, "psv": null, "lanes_psv": null, "lanes_bus": null, "lanes_bus_conditional": null, "lanes_bus_backward": null, "lanes_bus_forward": null, "lanes_psv_backward": null, "lanes_psv_forward": null, "lanes_psv_conditional": null, "lanes_psv_conditional_backward": null, "lanes_psv_conditional_forward": null, "lanes_psv_conditional_both_ways": null, "lanes_psv_both_ways": null, "z_order": 7, "other_tags": "\"postal_code\"=>\"W1\",\"ref:GB:usrn\"=>\"8400552\",\"wikidata\"=>\"Q1631720\",\"wikimedia_commons\"=>\"Category:Shaftesbury_Avenue\"", "n_bus_lanes": 0.0, "distance_to_road": 0.0, "detailed_segregation": "Painted Cycle Lane", "cycle_pedestrian_separation": "Unknown", "width_clean": 0.0, "cycle_segregation": "Painted Cycle Lane" }, "geometry": { "type": "MultiLineString", "coordinates": [ [ [ -0.1304061, 51.5125962 ], [ -0.1302552, 51.5126533 ], [ -0.1300505, 51.5127292 ] ] ] } },
{ "type": "Feature", "properties": { "osm_id": "237702243", "name": "Piccadilly", "highway": "primary", "waterway": null, "aerialway": null, "barrier": null, "man_made": null, "railway": null, "ref": "A4", "oneway": "yes", "maxspeed": "20 mph", "bicycle": null, "cycleway_chars": "NA|share_busway|NA|NA|NA|NA|NA|NA|NA|NA|NA|NA|NA|NA|NA|NA|NA|NA", "cycleway": null, "cycleway_left": "share_busway", "cycleway_right": null, "cycleway_both": null, "cycleway_left_bicycle": null, "cycleway_right_bicycle": null, "cycleway_both_bicycle": null, "cycleway_left_segregated": null, "cycleway_right_segregated": null, "cycleway_both_segregated": null, "cycleway_lane": null, "cycleway_left_lane": null, "cycleway_right_lane": null, "cycleway_both_lane": null, "cycleway_surface": null, "cycleway_width": null, "cycleway_est_width": null, "cycleway_buffered_lane": null, "lanes": "3", "lanes_both_ways": null, "lanes_forward": null, "lanes_backward": null, "lit": "yes", "width": null, "est_width": null, "segregated": null, "foot": null, "path": null, "sidewalk": "left", "sidewalk_left": null, "sidewalk_right": null, "sidewalk_both": null, "footway": null, "service": null, "surface": "asphalt", "tracktype": null, "smoothness": null, "access": null, "bus": null, "busway": null, "psv": null, "lanes_psv": null, "lanes_bus": null, "lanes_bus_conditional": null, "lanes_bus_backward": null, "lanes_bus_forward": null, "lanes_psv_backward": null, "lanes_psv_forward": null, "lanes_psv_conditional": null, "lanes_psv_conditional_backward": null, "lanes_psv_conditional_forward": null, "lanes_psv_conditional_both_ways": null, "lanes_psv_both_ways": null, "z_order": 7, "other_tags": "\"maxlength\"=>\"40'0\\\"\",\"maxspeed:type\"=>\"GB:zone20\"", "n_bus_lanes": 0.0, "distance_to_road": 0.0, "detailed_segregation": "Painted Cycle Lane", "cycle_pedestrian_separation": "Unknown", "width_clean": 0.0, "cycle_segregation": "Painted Cycle Lane" }, "geometry": { "type": "MultiLineString", "coordinates": [ [ [ -0.1478407, 51.5042524 ], [ -0.1474797, 51.5044197 ], [ -0.1468109, 51.5047608 ] ] ] } },
{ "type": "Feature", "properties": { "osm_id": "244896354", "name": "Piccadilly", "highway": "trunk_link", "waterway": null, "aerialway": null, "barrier": null, "man_made": null, "railway": null, "ref": "A4", "oneway": "yes", "maxspeed": "20 mph", "bicycle": "yes", "cycleway_chars": "NA|share_busway|NA|NA|NA|NA|NA|NA|NA|NA|NA|NA|NA|NA|NA|NA|NA|NA", "cycleway": null, "cycleway_left": "share_busway", "cycleway_right": null, "cycleway_both": null, "cycleway_left_bicycle": null, "cycleway_right_bicycle": null, "cycleway_both_bicycle": null, "cycleway_left_segregated": null, "cycleway_right_segregated": null, "cycleway_both_segregated": null, "cycleway_lane": null, "cycleway_left_lane": null, "cycleway_right_lane": null, "cycleway_both_lane": null, "cycleway_surface": null, "cycleway_width": null, "cycleway_est_width": null, "cycleway_buffered_lane": null, "lanes": "3", "lanes_both_ways": null, "lanes_forward": null, "lanes_backward": null, "lit": "yes", "width": null, "est_width": null, "segregated": null, "foot": null, "path": null, "sidewalk": null, "sidewalk_left": "separate", "sidewalk_right": "no", "sidewalk_both": null, "footway": null, "service": null, "surface": null, "tracktype": null, "smoothness": null, "access": null, "bus": null, "busway": "lane", "psv": null, "lanes_psv": null, "lanes_bus": null, "lanes_bus_conditional": null, "lanes_bus_backward": null, "lanes_bus_forward": null, "lanes_psv_backward": null, "lanes_psv_forward": null, "lanes_psv_conditional": null, "lanes_psv_conditional_backward": null, "lanes_psv_conditional_forward": null, "lanes_psv_conditional_both_ways": null, "lanes_psv_both_ways": null, "z_order": 8, "other_tags": "\"maxspeed:type\"=>\"GB:zone20\"", "n_bus_lanes": 1.0, "distance_to_road": 0.0, "detailed_segregation": "Painted Cycle Lane", "cycle_pedestrian_separation": "Unknown", "width_clean": 0.0, "cycle_segregation": "Painted Cycle Lane" }, "geometry": { "type": "MultiLineString", "coordinates": [ [ [ -0.1476603, 51.5041674 ], [ -0.1477053, 51.5040904 ], [ -0.1477844, 51.50404 ], [ -0.1479319, 51.5039539 ], [ -0.1481251, 51.5038588 ], [ -0.148817, 51.503546 ] ] ] } },
{ "type": "Feature", "properties": { "osm_id": "245384251", "name": "Parliament Street", "highway": "primary", "waterway": null, "aerialway": null, "barrier": null, "man_made": null, "railway": null, "ref": "A3212", "oneway": "yes", "maxspeed": "20 mph", "bicycle": null, "cycleway_chars": "NA|share_busway|NA|NA|NA|NA|NA|NA|NA|NA|NA|NA|NA|NA|NA|NA|NA|NA", "cycleway": null, "cycleway_left": "share_busway", "cycleway_right": null, "cycleway_both": null, "cycleway_left_bicycle": null, "cycleway_right_bicycle": null, "cycleway_both_bicycle": null, "cycleway_left_segregated": null, "cycleway_right_segregated": null, "cycleway_both_segregated": null, "cycleway_lane": null, "cycleway_left_lane": null, "cycleway_right_lane": null, "cycleway_both_lane": null, "cycleway_surface": null, "cycleway_width": null, "cycleway_est_width": null, "cycleway_buffered_lane": null, "lanes": "1", "lanes_both_ways": null, "lanes_forward": null, "lanes_backward": null, "lit": "yes", "width": null, "est_width": null, "segregated": null, "foot": null, "path": null, "sidewalk": null, "sidewalk_left": "separate", "sidewalk_right": "no", "sidewalk_both": null, "footway": null, "service": null, "surface": "asphalt", "tracktype": null, "smoothness": null, "access": null, "bus": null, "busway": null, "psv": null, "lanes_psv": null, "lanes_bus": null, "lanes_bus_conditional": null, "lanes_bus_backward": null, "lanes_bus_forward": null, "lanes_psv_backward": null, "lanes_psv_forward": null, "lanes_psv_conditional": null, "lanes_psv_conditional_backward": null, "lanes_psv_conditional_forward": null, "lanes_psv_conditional_both_ways": null, "lanes_psv_both_ways": null, "z_order": 7, "other_tags": "\"dual_carriageway\"=>\"yes\",\"maxspeed:type\"=>\"GB:zone20\",\"name:be\"=>\"Парламентская вул.\",\"name:en\"=>\"Parliament Street\",\"name:ru\"=>\"Парламентская ул.\",\"ref:GB:usrn\"=>\"8400208\",\"source:maxspeed\"=>\"survey\",\"wikidata\"=>\"Q63986036\"", "n_bus_lanes": 0.0, "distance_to_road": 0.0, "detailed_segregation": "Painted Cycle Lane", "cycle_pedestrian_separation": "Unknown", "width_clean": 0.0, "cycle_segregation": "Painted Cycle Lane" }, "geometry": { "type": "MultiLineString", "coordinates": [ [ [ -0.1263201, 51.5012836 ], [ -0.1263083, 51.5013628 ] ] ] } },
{ "type": "Feature", "properties": { "osm_id": "262756660", "name": null, "highway": "footway", "waterway": null, "aerialway": null, "barrier": null, "man_made": null, "railway": null, "ref": null, "oneway": null, "maxspeed": null, "bicycle": "yes", "cycleway_chars": "NA|NA|NA|NA|NA|NA|NA|NA|NA|NA|NA|NA|NA|NA|NA|NA|NA|NA", "cycleway": null, "cycleway_left": null, "cycleway_right": null, "cycleway_both": null, "cycleway_left_bicycle": null, "cycleway_right_bicycle": null, "cycleway_both_bicycle": null, "cycleway_left_segregated": null, "cycleway_right_segregated": null, "cycleway_both_segregated": null, "cycleway_lane": null, "cycleway_left_lane": null, "cycleway_right_lane": null, "cycleway_both_lane": null, "cycleway_surface": null, "cycleway_width": null, "cycleway_est_width": null, "cycleway_buffered_lane": null, "lanes": null, "lanes_both_ways": null, "lanes_forward": null, "lanes_backward": null, "lit": "yes", "width": null, "est_width": null, "segregated": "no", "foot": null, "path": null, "sidewalk": null, "sidewalk_left": null, "sidewalk_right": null, "sidewalk_both": null, "footway": null, "service": null, "surface": "asphalt", "tracktype": null, "smoothness": null, "access": null, "bus": null, "busway": null, "psv": null, "lanes_psv": null, "lanes_bus": null, "lanes_bus_conditional": null, "lanes_bus_backward": null, "lanes_bus_forward": null, "lanes_psv_backward": null, "lanes_psv_forward": null, "lanes_psv_conditional": null, "lanes_psv_conditional_backward": null, "lanes_psv_conditional_forward": null, "lanes_psv_conditional_both_ways": null, "lanes_psv_both_ways": null, "z_order": 0, "other_tags": null, "n_bus_lanes": 0.0, "distance_to_road": 8.7, "detailed_segregation": "Footway", "cycle_pedestrian_separation": "Unknown", "width_clean": 0.0, "cycle_segregation": "Shared Footway" }, "geometry": { "type": "MultiLineString", "coordinates": [ [ [ -0.1394848, 51.5024233 ], [ -0.1394699, 51.502412 ], [ -0.1393798, 51.5023389 ] ] ] } },
{ "type": "Feature", "properties": { "osm_id": "264966079", "name": "Old Compton Street", "highway": "unclassified", "waterway": null, "aerialway": null, "barrier": null, "man_made": null, "railway": null, "ref": null, "oneway": "yes", "maxspeed": "20 mph", "bicycle": null, "cycleway_chars": "NA|no|shared_lane|NA|NA|NA|NA|NA|NA|NA|NA|NA|pictogram|NA|NA|NA|NA|NA", "cycleway": null, "cycleway_left": "no", "cycleway_right": "shared_lane", "cycleway_both": null, "cycleway_left_bicycle": null, "cycleway_right_bicycle": null, "cycleway_both_bicycle": null, "cycleway_left_segregated": null, "cycleway_right_segregated": null, "cycleway_both_segregated": null, "cycleway_lane": null, "cycleway_left_lane": null, "cycleway_right_lane": "pictogram", "cycleway_both_lane": null, "cycleway_surface": null, "cycleway_width": null, "cycleway_est_width": null, "cycleway_buffered_lane": null, "lanes": null, "lanes_both_ways": null, "lanes_forward": null, "lanes_backward": null, "lit": "yes", "width": null, "est_width": null, "segregated": null, "foot": null, "path": null, "sidewalk": "both", "sidewalk_left": null, "sidewalk_right": null, "sidewalk_both": null, "footway": null, "service": null, "surface": "asphalt", "tracktype": null, "smoothness": "good", "access": null, "bus": null, "busway": null, "psv": null, "lanes_psv": null, "lanes_bus": null, "lanes_bus_conditional": null, "lanes_bus_backward": null, "lanes_bus_forward": null, "lanes_psv_backward": null, "lanes_psv_forward": null, "lanes_psv_conditional": null, "lanes_psv_conditional_backward": null, "lanes_psv_conditional_forward": null, "lanes_psv_conditional_both_ways": null, "lanes_psv_both_ways": null, "z_order": 3, "other_tags": "\"cycleway:right:oneway\"=>\"-1\",\"lane_markings\"=>\"no\",\"maxspeed:type\"=>\"GB:zone20\",\"name:ja\"=>\"オールド・コンプトン・ストリート\",\"oneway:bicycle\"=>\"no\",\"sidewalk:both:surface\"=>\"paving_stones\",\"wikidata\"=>\"Q2018322\",\"wikimedia_commons\"=>\"Category:Old_Compton_Street\",\"wikipedia\"=>\"en:Old Compton Street\"", "n_bus_lanes": 0.0, "distance_to_road": 0.0, "detailed_segregation": "Painted Cycle Lane", "cycle_pedestrian_separation": "Unknown", "width_clean": 0.0, "cycle_segregation": "Painted Cycle Lane" }, "geometry": { "type": "MultiLineString", "coordinates": [ [ [ -0.1304698, 51.5134797 ], [ -0.1302823, 51.5135676 ] ] ] } },
{ "type": "Feature", "properties": { "osm_id": "267123480", "name": "Northumberland Avenue", "highway": "primary", "waterway": null, "aerialway": null, "barrier": null, "man_made": null, "railway": null, "ref": "A400", "oneway": "yes", "maxspeed": "20 mph", "bicycle": null, "cycleway_chars": "NA|lane|NA|NA|NA|NA|NA|NA|NA|NA|NA|NA|NA|NA|NA|NA|NA|NA", "cycleway": null, "cycleway_left": "lane", "cycleway_right": null, "cycleway_both": null, "cycleway_left_bicycle": null, "cycleway_right_bicycle": null, "cycleway_both_bicycle": null, "cycleway_left_segregated": null, "cycleway_right_segregated": null, "cycleway_both_segregated": null, "cycleway_lane": null, "cycleway_left_lane": null, "cycleway_right_lane": null, "cycleway_both_lane": null, "cycleway_surface": null, "cycleway_width": null, "cycleway_est_width": null, "cycleway_buffered_lane": null, "lanes": null, "lanes_both_ways": null, "lanes_forward": null, "lanes_backward": null, "lit": "yes", "width": null, "est_width": null, "segregated": null, "foot": null, "path": null, "sidewalk": "left", "sidewalk_left": null, "sidewalk_right": null, "sidewalk_both": null, "footway": null, "service": null, "surface": "asphalt", "tracktype": null, "smoothness": null, "access": null, "bus": null, "busway": null, "psv": null, "lanes_psv": null, "lanes_bus": null, "lanes_bus_conditional": null, "lanes_bus_backward": null, "lanes_bus_forward": null, "lanes_psv_backward": null, "lanes_psv_forward": null, "lanes_psv_conditional": null, "lanes_psv_conditional_backward": null, "lanes_psv_conditional_forward": null, "lanes_psv_conditional_both_ways": null, "lanes_psv_both_ways": null, "z_order": 7, "other_tags": "\"dual_carriageway\"=>\"yes\",\"postal_code\"=>\"WC2\"", "n_bus_lanes": 0.0, "distance_to_road": 0.0, "detailed_segregation": "Painted Cycle Lane", "cycle_pedestrian_separation": "Unknown", "width_clean": 0.0, "cycle_segregation": "Painted Cycle Lane" }, "geometry": { "type": "MultiLineString", "coordinates": [ [ [ -0.1237567, 51.5067538 ], [ -0.1235772, 51.5067625 ], [ -0.123311, 51.506723 ], [ -0.1231574, 51.5067056 ], [ -0.1230888, 51.5066939 ], [ -0.1230422, 51.5066859 ], [ -0.1228526, 51.5066478 ], [ -0.122763, 51.5066138 ], [ -0.1226693, 51.5065926 ] ] ] } },
{ "type": "Feature", "properties": { "osm_id": "271816293", "name": "Charing Cross Road", "highway": "primary", "waterway": null, "aerialway": null, "barrier": null, "man_made": null, "railway": null, "ref": "A400", "oneway": "yes", "maxspeed": "20 mph", "bicycle": "yes", "cycleway_chars": "NA|NA|share_busway|NA|NA|NA|NA|NA|NA|NA|NA|NA|NA|NA|NA|NA|NA|NA", "cycleway": null, "cycleway_left": null, "cycleway_right": "share_busway", "cycleway_both": null, "cycleway_left_bicycle": null, "cycleway_right_bicycle": null, "cycleway_both_bicycle": null, "cycleway_left_segregated": null, "cycleway_right_segregated": null, "cycleway_both_segregated": null, "cycleway_lane": null, "cycleway_left_lane": null, "cycleway_right_lane": null, "cycleway_both_lane": null, "cycleway_surface": null, "cycleway_width": null, "cycleway_est_width": null, "cycleway_buffered_lane": null, "lanes": null, "lanes_both_ways": null, "lanes_forward": null, "lanes_backward": null, "lit": "yes", "width": null, "est_width": null, "segregated": null, "foot": "yes", "path": null, "sidewalk": "both", "sidewalk_left": null, "sidewalk_right": null, "sidewalk_both": null, "footway": null, "service": null, "surface": "asphalt", "tracktype": null, "smoothness": null, "access": null, "bus": null, "busway": null, "psv": null, "lanes_psv": null, "lanes_bus": null, "lanes_bus_conditional": null, "lanes_bus_backward": null, "lanes_bus_forward": null, "lanes_psv_backward": null, "lanes_psv_forward": null, "lanes_psv_conditional": null, "lanes_psv_conditional_backward": null, "lanes_psv_conditional_forward": null, "lanes_psv_conditional_both_ways": null, "lanes_psv_both_ways": null, "z_order": 7, "other_tags": "\"busway:right\"=>\"lane\",\"busway:right:oneway\"=>\"-1\",\"cycleway:right:oneway\"=>\"-1\",\"maxspeed:type\"=>\"GB:zone20\",\"oneway:bicycle\"=>\"no\",\"oneway:bus\"=>\"no\",\"wikidata\"=>\"Q1063230\",\"wikimedia_commons\"=>\"Category:Charing_Cross_Road\"", "n_bus_lanes": 0.0, "distance_to_road": 0.0, "detailed_segregation": "Painted Cycle Lane", "cycle_pedestrian_separation": "Unknown", "width_clean": 0.0, "cycle_segregation": "Painted Cycle Lane" }, "geometry": { "type": "MultiLineString", "coordinates": [ [ [ -0.1292654, 51.5135046 ], [ -0.1292869, 51.5135454 ], [ -0.129357199114774, 51.513657326186475 ] ] ] } },
{ "type": "Feature", "properties": { "osm_id": "302690919", "name": "Regent Street", "highway": "primary", "waterway": null, "aerialway": null, "barrier": null, "man_made": null, "railway": null, "ref": "A4201", "oneway": "yes", "maxspeed": "20 mph", "bicycle": null, "cycleway_chars": "share_busway|NA|NA|NA|NA|NA|NA|NA|NA|NA|NA|NA|NA|NA|NA|NA|NA|NA", "cycleway": "share_busway", "cycleway_left": null, "cycleway_right": null, "cycleway_both": null, "cycleway_left_bicycle": null, "cycleway_right_bicycle": null, "cycleway_both_bicycle": null, "cycleway_left_segregated": null, "cycleway_right_segregated": null, "cycleway_both_segregated": null, "cycleway_lane": null, "cycleway_left_lane": null, "cycleway_right_lane": null, "cycleway_both_lane": null, "cycleway_surface": null, "cycleway_width": null, "cycleway_est_width": null, "cycleway_buffered_lane": null, "lanes": "2", "lanes_both_ways": null, "lanes_forward": null, "lanes_backward": null, "lit": "yes", "width": null, "est_width": null, "segregated": null, "foot": null, "path": null, "sidewalk": "left", "sidewalk_left": null, "sidewalk_right": null, "sidewalk_both": null, "footway": null, "service": null, "surface": "asphalt", "tracktype": null, "smoothness": null, "access": null, "bus": null, "busway": null, "psv": null, "lanes_psv": null, "lanes_bus": null, "lanes_bus_conditional": null, "lanes_bus_backward": null, "lanes_bus_forward": null, "lanes_psv_backward": null, "lanes_psv_forward": null, "lanes_psv_conditional": null, "lanes_psv_conditional_backward": null, "lanes_psv_conditional_forward": null, "lanes_psv_conditional_both_ways": null, "lanes_psv_both_ways": null, "z_order": 7, "other_tags": "\"dual_carriageway\"=>\"yes\",\"maxspeed:type\"=>\"GB:zone20\",\"name:ru\"=>\"Риджент-стрит\",\"sidewalk:left:surface\"=>\"paving_stones\"", "n_bus_lanes": 0.0, "distance_to_road": 0.0, "detailed_segregation": "Painted Cycle Lane", "cycle_pedestrian_separation": "Unknown", "width_clean": 0.0, "cycle_segregation": "Painted Cycle Lane" }, "geometry": { "type": "MultiLineString", "coordinates": [ [ [ -0.1415321, 51.5139899 ], [ -0.1415785, 51.5140516 ], [ -0.1416306, 51.5141243 ], [ -0.14166725713074, 51.514181513874647 ] ] ] } },
{ "type": "Feature", "properties": { "osm_id": "320718075", "name": null, "highway": "cycleway", "waterway": null, "aerialway": null, "barrier": null, "man_made": null, "railway": null, "ref": null, "oneway": "yes", "maxspeed": null, "bicycle": null, "cycleway_chars": "NA|NA|NA|NA|NA|NA|NA|NA|NA|NA|NA|NA|NA|NA|NA|NA|NA|NA", "cycleway": null, "cycleway_left": null, "cycleway_right": null, "cycleway_both": null, "cycleway_left_bicycle": null, "cycleway_right_bicycle": null, "cycleway_both_bicycle": null, "cycleway_left_segregated": null, "cycleway_right_segregated": null, "cycleway_both_segregated": null, "cycleway_lane": null, "cycleway_left_lane": null, "cycleway_right_lane": null, "cycleway_both_lane": null, "cycleway_surface": null, "cycleway_width": null, "cycleway_est_width": null, "cycleway_buffered_lane": null, "lanes": null, "lanes_both_ways": null, "lanes_forward": null, "lanes_backward": null, "lit": "yes", "width": "1", "est_width": null, "segregated": "yes", "foot": "yes", "path": null, "sidewalk": "right", "sidewalk_left": null, "sidewalk_right": null, "sidewalk_both": null, "footway": null, "service": null, "surface": "asphalt", "tracktype": null, "smoothness": null, "access": null, "bus": null, "busway": null, "psv": null, "lanes_psv": null, "lanes_bus": null, "lanes_bus_conditional": null, "lanes_bus_backward": null, "lanes_bus_forward": null, "lanes_psv_backward": null, "lanes_psv_forward": null, "lanes_psv_conditional": null, "lanes_psv_conditional_backward": null, "lanes_psv_conditional_forward": null, "lanes_psv_conditional_both_ways": null, "lanes_psv_both_ways": null, "z_order": 0, "other_tags": null, "n_bus_lanes": 0.0, "distance_to_road": 3.9, "detailed_segregation": "Level track", "cycle_pedestrian_separation": "Unknown", "width_clean": 1.0, "cycle_segregation": "Segregated Track (narrow)" }, "geometry": { "type": "MultiLineString", "coordinates": [ [ [ -0.1356151, 51.4996028 ], [ -0.1356421, 51.4996058 ], [ -0.1356874, 51.4995956 ], [ -0.1360469, 51.4994917 ], [ -0.1364013, 51.4994002 ], [ -0.1365979, 51.4993558 ], [ -0.1366972, 51.499334 ], [ -0.1368713, 51.4992994 ], [ -0.1368868, 51.4992732 ] ] ] } },
{ "type": "Feature", "properties": { "osm_id": "328698851", "name": "Constitution Hill", "highway": "cycleway", "waterway": null, "aerialway": null, "barrier": null, "man_made": null, "railway": null, "ref": null, "oneway": "no", "maxspeed": null, "bicycle": null, "cycleway_chars": "NA|NA|NA|NA|NA|NA|NA|NA|NA|NA|NA|NA|NA|NA|NA|NA|NA|NA", "cycleway": null, "cycleway_left": null, "cycleway_right": null, "cycleway_both": null, "cycleway_left_bicycle": null, "cycleway_right_bicycle": null, "cycleway_both_bicycle": null, "cycleway_left_segregated": null, "cycleway_right_segregated": null, "cycleway_both_segregated": null, "cycleway_lane": null, "cycleway_left_lane": null, "cycleway_right_lane": null, "cycleway_both_lane": null, "cycleway_surface": null, "cycleway_width": null, "cycleway_est_width": null, "cycleway_buffered_lane": null, "lanes": null, "lanes_both_ways": null, "lanes_forward": null, "lanes_backward": null, "lit": "no", "width": null, "est_width": null, "segregated": "no", "foot": "yes", "path": null, "sidewalk": null, "sidewalk_left": null, "sidewalk_right": null, "sidewalk_both": null, "footway": null, "service": null, "surface": "paving_stones", "tracktype": null, "smoothness": null, "access": null, "bus": null, "busway": null, "psv": null, "lanes_psv": null, "lanes_bus": null, "lanes_bus_conditional": null, "lanes_bus_backward": null, "lanes_bus_forward": null, "lanes_psv_backward": null, "lanes_psv_forward": null, "lanes_psv_conditional": null, "lanes_psv_conditional_backward": null, "lanes_psv_conditional_forward": null, "lanes_psv_conditional_both_ways": null, "lanes_psv_both_ways": null, "z_order": 0, "other_tags": null, "n_bus_lanes": 0.0, "distance_to_road": 7.0, "detailed_segregation": "Level track", "cycle_pedestrian_separation": "Unknown", "width_clean": 0.0, "cycle_segregation": "Segregated Track (narrow)" }, "geometry": { "type": "MultiLineString", "coordinates": [ [ [ -0.1494927, 51.5026138 ], [ -0.1494107, 51.5025972 ], [ -0.1493356, 51.5025952 ], [ -0.1492341, 51.502594 ] ] ] } },
{ "type": "Feature", "properties": { "osm_id": "328698853", "name": "Apsley Way", "highway": "cycleway", "waterway": null, "aerialway": null, "barrier": null, "man_made": null, "railway": null, "ref": null, "oneway": "no", "maxspeed": null, "bicycle": "designated", "cycleway_chars": "crossing|NA|NA|NA|NA|NA|NA|NA|NA|NA|NA|NA|NA|NA|NA|NA|NA|NA", "cycleway": "crossing", "cycleway_left": null, "cycleway_right": null, "cycleway_both": null, "cycleway_left_bicycle": null, "cycleway_right_bicycle": null, "cycleway_both_bicycle": null, "cycleway_left_segregated": null, "cycleway_right_segregated": null, "cycleway_both_segregated": null, "cycleway_lane": null, "cycleway_left_lane": null, "cycleway_right_lane": null, "cycleway_both_lane": null, "cycleway_surface": null, "cycleway_width": null, "cycleway_est_width": null, "cycleway_buffered_lane": null, "lanes": null, "lanes_both_ways": null, "lanes_forward": null, "lanes_backward": null, "lit": "yes", "width": null, "est_width": null, "segregated": "no", "foot": "designated", "path": null, "sidewalk": null, "sidewalk_left": null, "sidewalk_right": null, "sidewalk_both": null, "footway": null, "service": null, "surface": "asphalt", "tracktype": null, "smoothness": null, "access": null, "bus": null, "busway": null, "psv": null, "lanes_psv": null, "lanes_bus": null, "lanes_bus_conditional": null, "lanes_bus_backward": null, "lanes_bus_forward": null, "lanes_psv_backward": null, "lanes_psv_forward": null, "lanes_psv_conditional": null, "lanes_psv_conditional_backward": null, "lanes_psv_conditional_forward": null, "lanes_psv_conditional_both_ways": null, "lanes_psv_both_ways": null, "z_order": 0, "other_tags": "\"crossing\"=>\"traffic_signals\",\"crossing:island\"=>\"no\",\"crossing_ref\"=>\"toucan\",\"horse\"=>\"designated\",\"mkgmap:flare-check\"=>\"no\",\"tactile_paving\"=>\"yes\"", "n_bus_lanes": 0.0, "distance_to_road": 0.0, "detailed_segregation": "Level track", "cycle_pedestrian_separation": "Shared Footway (not segregated)", "width_clean": 0.0, "cycle_segregation": "Shared Footway" }, "geometry": { "type": "MultiLineString", "coordinates": [ [ [ -0.149867074719055, 51.502647835092873 ], [ -0.1498415, 51.502647 ], [ -0.1497047, 51.5026425 ] ] ] } },
{ "type": "Feature", "properties": { "osm_id": "383122617", "name": "Northumberland Avenue", "highway": "cycleway", "waterway": null, "aerialway": null, "barrier": null, "man_made": null, "railway": null, "ref": "A400", "oneway": "yes", "maxspeed": null, "bicycle": null, "cycleway_chars": "crossing|NA|NA|NA|NA|NA|NA|NA|NA|NA|NA|NA|NA|NA|NA|NA|NA|NA", "cycleway": "crossing", "cycleway_left": null, "cycleway_right": null, "cycleway_both": null, "cycleway_left_bicycle": null, "cycleway_right_bicycle": null, "cycleway_both_bicycle": null, "cycleway_left_segregated": null, "cycleway_right_segregated": null, "cycleway_both_segregated": null, "cycleway_lane": null, "cycleway_left_lane": null, "cycleway_right_lane": null, "cycleway_both_lane": null, "cycleway_surface": null, "cycleway_width": null, "cycleway_est_width": null, "cycleway_buffered_lane": null, "lanes": null, "lanes_both_ways": null, "lanes_forward": null, "lanes_backward": null, "lit": "yes", "width": null, "est_width": null, "segregated": null, "foot": "no", "path": null, "sidewalk": null, "sidewalk_left": null, "sidewalk_right": null, "sidewalk_both": null, "footway": null, "service": null, "surface": "asphalt", "tracktype": null, "smoothness": null, "access": null, "bus": null, "busway": null, "psv": null, "lanes_psv": null, "lanes_bus": null, "lanes_bus_conditional": null, "lanes_bus_backward": null, "lanes_bus_forward": null, "lanes_psv_backward": null, "lanes_psv_forward": null, "lanes_psv_conditional": null, "lanes_psv_conditional_backward": null, "lanes_psv_conditional_forward": null, "lanes_psv_conditional_both_ways": null, "lanes_psv_both_ways": null, "z_order": 0, "other_tags": "\"crossing\"=>\"unmarked\",\"postal_code\"=>\"WC2\"", "n_bus_lanes": 0.0, "distance_to_road": 0.0, "detailed_segregation": "Level track", "cycle_pedestrian_separation": "Unknown", "width_clean": 0.0, "cycle_segregation": "Segregated Track (narrow)" }, "geometry": { "type": "MultiLineString", "coordinates": [ [ [ -0.1223813, 51.5065237 ], [ -0.1223122, 51.5064995 ] ] ] } },
{ "type": "Feature", "properties": { "osm_id": "399696957", "name": "Regent Street", "highway": "primary", "waterway": null, "aerialway": null, "barrier": null, "man_made": null, "railway": null, "ref": "A4201", "oneway": "yes", "maxspeed": "20 mph", "bicycle": null, "cycleway_chars": "NA|lane|NA|NA|NA|NA|NA|NA|NA|NA|NA|exclusive|NA|NA|NA|NA|NA|NA", "cycleway": null, "cycleway_left": "lane", "cycleway_right": null, "cycleway_both": null, "cycleway_left_bicycle": null, "cycleway_right_bicycle": null, "cycleway_both_bicycle": null, "cycleway_left_segregated": null, "cycleway_right_segregated": null, "cycleway_both_segregated": null, "cycleway_lane": null, "cycleway_left_lane": "exclusive", "cycleway_right_lane": null, "cycleway_both_lane": null, "cycleway_surface": null, "cycleway_width": null, "cycleway_est_width": null, "cycleway_buffered_lane": null, "lanes": "1", "lanes_both_ways": null, "lanes_forward": null, "lanes_backward": null, "lit": "yes", "width": null, "est_width": null, "segregated": null, "foot": null, "path": null, "sidewalk": "left", "sidewalk_left": null, "sidewalk_right": null, "sidewalk_both": null, "footway": null, "service": null, "surface": "asphalt", "tracktype": null, "smoothness": null, "access": null, "bus": null, "busway": null, "psv": null, "lanes_psv": null, "lanes_bus": null, "lanes_bus_conditional": null, "lanes_bus_backward": null, "lanes_bus_forward": null, "lanes_psv_backward": null, "lanes_psv_forward": null, "lanes_psv_conditional": null, "lanes_psv_conditional_backward": null, "lanes_psv_conditional_forward": null, "lanes_psv_conditional_both_ways": null, "lanes_psv_both_ways": null, "z_order": 7, "other_tags": "\"dual_carriageway\"=>\"yes\",\"maxspeed:type\"=>\"GB:zone20\",\"name:ru\"=>\"Риджент-стрит\",\"sidewalk:left:surface\"=>\"paving_stones\",\"wikidata\"=>\"Q1123106\",\"wikipedia\"=>\"en:Regent Street\"", "n_bus_lanes": 0.0, "distance_to_road": 0.0, "detailed_segregation": "Painted Cycle Lane", "cycle_pedestrian_separation": "Unknown", "width_clean": 0.0, "cycle_segregation": "Painted Cycle Lane" }, "geometry": { "type": "MultiLineString", "coordinates": [ [ [ -0.1367402, 51.5099152 ], [ -0.1364116, 51.5099076 ], [ -0.1363613, 51.5099092 ] ] ] } },
{ "type": "Feature", "properties": { "osm_id": "406364954", "name": "Bridge Street", "highway": "cycleway", "waterway": null, "aerialway": null, "barrier": null, "man_made": null, "railway": null, "ref": null, "oneway": "no", "maxspeed": null, "bicycle": null, "cycleway_chars": "NA|NA|NA|NA|NA|NA|NA|NA|NA|NA|NA|NA|NA|NA|NA|NA|NA|NA", "cycleway": null, "cycleway_left": null, "cycleway_right": null, "cycleway_both": null, "cycleway_left_bicycle": null, "cycleway_right_bicycle": null, "cycleway_both_bicycle": null, "cycleway_left_segregated": null, "cycleway_right_segregated": null, "cycleway_both_segregated": null, "cycleway_lane": null, "cycleway_left_lane": null, "cycleway_right_lane": null, "cycleway_both_lane": null, "cycleway_surface": null, "cycleway_width": null, "cycleway_est_width": null, "cycleway_buffered_lane": null, "lanes": "2", "lanes_both_ways": null, "lanes_forward": null, "lanes_backward": null, "lit": "yes", "width": null, "est_width": "3.5", "segregated": null, "foot": "no", "path": null, "sidewalk": null, "sidewalk_left": "separate", "sidewalk_right": null, "sidewalk_both": null, "footway": null, "service": null, "surface": "asphalt", "tracktype": null, "smoothness": null, "access": null, "bus": null, "busway": null, "psv": null, "lanes_psv": null, "lanes_bus": null, "lanes_bus_conditional": null, "lanes_bus_backward": null, "lanes_bus_forward": null, "lanes_psv_backward": null, "lanes_psv_forward": null, "lanes_psv_conditional": null, "lanes_psv_conditional_backward": null, "lanes_psv_conditional_forward": null, "lanes_psv_conditional_both_ways": null, "lanes_psv_both_ways": null, "z_order": 0, "other_tags": "\"operator\"=>\"Transport for London\",\"operator:wikidata\"=>\"Q682520\"", "n_bus_lanes": 0.0, "distance_to_road": 8.0, "detailed_segregation": "Level track", "cycle_pedestrian_separation": "Unknown", "width_clean": 3.5, "cycle_segregation": "Segregated Track (wide)" }, "geometry": { "type": "MultiLineString", "coordinates": [ [ [ -0.124356092229673, 51.500885049046637 ], [ -0.1245258, 51.5008992 ], [ -0.1246293, 51.5009029 ], [ -0.1248448, 51.5009052 ], [ -0.1251767, 51.5008946 ], [ -0.1255629, 51.5008994 ], [ -0.125749, 51.5009041 ], [ -0.12586, 51.5009116 ] ] ] } },
{ "type": "Feature", "properties": { "osm_id": "406364955", "name": null, "highway": "cycleway", "waterway": null, "aerialway": null, "barrier": null, "man_made": null, "railway": null, "ref": null, "oneway": "yes", "maxspeed": null, "bicycle": null, "cycleway_chars": "NA|NA|NA|NA|NA|NA|NA|NA|NA|NA|NA|NA|NA|NA|NA|NA|NA|NA", "cycleway": null, "cycleway_left": null, "cycleway_right": null, "cycleway_both": null, "cycleway_left_bicycle": null, "cycleway_right_bicycle": null, "cycleway_both_bicycle": null, "cycleway_left_segregated": null, "cycleway_right_segregated": null, "cycleway_both_segregated": null, "cycleway_lane": null, "cycleway_left_lane": null, "cycleway_right_lane": null, "cycleway_both_lane": null, "cycleway_surface": null, "cycleway_width": null, "cycleway_est_width": null, "cycleway_buffered_lane": null, "lanes": null, "lanes_both_ways": null, "lanes_forward": null, "lanes_backward": null, "lit": null, "width": null, "est_width": null, "segregated": null, "foot": null, "path": null, "sidewalk": null, "sidewalk_left": null, "sidewalk_right": null, "sidewalk_both": null, "footway": null, "service": null, "surface": "asphalt", "tracktype": null, "smoothness": null, "access": null, "bus": null, "busway": null, "psv": null, "lanes_psv": null, "lanes_bus": null, "lanes_bus_conditional": null, "lanes_bus_backward": null, "lanes_bus_forward": null, "lanes_psv_backward": null, "lanes_psv_forward": null, "lanes_psv_conditional": null, "lanes_psv_conditional_backward": null, "lanes_psv_conditional_forward": null, "lanes_psv_conditional_both_ways": null, "lanes_psv_both_ways": null, "z_order": 0, "other_tags": null, "n_bus_lanes": 0.0, "distance_to_road": 4.8, "detailed_segregation": "Level track", "cycle_pedestrian_separation": "Unknown", "width_clean": 0.0, "cycle_segregation": "Segregated Track (narrow)" }, "geometry": { "type": "MultiLineString", "coordinates": [ [ [ -0.1230775, 51.5046151 ], [ -0.1231104, 51.5046214 ], [ -0.123138, 51.5046286 ], [ -0.123201, 51.5046519 ] ] ] } },
{ "type": "Feature", "properties": { "osm_id": "406370785", "name": "Bridge Street", "highway": "cycleway", "waterway": null, "aerialway": null, "barrier": null, "man_made": null, "railway": null, "ref": null, "oneway": "no", "maxspeed": null, "bicycle": null, "cycleway_chars": "crossing|NA|NA|NA|NA|NA|NA|NA|NA|NA|NA|NA|NA|NA|NA|NA|NA|NA", "cycleway": "crossing", "cycleway_left": null, "cycleway_right": null, "cycleway_both": null, "cycleway_left_bicycle": null, "cycleway_right_bicycle": null, "cycleway_both_bicycle": null, "cycleway_left_segregated": null, "cycleway_right_segregated": null, "cycleway_both_segregated": null, "cycleway_lane": null, "cycleway_left_lane": null, "cycleway_right_lane": null, "cycleway_both_lane": null, "cycleway_surface": null, "cycleway_width": null, "cycleway_est_width": null, "cycleway_buffered_lane": null, "lanes": null, "lanes_both_ways": null, "lanes_forward": null, "lanes_backward": null, "lit": "yes", "width": null, "est_width": null, "segregated": null, "foot": "no", "path": null, "sidewalk": null, "sidewalk_left": null, "sidewalk_right": null, "sidewalk_both": null, "footway": null, "service": null, "surface": "asphalt", "tracktype": null, "smoothness": null, "access": null, "bus": null, "busway": null, "psv": null, "lanes_psv": null, "lanes_bus": null, "lanes_bus_conditional": null, "lanes_bus_backward": null, "lanes_bus_forward": null, "lanes_psv_backward": null, "lanes_psv_forward": null, "lanes_psv_conditional": null, "lanes_psv_conditional_backward": null, "lanes_psv_conditional_forward": null, "lanes_psv_conditional_both_ways": null, "lanes_psv_both_ways": null, "z_order": 0, "other_tags": null, "n_bus_lanes": 0.0, "distance_to_road": 0.0, "detailed_segregation": "Level track", "cycle_pedestrian_separation": "Unknown", "width_clean": 0.0, "cycle_segregation": "Segregated Track (narrow)" }, "geometry": { "type": "MultiLineString", "coordinates": [ [ [ -0.12586, 51.5009116 ], [ -0.1261497, 51.5009258 ] ] ] } },
{ "type": "Feature", "properties": { "osm_id": "415677498", "name": "Great George Street", "highway": "cycleway", "waterway": null, "aerialway": null, "barrier": null, "man_made": null, "railway": null, "ref": null, "oneway": "no", "maxspeed": null, "bicycle": null, "cycleway_chars": "crossing|NA|NA|NA|NA|NA|NA|NA|NA|NA|NA|NA|NA|NA|NA|NA|NA|NA", "cycleway": "crossing", "cycleway_left": null, "cycleway_right": null, "cycleway_both": null, "cycleway_left_bicycle": null, "cycleway_right_bicycle": null, "cycleway_both_bicycle": null, "cycleway_left_segregated": null, "cycleway_right_segregated": null, "cycleway_both_segregated": null, "cycleway_lane": null, "cycleway_left_lane": null, "cycleway_right_lane": null, "cycleway_both_lane": null, "cycleway_surface": null, "cycleway_width": null, "cycleway_est_width": null, "cycleway_buffered_lane": null, "lanes": "2", "lanes_both_ways": null, "lanes_forward": null, "lanes_backward": null, "lit": "yes", "width": null, "est_width": "3.5", "segregated": null, "foot": "no", "path": null, "sidewalk": null, "sidewalk_left": null, "sidewalk_right": null, "sidewalk_both": null, "footway": null, "service": null, "surface": "asphalt", "tracktype": null, "smoothness": null, "access": null, "bus": null, "busway": null, "psv": null, "lanes_psv": null, "lanes_bus": null, "lanes_bus_conditional": null, "lanes_bus_backward": null, "lanes_bus_forward": null, "lanes_psv_backward": null, "lanes_psv_forward": null, "lanes_psv_conditional": null, "lanes_psv_conditional_backward": null, "lanes_psv_conditional_forward": null, "lanes_psv_conditional_both_ways": null, "lanes_psv_both_ways": null, "z_order": 0, "other_tags": null, "n_bus_lanes": 0.0, "distance_to_road": 0.0, "detailed_segregation": "Level track", "cycle_pedestrian_separation": "Unknown", "width_clean": 3.5, "cycle_segregation": "Segregated Track (wide)" }, "geometry": { "type": "MultiLineString", "coordinates": [ [ [ -0.1261497, 51.5009258 ], [ -0.1263301, 51.5009306 ] ] ] } },
{ "type": "Feature", "properties": { "osm_id": "415935333", "name": null, "highway": "cycleway", "waterway": null, "aerialway": null, "barrier": null, "man_made": null, "railway": null, "ref": null, "oneway": "yes", "maxspeed": null, "bicycle": null, "cycleway_chars": "NA|NA|NA|NA|NA|NA|NA|NA|NA|NA|NA|NA|NA|NA|NA|NA|NA|NA", "cycleway": null, "cycleway_left": null, "cycleway_right": null, "cycleway_both": null, "cycleway_left_bicycle": null, "cycleway_right_bicycle": null, "cycleway_both_bicycle": null, "cycleway_left_segregated": null, "cycleway_right_segregated": null, "cycleway_both_segregated": null, "cycleway_lane": null, "cycleway_left_lane": null, "cycleway_right_lane": null, "cycleway_both_lane": null, "cycleway_surface": null, "cycleway_width": null, "cycleway_est_width": null, "cycleway_buffered_lane": null, "lanes": null, "lanes_both_ways": null, "lanes_forward": null, "lanes_backward": null, "lit": null, "width": null, "est_width": null, "segregated": null, "foot": null, "path": null, "sidewalk": null, "sidewalk_left": null, "sidewalk_right": null, "sidewalk_both": null, "footway": null, "service": null, "surface": "asphalt", "tracktype": null, "smoothness": null, "access": null, "bus": null, "busway": null, "psv": null, "lanes_psv": null, "lanes_bus": null, "lanes_bus_conditional": null, "lanes_bus_backward": null, "lanes_bus_forward": null, "lanes_psv_backward": null, "lanes_psv_forward": null, "lanes_psv_conditional": null, "lanes_psv_conditional_backward": null, "lanes_psv_conditional_forward": null, "lanes_psv_conditional_both_ways": null, "lanes_psv_both_ways": null, "z_order": 0, "other_tags": null, "n_bus_lanes": 0.0, "distance_to_road": 4.5, "detailed_segregation": "Level track", "cycle_pedestrian_separation": "Unknown", "width_clean": 0.0, "cycle_segregation": "Segregated Track (narrow)" }, "geometry": { "type": "MultiLineString", "coordinates": [ [ [ -0.123201, 51.5046519 ], [ -0.1231341, 51.5046559 ], [ -0.1230683, 51.5046486 ] ] ] } },
{ "type": "Feature", "properties": { "osm_id": "416112692", "name": "Victoria Embankment", "highway": "cycleway", "waterway": null, "aerialway": null, "barrier": null, "man_made": null, "railway": null, "ref": null, "oneway": "no", "maxspeed": null, "bicycle": null, "cycleway_chars": "NA|NA|NA|NA|NA|NA|NA|NA|NA|NA|NA|NA|NA|NA|NA|NA|NA|NA", "cycleway": null, "cycleway_left": null, "cycleway_right": null, "cycleway_both": null, "cycleway_left_bicycle": null, "cycleway_right_bicycle": null, "cycleway_both_bicycle": null, "cycleway_left_segregated": null, "cycleway_right_segregated": null, "cycleway_both_segregated": null, "cycleway_lane": null, "cycleway_left_lane": null, "cycleway_right_lane": null, "cycleway_both_lane": null, "cycleway_surface": null, "cycleway_width": null, "cycleway_est_width": null, "cycleway_buffered_lane": null, "lanes": null, "lanes_both_ways": null, "lanes_forward": null, "lanes_backward": null, "lit": "yes", "width": "3.75", "est_width": null, "segregated": null, "foot": "no", "path": null, "sidewalk": null, "sidewalk_left": null, "sidewalk_right": "separate", "sidewalk_both": null, "footway": null, "service": null, "surface": "asphalt", "tracktype": null, "smoothness": null, "access": null, "bus": null, "busway": null, "psv": null, "lanes_psv": null, "lanes_bus": null, "lanes_bus_conditional": null, "lanes_bus_backward": null, "lanes_bus_forward": null, "lanes_psv_backward": null, "lanes_psv_forward": null, "lanes_psv_conditional": null, "lanes_psv_conditional_backward": null, "lanes_psv_conditional_forward": null, "lanes_psv_conditional_both_ways": null, "lanes_psv_both_ways": null, "z_order": 0, "other_tags": "\"operator\"=>\"Transport for London\",\"operator:wikidata\"=>\"Q682520\",\"width:note\"=>\"Exact width surveyed 4th September\"", "n_bus_lanes": 0.0, "distance_to_road": 10.6, "detailed_segregation": "Level track", "cycle_pedestrian_separation": "Unknown", "width_clean": 3.75, "cycle_segregation": "Segregated Track (wide)" }, "geometry": { "type": "MultiLineString", "coordinates": [ [ [ -0.123883740928671, 51.501374496302432 ], [ -0.1238719, 51.5014466 ], [ -0.123821, 51.5019313 ] ] ] } },
{ "type": "Feature", "properties": { "osm_id": "416441988", "name": null, "highway": "cycleway", "waterway": null, "aerialway": null, "barrier": null, "man_made": null, "railway": null, "ref": null, "oneway": "no", "maxspeed": null, "bicycle": null, "cycleway_chars": "NA|NA|NA|NA|NA|NA|NA|NA|NA|NA|NA|NA|NA|NA|NA|NA|NA|NA", "cycleway": null, "cycleway_left": null, "cycleway_right": null, "cycleway_both": null, "cycleway_left_bicycle": null, "cycleway_right_bicycle": null, "cycleway_both_bicycle": null, "cycleway_left_segregated": null, "cycleway_right_segregated": null, "cycleway_both_segregated": null, "cycleway_lane": null, "cycleway_left_lane": null, "cycleway_right_lane": null, "cycleway_both_lane": null, "cycleway_surface": null, "cycleway_width": null, "cycleway_est_width": null, "cycleway_buffered_lane": null, "lanes": null, "lanes_both_ways": null, "lanes_forward": null, "lanes_backward": null, "lit": "yes", "width": null, "est_width": "3.5", "segregated": null, "foot": "no", "path": null, "sidewalk": "left", "sidewalk_left": null, "sidewalk_right": null, "sidewalk_both": null, "footway": null, "service": null, "surface": "asphalt", "tracktype": null, "smoothness": null, "access": null, "bus": null, "busway": null, "psv": null, "lanes_psv": null, "lanes_bus": null, "lanes_bus_conditional": null, "lanes_bus_backward": null, "lanes_bus_forward": null, "lanes_psv_backward": null, "lanes_psv_forward": null, "lanes_psv_conditional": null, "lanes_psv_conditional_backward": null, "lanes_psv_conditional_forward": null, "lanes_psv_conditional_both_ways": null, "lanes_psv_both_ways": null, "z_order": 0, "other_tags": null, "n_bus_lanes": 0.0, "distance_to_road": 3.3, "detailed_segregation": "Level track", "cycle_pedestrian_separation": "Unknown", "width_clean": 3.5, "cycle_segregation": "Segregated Track (wide)" }, "geometry": { "type": "MultiLineString", "coordinates": [ [ [ -0.1295325, 51.5012589 ], [ -0.1294957, 51.5012863 ], [ -0.1294918, 51.5013085 ] ] ] } },
{ "type": "Feature", "properties": { "osm_id": "419361753", "name": "Great George Street", "highway": "cycleway", "waterway": null, "aerialway": null, "barrier": null, "man_made": null, "railway": null, "ref": null, "oneway": "no", "maxspeed": null, "bicycle": null, "cycleway_chars": "crossing|NA|NA|NA|NA|NA|NA|NA|NA|NA|NA|NA|NA|NA|NA|NA|NA|NA", "cycleway": "crossing", "cycleway_left": null, "cycleway_right": null, "cycleway_both": null, "cycleway_left_bicycle": null, "cycleway_right_bicycle": null, "cycleway_both_bicycle": null, "cycleway_left_segregated": null, "cycleway_right_segregated": null, "cycleway_both_segregated": null, "cycleway_lane": null, "cycleway_left_lane": null, "cycleway_right_lane": null, "cycleway_both_lane": null, "cycleway_surface": null, "cycleway_width": null, "cycleway_est_width": null, "cycleway_buffered_lane": null, "lanes": "2", "lanes_both_ways": null, "lanes_forward": null, "lanes_backward": null, "lit": "yes", "width": null, "est_width": null, "segregated": null, "foot": "no", "path": null, "sidewalk": null, "sidewalk_left": null, "sidewalk_right": null, "sidewalk_both": null, "footway": null, "service": null, "surface": "asphalt", "tracktype": null, "smoothness": null, "access": null, "bus": null, "busway": null, "psv": null, "lanes_psv": null, "lanes_bus": null, "lanes_bus_conditional": null, "lanes_bus_backward": null, "lanes_bus_forward": null, "lanes_psv_backward": null, "lanes_psv_forward": null, "lanes_psv_conditional": null, "lanes_psv_conditional_backward": null, "lanes_psv_conditional_forward": null, "lanes_psv_conditional_both_ways": null, "lanes_psv_both_ways": null, "z_order": 0, "other_tags": null, "n_bus_lanes": 0.0, "distance_to_road": 0.0, "detailed_segregation": "Level track", "cycle_pedestrian_separation": "Unknown", "width_clean": 0.0, "cycle_segregation": "Segregated Track (narrow)" }, "geometry": { "type": "MultiLineString", "coordinates": [ [ [ -0.1273762, 51.5011428 ], [ -0.127308, 51.5011026 ], [ -0.1272278, 51.5010506 ], [ -0.127116, 51.500979 ] ] ] } },
{ "type": "Feature", "properties": { "osm_id": "431792810", "name": null, "highway": "cycleway", "waterway": null, "aerialway": null, "barrier": null, "man_made": null, "railway": null, "ref": null, "oneway": "yes", "maxspeed": null, "bicycle": null, "cycleway_chars": "NA|NA|NA|NA|NA|NA|NA|NA|NA|NA|NA|NA|NA|NA|NA|NA|NA|NA", "cycleway": null, "cycleway_left": null, "cycleway_right": null, "cycleway_both": null, "cycleway_left_bicycle": null, "cycleway_right_bicycle": null, "cycleway_both_bicycle": null, "cycleway_left_segregated": null, "cycleway_right_segregated": null, "cycleway_both_segregated": null, "cycleway_lane": null, "cycleway_left_lane": null, "cycleway_right_lane": null, "cycleway_both_lane": null, "cycleway_surface": null, "cycleway_width": null, "cycleway_est_width": null, "cycleway_buffered_lane": null, "lanes": null, "lanes_both_ways": null, "lanes_forward": null, "lanes_backward": null, "lit": "yes", "width": null, "est_width": "2", "segregated": null, "foot": "no", "path": null, "sidewalk": null, "sidewalk_left": null, "sidewalk_right": null, "sidewalk_both": null, "footway": null, "service": null, "surface": "asphalt", "tracktype": null, "smoothness": null, "access": null, "bus": null, "busway": null, "psv": null, "lanes_psv": null, "lanes_bus": null, "lanes_bus_conditional": null, "lanes_bus_backward": null, "lanes_bus_forward": null, "lanes_psv_backward": null, "lanes_psv_forward": null, "lanes_psv_conditional": null, "lanes_psv_conditional_backward": null, "lanes_psv_conditional_forward": null, "lanes_psv_conditional_both_ways": null, "lanes_psv_both_ways": null, "z_order": 0, "other_tags": null, "n_bus_lanes": 0.0, "distance_to_road": 8.3, "detailed_segregation": "Level track", "cycle_pedestrian_separation": "Unknown", "width_clean": 2.0, "cycle_segregation": "Segregated Track (wide)" }, "geometry": { "type": "MultiLineString", "coordinates": [ [ [ -0.1269288, 51.5002281 ], [ -0.126968, 51.5002908 ], [ -0.1272214, 51.5003228 ], [ -0.1273143, 51.5003294 ], [ -0.1273942, 51.5003597 ], [ -0.1274202, 51.5003914 ], [ -0.1274305, 51.5004216 ], [ -0.1275326, 51.5004476 ] ] ] } },
{ "type": "Feature", "properties": { "osm_id": "431794369", "name": null, "highway": "cycleway", "waterway": null, "aerialway": null, "barrier": null, "man_made": null, "railway": null, "ref": null, "oneway": "yes", "maxspeed": null, "bicycle": null, "cycleway_chars": "NA|NA|NA|NA|NA|NA|NA|NA|NA|NA|NA|NA|NA|NA|NA|NA|NA|NA", "cycleway": null, "cycleway_left": null, "cycleway_right": null, "cycleway_both": null, "cycleway_left_bicycle": null, "cycleway_right_bicycle": null, "cycleway_both_bicycle": null, "cycleway_left_segregated": null, "cycleway_right_segregated": null, "cycleway_both_segregated": null, "cycleway_lane": null, "cycleway_left_lane": null, "cycleway_right_lane": null, "cycleway_both_lane": null, "cycleway_surface": null, "cycleway_width": null, "cycleway_est_width": null, "cycleway_buffered_lane": null, "lanes": null, "lanes_both_ways": null, "lanes_forward": null, "lanes_backward": null, "lit": "yes", "width": null, "est_width": null, "segregated": null, "foot": "yes", "path": null, "sidewalk": null, "sidewalk_left": null, "sidewalk_right": null, "sidewalk_both": null, "footway": null, "service": null, "surface": "paving_stones", "tracktype": null, "smoothness": null, "access": null, "bus": null, "busway": null, "psv": null, "lanes_psv": null, "lanes_bus": null, "lanes_bus_conditional": null, "lanes_bus_backward": null, "lanes_bus_forward": null, "lanes_psv_backward": null, "lanes_psv_forward": null, "lanes_psv_conditional": null, "lanes_psv_conditional_backward": null, "lanes_psv_conditional_forward": null, "lanes_psv_conditional_both_ways": null, "lanes_psv_both_ways": null, "z_order": 0, "other_tags": null, "n_bus_lanes": 0.0, "distance_to_road": 11.5, "detailed_segregation": "Level track", "cycle_pedestrian_separation": "Unknown", "width_clean": 0.0, "cycle_segregation": "Segregated Track (narrow)" }, "geometry": { "type": "MultiLineString", "coordinates": [ [ [ -0.1262545, 51.5008534 ], [ -0.1263182, 51.5008603 ], [ -0.1263427, 51.5008993 ], [ -0.1263396, 51.5009135 ] ] ] } },
{ "type": "Feature", "properties": { "osm_id": "436938229", "name": "Regent Street", "highway": "primary", "waterway": null, "aerialway": null, "barrier": null, "man_made": null, "railway": null, "ref": "A4201", "oneway": "yes", "maxspeed": "20 mph", "bicycle": null, "cycleway_chars": "NA|lane|NA|NA|NA|NA|NA|NA|NA|NA|NA|exclusive|NA|NA|NA|NA|NA|NA", "cycleway": null, "cycleway_left": "lane", "cycleway_right": null, "cycleway_both": null, "cycleway_left_bicycle": null, "cycleway_right_bicycle": null, "cycleway_both_bicycle": null, "cycleway_left_segregated": null, "cycleway_right_segregated": null, "cycleway_both_segregated": null, "cycleway_lane": null, "cycleway_left_lane": "exclusive", "cycleway_right_lane": null, "cycleway_both_lane": null, "cycleway_surface": null, "cycleway_width": null, "cycleway_est_width": null, "cycleway_buffered_lane": null, "lanes": "1", "lanes_both_ways": null, "lanes_forward": null, "lanes_backward": null, "lit": "yes", "width": null, "est_width": null, "segregated": null, "foot": null, "path": null, "sidewalk": null, "sidewalk_left": "separate", "sidewalk_right": "no", "sidewalk_both": null, "footway": null, "service": null, "surface": "asphalt", "tracktype": null, "smoothness": null, "access": null, "bus": null, "busway": null, "psv": null, "lanes_psv": null, "lanes_bus": null, "lanes_bus_conditional": null, "lanes_bus_backward": null, "lanes_bus_forward": null, "lanes_psv_backward": null, "lanes_psv_forward": null, "lanes_psv_conditional": null, "lanes_psv_conditional_backward": null, "lanes_psv_conditional_forward": null, "lanes_psv_conditional_both_ways": null, "lanes_psv_both_ways": null, "z_order": 7, "other_tags": "\"dual_carriageway\"=>\"yes\",\"maxspeed:type\"=>\"GB:zone20\",\"name:ja\"=>\"リージェント・ストリート\",\"name:ru\"=>\"Риджент-стрит\",\"sidewalk:left:surface\"=>\"paving_stones\",\"wikidata\"=>\"Q1123106\",\"wikipedia\"=>\"en:Regent Street\"", "n_bus_lanes": 0.0, "distance_to_road": 0.0, "detailed_segregation": "Painted Cycle Lane", "cycle_pedestrian_separation": "Unknown", "width_clean": 0.0, "cycle_segregation": "Painted Cycle Lane" }, "geometry": { "type": "MultiLineString", "coordinates": [ [ [ -0.1363052, 51.5098407 ], [ -0.1364759, 51.5098345 ], [ -0.1365745, 51.5098367 ] ] ] } },
{ "type": "Feature", "properties": { "osm_id": "436945579", "name": "Haymarket", "highway": "primary", "waterway": null, "aerialway": null, "barrier": null, "man_made": null, "railway": null, "ref": "A4", "oneway": "yes", "maxspeed": "20 mph", "bicycle": null, "cycleway_chars": "NA|shared_lane|NA|NA|NA|NA|NA|NA|NA|NA|NA|pictogram|NA|NA|NA|NA|NA|NA", "cycleway": null, "cycleway_left": "shared_lane", "cycleway_right": null, "cycleway_both": null, "cycleway_left_bicycle": null, "cycleway_right_bicycle": null, "cycleway_both_bicycle": null, "cycleway_left_segregated": null, "cycleway_right_segregated": null, "cycleway_both_segregated": null, "cycleway_lane": null, "cycleway_left_lane": "pictogram", "cycleway_right_lane": null, "cycleway_both_lane": null, "cycleway_surface": null, "cycleway_width": null, "cycleway_est_width": null, "cycleway_buffered_lane": null, "lanes": "3", "lanes_both_ways": null, "lanes_forward": null, "lanes_backward": null, "lit": "yes", "width": null, "est_width": null, "segregated": null, "foot": null, "path": null, "sidewalk": "both", "sidewalk_left": null, "sidewalk_right": null, "sidewalk_both": null, "footway": null, "service": null, "surface": "asphalt", "tracktype": null, "smoothness": null, "access": null, "bus": null, "busway": null, "psv": null, "lanes_psv": null, "lanes_bus": null, "lanes_bus_conditional": null, "lanes_bus_backward": null, "lanes_bus_forward": null, "lanes_psv_backward": null, "lanes_psv_forward": null, "lanes_psv_conditional": null, "lanes_psv_conditional_backward": null, "lanes_psv_conditional_forward": null, "lanes_psv_conditional_both_ways": null, "lanes_psv_both_ways": null, "z_order": 7, "other_tags": "\"maxspeed:type\"=>\"GB:zone20\"", "n_bus_lanes": 0.0, "distance_to_road": 0.0, "detailed_segregation": "Painted Cycle Lane", "cycle_pedestrian_separation": "Unknown", "width_clean": 0.0, "cycle_segregation": "Painted Cycle Lane" }, "geometry": { "type": "MultiLineString", "coordinates": [ [ [ -0.1324028, 51.5092299 ], [ -0.1323782, 51.5092019 ], [ -0.1321722, 51.5089672 ], [ -0.1320508, 51.5088294 ], [ -0.1318387, 51.5085872 ], [ -0.1318032, 51.5085468 ], [ -0.1317462, 51.5084826 ] ] ] } },
{ "type": "Feature", "properties": { "osm_id": "449612413", "name": null, "highway": "cycleway", "waterway": null, "aerialway": null, "barrier": null, "man_made": null, "railway": null, "ref": null, "oneway": "yes", "maxspeed": null, "bicycle": null, "cycleway_chars": "NA|NA|NA|NA|NA|NA|NA|NA|NA|NA|NA|NA|NA|NA|NA|NA|NA|NA", "cycleway": null, "cycleway_left": null, "cycleway_right": null, "cycleway_both": null, "cycleway_left_bicycle": null, "cycleway_right_bicycle": null, "cycleway_both_bicycle": null, "cycleway_left_segregated": null, "cycleway_right_segregated": null, "cycleway_both_segregated": null, "cycleway_lane": null, "cycleway_left_lane": null, "cycleway_right_lane": null, "cycleway_both_lane": null, "cycleway_surface": null, "cycleway_width": null, "cycleway_est_width": null, "cycleway_buffered_lane": null, "lanes": null, "lanes_both_ways": null, "lanes_forward": null, "lanes_backward": null, "lit": "yes", "width": null, "est_width": null, "segregated": null, "foot": "no", "path": null, "sidewalk": "left", "sidewalk_left": null, "sidewalk_right": null, "sidewalk_both": null, "footway": null, "service": null, "surface": "asphalt", "tracktype": null, "smoothness": null, "access": null, "bus": null, "busway": null, "psv": null, "lanes_psv": null, "lanes_bus": null, "lanes_bus_conditional": null, "lanes_bus_backward": null, "lanes_bus_forward": null, "lanes_psv_backward": null, "lanes_psv_forward": null, "lanes_psv_conditional": null, "lanes_psv_conditional_backward": null, "lanes_psv_conditional_forward": null, "lanes_psv_conditional_both_ways": null, "lanes_psv_both_ways": null, "z_order": 0, "other_tags": null, "n_bus_lanes": 0.0, "distance_to_road": 5.2, "detailed_segregation": "Level track", "cycle_pedestrian_separation": "Unknown", "width_clean": 0.0, "cycle_segregation": "Segregated Track (narrow)" }, "geometry": { "type": "MultiLineString", "coordinates": [ [ [ -0.1262363, 51.4997999 ], [ -0.1262979, 51.4998507 ], [ -0.1262966, 51.499941 ], [ -0.1262959, 51.4999574 ], [ -0.1262296, 51.5000114 ] ] ] } },
{ "type": "Feature", "properties": { "osm_id": "451984382", "name": null, "highway": "cycleway", "waterway": null, "aerialway": null, "barrier": null, "man_made": null, "railway": null, "ref": null, "oneway": "no", "maxspeed": null, "bicycle": "designated", "cycleway_chars": "NA|NA|NA|NA|NA|NA|NA|NA|NA|NA|NA|NA|NA|NA|NA|NA|NA|NA", "cycleway": null, "cycleway_left": null, "cycleway_right": null, "cycleway_both": null, "cycleway_left_bicycle": null, "cycleway_right_bicycle": null, "cycleway_both_bicycle": null, "cycleway_left_segregated": null, "cycleway_right_segregated": null, "cycleway_both_segregated": null, "cycleway_lane": null, "cycleway_left_lane": null, "cycleway_right_lane": null, "cycleway_both_lane": null, "cycleway_surface": null, "cycleway_width": null, "cycleway_est_width": null, "cycleway_buffered_lane": null, "lanes": null, "lanes_both_ways": null, "lanes_forward": null, "lanes_backward": null, "lit": null, "width": null, "est_width": null, "segregated": "yes", "foot": "designated", "path": null, "sidewalk": null, "sidewalk_left": null, "sidewalk_right": null, "sidewalk_both": null, "footway": null, "service": null, "surface": "paved", "tracktype": null, "smoothness": null, "access": null, "bus": null, "busway": null, "psv": null, "lanes_psv": null, "lanes_bus": null, "lanes_bus_conditional": null, "lanes_bus_backward": null, "lanes_bus_forward": null, "lanes_psv_backward": null, "lanes_psv_forward": null, "lanes_psv_conditional": null, "lanes_psv_conditional_backward": null, "lanes_psv_conditional_forward": null, "lanes_psv_conditional_both_ways": null, "lanes_psv_both_ways": null, "z_order": 0, "other_tags": null, "n_bus_lanes": 0.0, "distance_to_road": 15.4, "detailed_segregation": "Level track", "cycle_pedestrian_separation": "Shared Footway (segregated)", "width_clean": 0.0, "cycle_segregation": "Segregated Track (narrow)" }, "geometry": { "type": "MultiLineString", "coordinates": [ [ [ -0.1419121, 51.5023317 ], [ -0.1419595, 51.5023238 ], [ -0.1420337, 51.5023238 ], [ -0.1421142, 51.5023261 ], [ -0.1422007, 51.5023269 ] ] ] } },
{ "type": "Feature", "properties": { "osm_id": "451984384", "name": "Constitution Hill", "highway": "cycleway", "waterway": null, "aerialway": null, "barrier": null, "man_made": null, "railway": null, "ref": null, "oneway": "no", "maxspeed": null, "bicycle": null, "cycleway_chars": "NA|NA|NA|NA|NA|NA|NA|NA|NA|NA|NA|NA|NA|NA|asphalt|NA|NA|NA", "cycleway": null, "cycleway_left": null, "cycleway_right": null, "cycleway_both": null, "cycleway_left_bicycle": null, "cycleway_right_bicycle": null, "cycleway_both_bicycle": null, "cycleway_left_segregated": null, "cycleway_right_segregated": null, "cycleway_both_segregated": null, "cycleway_lane": null, "cycleway_left_lane": null, "cycleway_right_lane": null, "cycleway_both_lane": null, "cycleway_surface": "asphalt", "cycleway_width": null, "cycleway_est_width": null, "cycleway_buffered_lane": null, "lanes": null, "lanes_both_ways": null, "lanes_forward": null, "lanes_backward": null, "lit": "yes", "width": "5", "est_width": "6", "segregated": "yes", "foot": "yes", "path": null, "sidewalk": null, "sidewalk_left": null, "sidewalk_right": null, "sidewalk_both": null, "footway": null, "service": null, "surface": "asphalt", "tracktype": null, "smoothness": null, "access": null, "bus": null, "busway": null, "psv": null, "lanes_psv": null, "lanes_bus": null, "lanes_bus_conditional": null, "lanes_bus_backward": null, "lanes_bus_forward": null, "lanes_psv_backward": null, "lanes_psv_forward": null, "lanes_psv_conditional": null, "lanes_psv_conditional_backward": null, "lanes_psv_conditional_forward": null, "lanes_psv_conditional_both_ways": null, "lanes_psv_both_ways": null, "z_order": 0, "other_tags": "\"footway:surface\"=>\"asphalt\",\"historic:highway\"=>\"bridleway\"", "n_bus_lanes": 0.0, "distance_to_road": 12.8, "detailed_segregation": "Level track", "cycle_pedestrian_separation": "Unknown", "width_clean": 5.0, "cycle_segregation": "Segregated Track (wide)" }, "geometry": { "type": "MultiLineString", "coordinates": [ [ [ -0.1422007, 51.5023269 ], [ -0.148842, 51.5025798 ], [ -0.1492341, 51.502594 ] ] ] } },
{ "type": "Feature", "properties": { "osm_id": "462662569", "name": null, "highway": "cycleway", "waterway": null, "aerialway": null, "barrier": null, "man_made": null, "railway": null, "ref": null, "oneway": "yes", "maxspeed": null, "bicycle": null, "cycleway_chars": "NA|NA|NA|NA|NA|NA|NA|NA|NA|NA|NA|NA|NA|NA|NA|NA|NA|NA", "cycleway": null, "cycleway_left": null, "cycleway_right": null, "cycleway_both": null, "cycleway_left_bicycle": null, "cycleway_right_bicycle": null, "cycleway_both_bicycle": null, "cycleway_left_segregated": null, "cycleway_right_segregated": null, "cycleway_both_segregated": null, "cycleway_lane": null, "cycleway_left_lane": null, "cycleway_right_lane": null, "cycleway_both_lane": null, "cycleway_surface": null, "cycleway_width": null, "cycleway_est_width": null, "cycleway_buffered_lane": null, "lanes": null, "lanes_both_ways": null, "lanes_forward": null, "lanes_backward": null, "lit": null, "width": null, "est_width": null, "segregated": null, "foot": null, "path": null, "sidewalk": null, "sidewalk_left": null, "sidewalk_right": null, "sidewalk_both": null, "footway": null, "service": null, "surface": "asphalt", "tracktype": null, "smoothness": null, "access": null, "bus": null, "busway": null, "psv": null, "lanes_psv": null, "lanes_bus": null, "lanes_bus_conditional": null, "lanes_bus_backward": null, "lanes_bus_forward": null, "lanes_psv_backward": null, "lanes_psv_forward": null, "lanes_psv_conditional": null, "lanes_psv_conditional_backward": null, "lanes_psv_conditional_forward": null, "lanes_psv_conditional_both_ways": null, "lanes_psv_both_ways": null, "z_order": 0, "other_tags": null, "n_bus_lanes": 0.0, "distance_to_road": 3.4, "detailed_segregation": "Level track", "cycle_pedestrian_separation": "Unknown", "width_clean": 0.0, "cycle_segregation": "Segregated Track (narrow)" }, "geometry": { "type": "MultiLineString", "coordinates": [ [ [ -0.1331572, 51.5079749 ], [ -0.1331839, 51.5079392 ], [ -0.1332067, 51.5079313 ], [ -0.1332393, 51.507926 ] ] ] } },
{ "type": "Feature", "properties": { "osm_id": "474368744", "name": "Broad Sanctuary", "highway": "primary", "waterway": null, "aerialway": null, "barrier": null, "man_made": null, "railway": null, "ref": "A302", "oneway": "yes", "maxspeed": "20 mph", "bicycle": "yes", "cycleway_chars": "NA|lane|NA|NA|NA|NA|NA|NA|NA|NA|NA|exclusive|NA|NA|NA|NA|NA|NA", "cycleway": null, "cycleway_left": "lane", "cycleway_right": null, "cycleway_both": null, "cycleway_left_bicycle": null, "cycleway_right_bicycle": null, "cycleway_both_bicycle": null, "cycleway_left_segregated": null, "cycleway_right_segregated": null, "cycleway_both_segregated": null, "cycleway_lane": null, "cycleway_left_lane": "exclusive", "cycleway_right_lane": null, "cycleway_both_lane": null, "cycleway_surface": null, "cycleway_width": null, "cycleway_est_width": null, "cycleway_buffered_lane": null, "lanes": "1", "lanes_both_ways": null, "lanes_forward": null, "lanes_backward": null, "lit": "yes", "width": null, "est_width": null, "segregated": null, "foot": "yes", "path": null, "sidewalk": "left", "sidewalk_left": null, "sidewalk_right": null, "sidewalk_both": null, "footway": null, "service": null, "surface": "asphalt", "tracktype": null, "smoothness": null, "access": null, "bus": null, "busway": null, "psv": null, "lanes_psv": null, "lanes_bus": null, "lanes_bus_conditional": null, "lanes_bus_backward": null, "lanes_bus_forward": null, "lanes_psv_backward": null, "lanes_psv_forward": null, "lanes_psv_conditional": null, "lanes_psv_conditional_backward": null, "lanes_psv_conditional_forward": null, "lanes_psv_conditional_both_ways": null, "lanes_psv_both_ways": null, "z_order": 7, "other_tags": "\"horse\"=>\"yes\",\"maxspeed:type\"=>\"GB:zone20\",\"postal_code\"=>\"SW1\",\"sidewalk:left:surface\"=>\"paving_stones\"", "n_bus_lanes": 0.0, "distance_to_road": 0.0, "detailed_segregation": "Painted Cycle Lane", "cycle_pedestrian_separation": "Unknown", "width_clean": 0.0, "cycle_segregation": "Painted Cycle Lane" }, "geometry": { "type": "MultiLineString", "coordinates": [ [ [ -0.1284587, 51.4999669 ], [ -0.1283831, 51.4999948 ], [ -0.1282749, 51.5000286 ], [ -0.1280805, 51.5000871 ] ] ] } },
{ "type": "Feature", "properties": { "osm_id": "475336896", "name": "Broad Sanctuary", "highway": "cycleway", "waterway": null, "aerialway": null, "barrier": null, "man_made": null, "railway": null, "ref": null, "oneway": "yes", "maxspeed": null, "bicycle": null, "cycleway_chars": "NA|NA|NA|NA|NA|NA|NA|NA|NA|NA|NA|NA|NA|NA|NA|NA|NA|NA", "cycleway": null, "cycleway_left": null, "cycleway_right": null, "cycleway_both": null, "cycleway_left_bicycle": null, "cycleway_right_bicycle": null, "cycleway_both_bicycle": null, "cycleway_left_segregated": null, "cycleway_right_segregated": null, "cycleway_both_segregated": null, "cycleway_lane": null, "cycleway_left_lane": null, "cycleway_right_lane": null, "cycleway_both_lane": null, "cycleway_surface": null, "cycleway_width": null, "cycleway_est_width": null, "cycleway_buffered_lane": null, "lanes": null, "lanes_both_ways": null, "lanes_forward": null, "lanes_backward": null, "lit": null, "width": null, "est_width": null, "segregated": null, "foot": "no", "path": null, "sidewalk": "left", "sidewalk_left": null, "sidewalk_right": null, "sidewalk_both": null, "footway": null, "service": null, "surface": "asphalt", "tracktype": null, "smoothness": null, "access": null, "bus": null, "busway": null, "psv": null, "lanes_psv": null, "lanes_bus": null, "lanes_bus_conditional": null, "lanes_bus_backward": null, "lanes_bus_forward": null, "lanes_psv_backward": null, "lanes_psv_forward": null, "lanes_psv_conditional": null, "lanes_psv_conditional_backward": null, "lanes_psv_conditional_forward": null, "lanes_psv_conditional_both_ways": null, "lanes_psv_both_ways": null, "z_order": 0, "other_tags": null, "n_bus_lanes": 0.0, "distance_to_road": 2.8, "detailed_segregation": "Level track", "cycle_pedestrian_separation": "Unknown", "width_clean": 0.0, "cycle_segregation": "Segregated Track (narrow)" }, "geometry": { "type": "MultiLineString", "coordinates": [ [ [ -0.1280805, 51.5000871 ], [ -0.1280624, 51.5001184 ], [ -0.1278784, 51.5001654 ], [ -0.1278553, 51.5001709 ], [ -0.1278071, 51.5001629 ] ] ] } },
{ "type": "Feature", "properties": { "osm_id": "482974060", "name": "Whitehall", "highway": "primary", "waterway": null, "aerialway": null, "barrier": null, "man_made": null, "railway": null, "ref": "A3212", "oneway": "yes", "maxspeed": "20 mph", "bicycle": null, "cycleway_chars": "NA|share_busway|NA|NA|NA|NA|NA|NA|NA|NA|NA|NA|NA|NA|NA|NA|NA|NA", "cycleway": null, "cycleway_left": "share_busway", "cycleway_right": null, "cycleway_both": null, "cycleway_left_bicycle": null, "cycleway_right_bicycle": null, "cycleway_both_bicycle": null, "cycleway_left_segregated": null, "cycleway_right_segregated": null, "cycleway_both_segregated": null, "cycleway_lane": null, "cycleway_left_lane": null, "cycleway_right_lane": null, "cycleway_both_lane": null, "cycleway_surface": null, "cycleway_width": null, "cycleway_est_width": null, "cycleway_buffered_lane": null, "lanes": "3", "lanes_both_ways": null, "lanes_forward": null, "lanes_backward": null, "lit": "yes", "width": null, "est_width": null, "segregated": null, "foot": null, "path": null, "sidewalk": "left", "sidewalk_left": null, "sidewalk_right": null, "sidewalk_both": null, "footway": null, "service": null, "surface": "asphalt", "tracktype": null, "smoothness": null, "access": null, "bus": null, "busway": null, "psv": null, "lanes_psv": null, "lanes_bus": null, "lanes_bus_conditional": null, "lanes_bus_backward": null, "lanes_bus_forward": null, "lanes_psv_backward": null, "lanes_psv_forward": null, "lanes_psv_conditional": null, "lanes_psv_conditional_backward": null, "lanes_psv_conditional_forward": null, "lanes_psv_conditional_both_ways": null, "lanes_psv_both_ways": null, "z_order": 7, "other_tags": "\"busway:left\"=>\"lane\",\"dual_carriageway\"=>\"yes\",\"maxspeed:type\"=>\"GB:zone20\",\"sidewalk:left:surface\"=>\"paving_stones\",\"source:maxspeed\"=>\"survey\",\"turn:lanes\"=>\"through|through|right\"", "n_bus_lanes": 0.0, "distance_to_road": 0.0, "detailed_segregation": "Painted Cycle Lane", "cycle_pedestrian_separation": "Unknown", "width_clean": 0.0, "cycle_segregation": "Painted Cycle Lane" }, "geometry": { "type": "MultiLineString", "coordinates": [ [ [ -0.1262846, 51.5040491 ], [ -0.1263071, 51.5041611 ], [ -0.1263381, 51.5043012 ], [ -0.126393, 51.5044661 ] ] ] } },
{ "type": "Feature", "properties": { "osm_id": "482974061", "name": "Whitehall", "highway": "primary", "waterway": null, "aerialway": null, "barrier": null, "man_made": null, "railway": null, "ref": "A3212", "oneway": "yes", "maxspeed": "20 mph", "bicycle": null, "cycleway_chars": "share_busway|NA|NA|NA|NA|NA|NA|NA|NA|NA|NA|NA|NA|NA|NA|NA|NA|NA", "cycleway": "share_busway", "cycleway_left": null, "cycleway_right": null, "cycleway_both": null, "cycleway_left_bicycle": null, "cycleway_right_bicycle": null, "cycleway_both_bicycle": null, "cycleway_left_segregated": null, "cycleway_right_segregated": null, "cycleway_both_segregated": null, "cycleway_lane": null, "cycleway_left_lane": null, "cycleway_right_lane": null, "cycleway_both_lane": null, "cycleway_surface": null, "cycleway_width": null, "cycleway_est_width": null, "cycleway_buffered_lane": null, "lanes": "2", "lanes_both_ways": null, "lanes_forward": null, "lanes_backward": null, "lit": "yes", "width": null, "est_width": null, "segregated": null, "foot": null, "path": null, "sidewalk": "left", "sidewalk_left": null, "sidewalk_right": null, "sidewalk_both": null, "footway": null, "service": null, "surface": "asphalt", "tracktype": null, "smoothness": null, "access": null, "bus": null, "busway": null, "psv": null, "lanes_psv": "1", "lanes_bus": null, "lanes_bus_conditional": null, "lanes_bus_backward": null, "lanes_bus_forward": null, "lanes_psv_backward": null, "lanes_psv_forward": null, "lanes_psv_conditional": null, "lanes_psv_conditional_backward": null, "lanes_psv_conditional_forward": null, "lanes_psv_conditional_both_ways": null, "lanes_psv_both_ways": null, "z_order": 7, "other_tags": "\"dual_carriageway\"=>\"yes\",\"maxspeed:type\"=>\"GB:zone20\",\"postal_code\"=>\"SW1\",\"sidewalk:left:surface\"=>\"paving_stones\",\"turn:lanes\"=>\"left|through\"", "n_bus_lanes": 1.0, "distance_to_road": 0.0, "detailed_segregation": "Painted Cycle Lane", "cycle_pedestrian_separation": "Unknown", "width_clean": 0.0, "cycle_segregation": "Painted Cycle Lane" }, "geometry": { "type": "MultiLineString", "coordinates": [ [ [ -0.1265213, 51.5052456 ], [ -0.1264412, 51.5050475 ], [ -0.1264184, 51.5049961 ] ] ] } },
{ "type": "Feature", "properties": { "osm_id": "498361607", "name": null, "highway": "footway", "waterway": null, "aerialway": null, "barrier": null, "man_made": null, "railway": null, "ref": null, "oneway": null, "maxspeed": null, "bicycle": "yes", "cycleway_chars": "NA|NA|NA|NA|NA|NA|NA|NA|NA|NA|NA|NA|NA|NA|NA|NA|NA|NA", "cycleway": null, "cycleway_left": null, "cycleway_right": null, "cycleway_both": null, "cycleway_left_bicycle": null, "cycleway_right_bicycle": null, "cycleway_both_bicycle": null, "cycleway_left_segregated": null, "cycleway_right_segregated": null, "cycleway_both_segregated": null, "cycleway_lane": null, "cycleway_left_lane": null, "cycleway_right_lane": null, "cycleway_both_lane": null, "cycleway_surface": null, "cycleway_width": null, "cycleway_est_width": null, "cycleway_buffered_lane": null, "lanes": null, "lanes_both_ways": null, "lanes_forward": null, "lanes_backward": null, "lit": null, "width": null, "est_width": null, "segregated": null, "foot": null, "path": null, "sidewalk": null, "sidewalk_left": null, "sidewalk_right": null, "sidewalk_both": null, "footway": null, "service": null, "surface": "paving_stones", "tracktype": null, "smoothness": null, "access": null, "bus": null, "busway": null, "psv": null, "lanes_psv": null, "lanes_bus": null, "lanes_bus_conditional": null, "lanes_bus_backward": null, "lanes_bus_forward": null, "lanes_psv_backward": null, "lanes_psv_forward": null, "lanes_psv_conditional": null, "lanes_psv_conditional_backward": null, "lanes_psv_conditional_forward": null, "lanes_psv_conditional_both_ways": null, "lanes_psv_both_ways": null, "z_order": 0, "other_tags": null, "n_bus_lanes": 0.0, "distance_to_road": 21.0, "detailed_segregation": "Footway", "cycle_pedestrian_separation": "Unknown", "width_clean": 0.0, "cycle_segregation": "Shared Footway" }, "geometry": { "type": "MultiLineString", "coordinates": [ [ [ -0.1494927, 51.5026138 ], [ -0.1494383, 51.5030134 ], [ -0.1494332, 51.5030507 ], [ -0.1494263, 51.5031409 ], [ -0.1494206, 51.5031857 ] ] ] } },
{ "type": "Feature", "properties": { "osm_id": "498958794", "name": "Great George Street", "highway": "cycleway", "waterway": null, "aerialway": null, "barrier": null, "man_made": null, "railway": null, "ref": null, "oneway": "no", "maxspeed": null, "bicycle": null, "cycleway_chars": "NA|NA|NA|NA|NA|NA|NA|NA|NA|NA|NA|NA|NA|NA|NA|NA|NA|NA", "cycleway": null, "cycleway_left": null, "cycleway_right": null, "cycleway_both": null, "cycleway_left_bicycle": null, "cycleway_right_bicycle": null, "cycleway_both_bicycle": null, "cycleway_left_segregated": null, "cycleway_right_segregated": null, "cycleway_both_segregated": null, "cycleway_lane": null, "cycleway_left_lane": null, "cycleway_right_lane": null, "cycleway_both_lane": null, "cycleway_surface": null, "cycleway_width": null, "cycleway_est_width": null, "cycleway_buffered_lane": null, "lanes": "2", "lanes_both_ways": null, "lanes_forward": null, "lanes_backward": null, "lit": "yes", "width": null, "est_width": "3.5", "segregated": null, "foot": "no", "path": null, "sidewalk": null, "sidewalk_left": "separate", "sidewalk_right": null, "sidewalk_both": null, "footway": null, "service": null, "surface": "asphalt", "tracktype": null, "smoothness": null, "access": null, "bus": null, "busway": null, "psv": null, "lanes_psv": null, "lanes_bus": null, "lanes_bus_conditional": null, "lanes_bus_backward": null, "lanes_bus_forward": null, "lanes_psv_backward": null, "lanes_psv_forward": null, "lanes_psv_conditional": null, "lanes_psv_conditional_backward": null, "lanes_psv_conditional_forward": null, "lanes_psv_conditional_both_ways": null, "lanes_psv_both_ways": null, "z_order": 0, "other_tags": null, "n_bus_lanes": 0.0, "distance_to_road": 4.6, "detailed_segregation": "Level track", "cycle_pedestrian_separation": "Unknown", "width_clean": 3.5, "cycle_segregation": "Segregated Track (wide)" }, "geometry": { "type": "MultiLineString", "coordinates": [ [ [ -0.1294918, 51.5013085 ], [ -0.1294469, 51.5013055 ], [ -0.1283193, 51.5012115 ], [ -0.1278651, 51.5011883 ], [ -0.1275116, 51.5011628 ], [ -0.1274849, 51.5011575 ], [ -0.1274492, 51.5011505 ], [ -0.1273762, 51.5011428 ] ] ] } },
{ "type": "Feature", "properties": { "osm_id": "498958804", "name": "Great George Street", "highway": "cycleway", "waterway": null, "aerialway": null, "barrier": null, "man_made": null, "railway": null, "ref": null, "oneway": "no", "maxspeed": null, "bicycle": null, "cycleway_chars": "NA|NA|NA|NA|NA|NA|NA|NA|NA|NA|NA|NA|NA|NA|NA|NA|NA|NA", "cycleway": null, "cycleway_left": null, "cycleway_right": null, "cycleway_both": null, "cycleway_left_bicycle": null, "cycleway_right_bicycle": null, "cycleway_both_bicycle": null, "cycleway_left_segregated": null, "cycleway_right_segregated": null, "cycleway_both_segregated": null, "cycleway_lane": null, "cycleway_left_lane": null, "cycleway_right_lane": null, "cycleway_both_lane": null, "cycleway_surface": null, "cycleway_width": null, "cycleway_est_width": null, "cycleway_buffered_lane": null, "lanes": null, "lanes_both_ways": null, "lanes_forward": null, "lanes_backward": null, "lit": "yes", "width": null, "est_width": "3", "segregated": null, "foot": "no", "path": null, "sidewalk": "left", "sidewalk_left": null, "sidewalk_right": null, "sidewalk_both": null, "footway": null, "service": null, "surface": "asphalt", "tracktype": null, "smoothness": null, "access": null, "bus": null, "busway": null, "psv": null, "lanes_psv": null, "lanes_bus": null, "lanes_bus_conditional": null, "lanes_bus_backward": null, "lanes_bus_forward": null, "lanes_psv_backward": null, "lanes_psv_forward": null, "lanes_psv_conditional": null, "lanes_psv_conditional_backward": null, "lanes_psv_conditional_forward": null, "lanes_psv_conditional_both_ways": null, "lanes_psv_both_ways": null, "z_order": 0, "other_tags": null, "n_bus_lanes": 0.0, "distance_to_road": 0.0, "detailed_segregation": "Level track", "cycle_pedestrian_separation": "Unknown", "width_clean": 3.0, "cycle_segregation": "Segregated Track (wide)" }, "geometry": { "type": "MultiLineString", "coordinates": [ [ [ -0.1298467, 51.5013351 ], [ -0.1298004, 51.5013304 ], [ -0.1296956, 51.5013198 ] ] ] } },
{ "type": "Feature", "properties": { "osm_id": "498958812", "name": "The Mall", "highway": "tertiary", "waterway": null, "aerialway": null, "barrier": null, "man_made": null, "railway": null, "ref": null, "oneway": null, "maxspeed": "20 mph", "bicycle": null, "cycleway_chars": "NA|lane|no|NA|NA|NA|NA|NA|NA|NA|NA|advisory|NA|NA|NA|NA|NA|NA", "cycleway": null, "cycleway_left": "lane", "cycleway_right": "no", "cycleway_both": null, "cycleway_left_bicycle": null, "cycleway_right_bicycle": null, "cycleway_both_bicycle": null, "cycleway_left_segregated": null, "cycleway_right_segregated": null, "cycleway_both_segregated": null, "cycleway_lane": null, "cycleway_left_lane": "advisory", "cycleway_right_lane": null, "cycleway_both_lane": null, "cycleway_surface": null, "cycleway_width": null, "cycleway_est_width": null, "cycleway_buffered_lane": null, "lanes": "4", "lanes_both_ways": null, "lanes_forward": null, "lanes_backward": null, "lit": "yes", "width": null, "est_width": null, "segregated": null, "foot": null, "path": null, "sidewalk": null, "sidewalk_left": null, "sidewalk_right": null, "sidewalk_both": "separate", "footway": null, "service": null, "surface": "asphalt", "tracktype": null, "smoothness": null, "access": null, "bus": null, "busway": null, "psv": null, "lanes_psv": null, "lanes_bus": null, "lanes_bus_conditional": null, "lanes_bus_backward": null, "lanes_bus_forward": null, "lanes_psv_backward": null, "lanes_psv_forward": null, "lanes_psv_conditional": null, "lanes_psv_conditional_backward": null, "lanes_psv_conditional_forward": null, "lanes_psv_conditional_both_ways": null, "lanes_psv_both_ways": null, "z_order": 4, "other_tags": "\"name:en\"=>\"The Mall\",\"name:he\"=>\"המאל\",\"name:ja\"=>\"ザ・マル\",\"name:zh\"=>\"林荫路\",\"operator\"=>\"City of Westminster\",\"postal_code\"=>\"SW1\",\"rcn\"=>\"proposed\",\"wikidata\"=>\"Q842930\",\"wikipedia\"=>\"en:The Mall, London\"", "n_bus_lanes": 0.0, "distance_to_road": 0.0, "detailed_segregation": "Painted Cycle Lane", "cycle_pedestrian_separation": "Unknown", "width_clean": 0.0, "cycle_segregation": "Painted Cycle Lane" }, "geometry": { "type": "MultiLineString", "coordinates": [ [ [ -0.130808, 51.5058624 ], [ -0.1306096, 51.5059382 ], [ -0.1305263, 51.5059712 ], [ -0.130437, 51.5060098 ] ] ] } },
{ "type": "Feature", "properties": { "osm_id": "498958814", "name": "Birdcage Walk", "highway": "cycleway", "waterway": null, "aerialway": null, "barrier": null, "man_made": null, "railway": null, "ref": null, "oneway": "no", "maxspeed": null, "bicycle": null, "cycleway_chars": "NA|NA|NA|NA|NA|NA|NA|NA|NA|NA|NA|NA|NA|NA|NA|NA|NA|NA", "cycleway": null, "cycleway_left": null, "cycleway_right": null, "cycleway_both": null, "cycleway_left_bicycle": null, "cycleway_right_bicycle": null, "cycleway_both_bicycle": null, "cycleway_left_segregated": null, "cycleway_right_segregated": null, "cycleway_both_segregated": null, "cycleway_lane": null, "cycleway_left_lane": null, "cycleway_right_lane": null, "cycleway_both_lane": null, "cycleway_surface": null, "cycleway_width": null, "cycleway_est_width": null, "cycleway_buffered_lane": null, "lanes": null, "lanes_both_ways": null, "lanes_forward": null, "lanes_backward": null, "lit": "yes", "width": null, "est_width": "3", "segregated": null, "foot": "no", "path": null, "sidewalk": null, "sidewalk_left": null, "sidewalk_right": null, "sidewalk_both": null, "footway": null, "service": null, "surface": "asphalt", "tracktype": null, "smoothness": null, "access": null, "bus": null, "busway": null, "psv": null, "lanes_psv": null, "lanes_bus": null, "lanes_bus_conditional": null, "lanes_bus_backward": null, "lanes_bus_forward": null, "lanes_psv_backward": null, "lanes_psv_forward": null, "lanes_psv_conditional": null, "lanes_psv_conditional_backward": null, "lanes_psv_conditional_forward": null, "lanes_psv_conditional_both_ways": null, "lanes_psv_both_ways": null, "z_order": 0, "other_tags": null, "n_bus_lanes": 0.0, "distance_to_road": 0.0, "detailed_segregation": "Level track", "cycle_pedestrian_separation": "Unknown", "width_clean": 3.0, "cycle_segregation": "Segregated Track (wide)" }, "geometry": { "type": "MultiLineString", "coordinates": [ [ [ -0.1299078, 51.5013413 ], [ -0.1298467, 51.5013351 ] ] ] } },
{ "type": "Feature", "properties": { "osm_id": "502228876", "name": "Berkeley Street", "highway": "tertiary", "waterway": null, "aerialway": null, "barrier": null, "man_made": null, "railway": null, "ref": null, "oneway": "yes", "maxspeed": "20 mph", "bicycle": null, "cycleway_chars": "NA|lane|no|NA|NA|NA|NA|NA|NA|NA|NA|advisory|NA|NA|NA|NA|NA|NA", "cycleway": null, "cycleway_left": "lane", "cycleway_right": "no", "cycleway_both": null, "cycleway_left_bicycle": null, "cycleway_right_bicycle": null, "cycleway_both_bicycle": null, "cycleway_left_segregated": null, "cycleway_right_segregated": null, "cycleway_both_segregated": null, "cycleway_lane": null, "cycleway_left_lane": "advisory", "cycleway_right_lane": null, "cycleway_both_lane": null, "cycleway_surface": null, "cycleway_width": null, "cycleway_est_width": null, "cycleway_buffered_lane": null, "lanes": null, "lanes_both_ways": null, "lanes_forward": null, "lanes_backward": null, "lit": "yes", "width": null, "est_width": null, "segregated": null, "foot": null, "path": null, "sidewalk": "both", "sidewalk_left": null, "sidewalk_right": null, "sidewalk_both": null, "footway": null, "service": null, "surface": "asphalt", "tracktype": null, "smoothness": null, "access": null, "bus": null, "busway": null, "psv": null, "lanes_psv": null, "lanes_bus": null, "lanes_bus_conditional": null, "lanes_bus_backward": null, "lanes_bus_forward": null, "lanes_psv_backward": null, "lanes_psv_forward": null, "lanes_psv_conditional": null, "lanes_psv_conditional_backward": null, "lanes_psv_conditional_forward": null, "lanes_psv_conditional_both_ways": null, "lanes_psv_both_ways": null, "z_order": 4, "other_tags": "\"operator\"=>\"City of Westminster\"", "n_bus_lanes": 0.0, "distance_to_road": 0.0, "detailed_segregation": "Painted Cycle Lane", "cycle_pedestrian_separation": "Unknown", "width_clean": 0.0, "cycle_segregation": "Painted Cycle Lane" }, "geometry": { "type": "MultiLineString", "coordinates": [ [ [ -0.1426346, 51.5076408 ], [ -0.142619, 51.5076279 ], [ -0.1421757, 51.5072595 ], [ -0.1420668, 51.5071738 ] ] ] } },
{ "type": "Feature", "properties": { "osm_id": "507436948", "name": null, "highway": "cycleway", "waterway": null, "aerialway": null, "barrier": null, "man_made": null, "railway": null, "ref": null, "oneway": null, "maxspeed": null, "bicycle": "designated", "cycleway_chars": "crossing|NA|NA|NA|NA|NA|NA|NA|NA|NA|NA|NA|NA|NA|NA|NA|NA|NA", "cycleway": "crossing", "cycleway_left": null, "cycleway_right": null, "cycleway_both": null, "cycleway_left_bicycle": null, "cycleway_right_bicycle": null, "cycleway_both_bicycle": null, "cycleway_left_segregated": null, "cycleway_right_segregated": null, "cycleway_both_segregated": null, "cycleway_lane": null, "cycleway_left_lane": null, "cycleway_right_lane": null, "cycleway_both_lane": null, "cycleway_surface": null, "cycleway_width": null, "cycleway_est_width": null, "cycleway_buffered_lane": null, "lanes": null, "lanes_both_ways": null, "lanes_forward": null, "lanes_backward": null, "lit": "yes", "width": null, "est_width": null, "segregated": "no", "foot": "designated", "path": null, "sidewalk": null, "sidewalk_left": null, "sidewalk_right": null, "sidewalk_both": null, "footway": null, "service": null, "surface": "asphalt", "tracktype": null, "smoothness": null, "access": null, "bus": null, "busway": null, "psv": null, "lanes_psv": null, "lanes_bus": null, "lanes_bus_conditional": null, "lanes_bus_backward": null, "lanes_bus_forward": null, "lanes_psv_backward": null, "lanes_psv_forward": null, "lanes_psv_conditional": null, "lanes_psv_conditional_backward": null, "lanes_psv_conditional_forward": null, "lanes_psv_conditional_both_ways": null, "lanes_psv_both_ways": null, "z_order": 0, "other_tags": "\"crossing\"=>\"traffic_signals\",\"crossing:island\"=>\"no\",\"crossing_ref\"=>\"toucan\",\"tactile_paving\"=>\"yes\"", "n_bus_lanes": 0.0, "distance_to_road": 0.0, "detailed_segregation": "Level track", "cycle_pedestrian_separation": "Shared Footway (not segregated)", "width_clean": 0.0, "cycle_segregation": "Shared Footway" }, "geometry": { "type": "MultiLineString", "coordinates": [ [ [ -0.1495305, 51.5025722 ], [ -0.1495342, 51.5025419 ], [ -0.1495372, 51.5025165 ] ] ] } },
{ "type": "Feature", "properties": { "osm_id": "522733534", "name": "Birdcage Walk", "highway": "cycleway", "waterway": null, "aerialway": null, "barrier": null, "man_made": null, "railway": null, "ref": null, "oneway": "no", "maxspeed": null, "bicycle": null, "cycleway_chars": "NA|NA|NA|NA|NA|NA|NA|NA|NA|NA|NA|NA|NA|NA|asphalt|NA|NA|NA", "cycleway": null, "cycleway_left": null, "cycleway_right": null, "cycleway_both": null, "cycleway_left_bicycle": null, "cycleway_right_bicycle": null, "cycleway_both_bicycle": null, "cycleway_left_segregated": null, "cycleway_right_segregated": null, "cycleway_both_segregated": null, "cycleway_lane": null, "cycleway_left_lane": null, "cycleway_right_lane": null, "cycleway_both_lane": null, "cycleway_surface": "asphalt", "cycleway_width": null, "cycleway_est_width": null, "cycleway_buffered_lane": null, "lanes": "2", "lanes_both_ways": null, "lanes_forward": null, "lanes_backward": null, "lit": "yes", "width": null, "est_width": "5", "segregated": "yes", "foot": "no", "path": null, "sidewalk": null, "sidewalk_left": null, "sidewalk_right": "separate", "sidewalk_both": null, "footway": null, "service": null, "surface": "asphalt", "tracktype": null, "smoothness": null, "access": null, "bus": null, "busway": null, "psv": null, "lanes_psv": null, "lanes_bus": null, "lanes_bus_conditional": null, "lanes_bus_backward": null, "lanes_bus_forward": null, "lanes_psv_backward": null, "lanes_psv_forward": null, "lanes_psv_conditional": null, "lanes_psv_conditional_backward": null, "lanes_psv_conditional_forward": null, "lanes_psv_conditional_both_ways": null, "lanes_psv_both_ways": null, "z_order": 0, "other_tags": "\"segregation_method\"=>\"bollards\"", "n_bus_lanes": 0.0, "distance_to_road": 6.9, "detailed_segregation": "Level track", "cycle_pedestrian_separation": "Unknown", "width_clean": 5.0, "cycle_segregation": "Segregated Track (wide)" }, "geometry": { "type": "MultiLineString", "coordinates": [ [ [ -0.1299078, 51.5013413 ], [ -0.1300448, 51.5013398 ], [ -0.1301062, 51.5013374 ], [ -0.1301633, 51.5013374 ], [ -0.1303009, 51.5013338 ], [ -0.1307226, 51.5013103 ], [ -0.1317314, 51.501206 ], [ -0.1332799, 51.5010352 ], [ -0.1338367, 51.5009856 ], [ -0.1339115, 51.5009772 ], [ -0.1339854, 51.5009688 ], [ -0.1362992, 51.5007298 ], [ -0.1385706, 51.5004898 ], [ -0.1386409, 51.5004839 ], [ -0.1387154, 51.5004766 ], [ -0.1389442, 51.5004645 ], [ -0.1390152, 51.5004791 ], [ -0.139069, 51.5004976 ] ] ] } },
{ "type": "Feature", "properties": { "osm_id": "529293340", "name": "Constitution Hill", "highway": "cycleway", "waterway": null, "aerialway": null, "barrier": null, "man_made": null, "railway": null, "ref": null, "oneway": "no", "maxspeed": null, "bicycle": null, "cycleway_chars": "NA|NA|NA|NA|NA|NA|NA|NA|NA|NA|NA|NA|NA|NA|NA|NA|NA|NA", "cycleway": null, "cycleway_left": null, "cycleway_right": null, "cycleway_both": null, "cycleway_left_bicycle": null, "cycleway_right_bicycle": null, "cycleway_both_bicycle": null, "cycleway_left_segregated": null, "cycleway_right_segregated": null, "cycleway_both_segregated": null, "cycleway_lane": null, "cycleway_left_lane": null, "cycleway_right_lane": null, "cycleway_both_lane": null, "cycleway_surface": null, "cycleway_width": null, "cycleway_est_width": null, "cycleway_buffered_lane": null, "lanes": null, "lanes_both_ways": null, "lanes_forward": null, "lanes_backward": null, "lit": "yes", "width": null, "est_width": null, "segregated": null, "foot": "no", "path": null, "sidewalk": null, "sidewalk_left": null, "sidewalk_right": null, "sidewalk_both": null, "footway": null, "service": null, "surface": "asphalt", "tracktype": null, "smoothness": null, "access": null, "bus": null, "busway": null, "psv": null, "lanes_psv": null, "lanes_bus": null, "lanes_bus_conditional": null, "lanes_bus_backward": null, "lanes_bus_forward": null, "lanes_psv_backward": null, "lanes_psv_forward": null, "lanes_psv_conditional": null, "lanes_psv_conditional_backward": null, "lanes_psv_conditional_forward": null, "lanes_psv_conditional_both_ways": null, "lanes_psv_both_ways": null, "z_order": 0, "other_tags": null, "n_bus_lanes": 0.0, "distance_to_road": 0.0, "detailed_segregation": "Level track", "cycle_pedestrian_separation": "Unknown", "width_clean": 0.0, "cycle_segregation": "Segregated Track (narrow)" }, "geometry": { "type": "MultiLineString", "coordinates": [ [ [ -0.1400019, 51.5020833 ], [ -0.1400877, 51.5021452 ] ] ] } },
{ "type": "Feature", "properties": { "osm_id": "529293341", "name": "Buckingham Palace Road", "highway": "cycleway", "waterway": null, "aerialway": null, "barrier": null, "man_made": null, "railway": null, "ref": null, "oneway": "no", "maxspeed": null, "bicycle": null, "cycleway_chars": "NA|NA|NA|NA|NA|NA|NA|NA|NA|NA|NA|NA|NA|NA|NA|NA|NA|NA", "cycleway": null, "cycleway_left": null, "cycleway_right": null, "cycleway_both": null, "cycleway_left_bicycle": null, "cycleway_right_bicycle": null, "cycleway_both_bicycle": null, "cycleway_left_segregated": null, "cycleway_right_segregated": null, "cycleway_both_segregated": null, "cycleway_lane": null, "cycleway_left_lane": null, "cycleway_right_lane": null, "cycleway_both_lane": null, "cycleway_surface": null, "cycleway_width": null, "cycleway_est_width": null, "cycleway_buffered_lane": null, "lanes": "2", "lanes_both_ways": null, "lanes_forward": null, "lanes_backward": null, "lit": "yes", "width": null, "est_width": "4", "segregated": null, "foot": "no", "path": null, "sidewalk": null, "sidewalk_left": "no", "sidewalk_right": "separate", "sidewalk_both": null, "footway": null, "service": null, "surface": "asphalt", "tracktype": null, "smoothness": null, "access": null, "bus": null, "busway": null, "psv": null, "lanes_psv": null, "lanes_bus": null, "lanes_bus_conditional": null, "lanes_bus_backward": null, "lanes_bus_forward": null, "lanes_psv_backward": null, "lanes_psv_forward": null, "lanes_psv_conditional": null, "lanes_psv_conditional_backward": null, "lanes_psv_conditional_forward": null, "lanes_psv_conditional_both_ways": null, "lanes_psv_both_ways": null, "z_order": 0, "other_tags": null, "n_bus_lanes": 0.0, "distance_to_road": 6.0, "detailed_segregation": "Level track", "cycle_pedestrian_separation": "Unknown", "width_clean": 4.0, "cycle_segregation": "Segregated Track (wide)" }, "geometry": { "type": "MultiLineString", "coordinates": [ [ [ -0.1400287, 51.5013996 ], [ -0.1400668, 51.5014436 ], [ -0.1400781, 51.5014893 ], [ -0.1400798, 51.5015294 ], [ -0.1400614, 51.5015672 ], [ -0.1400291, 51.5016016 ], [ -0.1399646, 51.5016708 ], [ -0.1399291, 51.5017327 ], [ -0.1399155, 51.5017807 ], [ -0.1399047, 51.5018316 ], [ -0.1399034, 51.5018832 ], [ -0.1399243, 51.5019632 ] ] ] } },
{ "type": "Feature", "properties": { "osm_id": "529293343", "name": "Spur Road", "highway": "cycleway", "waterway": null, "aerialway": null, "barrier": null, "man_made": null, "railway": null, "ref": null, "oneway": "no", "maxspeed": null, "bicycle": null, "cycleway_chars": "NA|NA|NA|NA|NA|NA|NA|NA|NA|NA|NA|NA|NA|NA|NA|NA|NA|NA", "cycleway": null, "cycleway_left": null, "cycleway_right": null, "cycleway_both": null, "cycleway_left_bicycle": null, "cycleway_right_bicycle": null, "cycleway_both_bicycle": null, "cycleway_left_segregated": null, "cycleway_right_segregated": null, "cycleway_both_segregated": null, "cycleway_lane": null, "cycleway_left_lane": null, "cycleway_right_lane": null, "cycleway_both_lane": null, "cycleway_surface": null, "cycleway_width": null, "cycleway_est_width": null, "cycleway_buffered_lane": null, "lanes": "2", "lanes_both_ways": null, "lanes_forward": null, "lanes_backward": null, "lit": "yes", "width": null, "est_width": "4.5", "segregated": null, "foot": "no", "path": null, "sidewalk": null, "sidewalk_left": "no", "sidewalk_right": "separate", "sidewalk_both": null, "footway": null, "service": null, "surface": "asphalt", "tracktype": null, "smoothness": null, "access": null, "bus": null, "busway": null, "psv": null, "lanes_psv": null, "lanes_bus": null, "lanes_bus_conditional": null, "lanes_bus_backward": null, "lanes_bus_forward": null, "lanes_psv_backward": null, "lanes_psv_forward": null, "lanes_psv_conditional": null, "lanes_psv_conditional_backward": null, "lanes_psv_conditional_forward": null, "lanes_psv_conditional_both_ways": null, "lanes_psv_both_ways": null, "z_order": 0, "other_tags": null, "n_bus_lanes": 0.0, "distance_to_road": 11.3, "detailed_segregation": "Level track", "cycle_pedestrian_separation": "Unknown", "width_clean": 4.5, "cycle_segregation": "Segregated Track (wide)" }, "geometry": { "type": "MultiLineString", "coordinates": [ [ [ -0.1392266, 51.5006336 ], [ -0.1394581, 51.5008674 ], [ -0.1395125, 51.5009199 ], [ -0.139567, 51.5009755 ], [ -0.1400287, 51.5013996 ] ] ] } },
{ "type": "Feature", "properties": { "osm_id": "537932902", "name": "The Mall", "highway": "tertiary", "waterway": null, "aerialway": null, "barrier": null, "man_made": null, "railway": null, "ref": null, "oneway": "yes", "maxspeed": "20 mph", "bicycle": null, "cycleway_chars": "NA|lane|NA|NA|NA|NA|NA|NA|NA|NA|NA|NA|NA|NA|NA|NA|NA|NA", "cycleway": null, "cycleway_left": "lane", "cycleway_right": null, "cycleway_both": null, "cycleway_left_bicycle": null, "cycleway_right_bicycle": null, "cycleway_both_bicycle": null, "cycleway_left_segregated": null, "cycleway_right_segregated": null, "cycleway_both_segregated": null, "cycleway_lane": null, "cycleway_left_lane": null, "cycleway_right_lane": null, "cycleway_both_lane": null, "cycleway_surface": null, "cycleway_width": null, "cycleway_est_width": null, "cycleway_buffered_lane": null, "lanes": null, "lanes_both_ways": null, "lanes_forward": null, "lanes_backward": null, "lit": "yes", "width": null, "est_width": null, "segregated": null, "foot": null, "path": null, "sidewalk": null, "sidewalk_left": "separate", "sidewalk_right": "no", "sidewalk_both": null, "footway": null, "service": null, "surface": null, "tracktype": null, "smoothness": null, "access": null, "bus": null, "busway": null, "psv": null, "lanes_psv": null, "lanes_bus": null, "lanes_bus_conditional": null, "lanes_bus_backward": null, "lanes_bus_forward": null, "lanes_psv_backward": null, "lanes_psv_forward": null, "lanes_psv_conditional": null, "lanes_psv_conditional_backward": null, "lanes_psv_conditional_forward": null, "lanes_psv_conditional_both_ways": null, "lanes_psv_both_ways": null, "z_order": 4, "other_tags": "\"maxspeed:type\"=>\"GB:zone20\",\"name:ja\"=>\"ザ・マル\",\"operator\"=>\"City of Westminster\",\"rcn\"=>\"proposed\",\"was:access\"=>\"no\"", "n_bus_lanes": 0.0, "distance_to_road": 0.0, "detailed_segregation": "Painted Cycle Lane", "cycle_pedestrian_separation": "Unknown", "width_clean": 0.0, "cycle_segregation": "Painted Cycle Lane" }, "geometry": { "type": "MultiLineString", "coordinates": [ [ [ -0.1285852, 51.5067687 ], [ -0.1284061, 51.5068394 ] ] ] } },
{ "type": "Feature", "properties": { "osm_id": "537932905", "name": "The Mall", "highway": "tertiary", "waterway": null, "aerialway": null, "barrier": null, "man_made": null, "railway": null, "ref": null, "oneway": "yes", "maxspeed": "20 mph", "bicycle": null, "cycleway_chars": "NA|lane|NA|NA|NA|NA|NA|NA|NA|NA|NA|NA|NA|NA|NA|NA|NA|NA", "cycleway": null, "cycleway_left": "lane", "cycleway_right": null, "cycleway_both": null, "cycleway_left_bicycle": null, "cycleway_right_bicycle": null, "cycleway_both_bicycle": null, "cycleway_left_segregated": null, "cycleway_right_segregated": null, "cycleway_both_segregated": null, "cycleway_lane": null, "cycleway_left_lane": null, "cycleway_right_lane": null, "cycleway_both_lane": null, "cycleway_surface": null, "cycleway_width": null, "cycleway_est_width": null, "cycleway_buffered_lane": null, "lanes": null, "lanes_both_ways": null, "lanes_forward": null, "lanes_backward": null, "lit": "yes", "width": null, "est_width": null, "segregated": null, "foot": null, "path": null, "sidewalk": null, "sidewalk_left": "separate", "sidewalk_right": "no", "sidewalk_both": null, "footway": null, "service": null, "surface": null, "tracktype": null, "smoothness": null, "access": null, "bus": null, "busway": null, "psv": null, "lanes_psv": null, "lanes_bus": null, "lanes_bus_conditional": null, "lanes_bus_backward": null, "lanes_bus_forward": null, "lanes_psv_backward": null, "lanes_psv_forward": null, "lanes_psv_conditional": null, "lanes_psv_conditional_backward": null, "lanes_psv_conditional_forward": null, "lanes_psv_conditional_both_ways": null, "lanes_psv_both_ways": null, "z_order": 4, "other_tags": "\"maxspeed:type\"=>\"GB:zone20\",\"name:ja\"=>\"ザ・マル\",\"operator\"=>\"City of Westminster\",\"rcn\"=>\"proposed\",\"tunnel\"=>\"building_passage\",\"was:access\"=>\"no\"", "n_bus_lanes": 0.0, "distance_to_road": 0.0, "detailed_segregation": "Painted Cycle Lane", "cycle_pedestrian_separation": "Unknown", "width_clean": 0.0, "cycle_segregation": "Painted Cycle Lane" }, "geometry": { "type": "MultiLineString", "coordinates": [ [ [ -0.1287029, 51.5067187 ], [ -0.1285852, 51.5067687 ] ] ] } },
{ "type": "Feature", "properties": { "osm_id": "537932911", "name": "The Mall", "highway": "tertiary", "waterway": null, "aerialway": null, "barrier": null, "man_made": null, "railway": null, "ref": null, "oneway": "yes", "maxspeed": "20 mph", "bicycle": null, "cycleway_chars": "NA|lane|NA|NA|NA|NA|NA|NA|NA|NA|NA|NA|NA|NA|NA|NA|NA|NA", "cycleway": null, "cycleway_left": "lane", "cycleway_right": null, "cycleway_both": null, "cycleway_left_bicycle": null, "cycleway_right_bicycle": null, "cycleway_both_bicycle": null, "cycleway_left_segregated": null, "cycleway_right_segregated": null, "cycleway_both_segregated": null, "cycleway_lane": null, "cycleway_left_lane": null, "cycleway_right_lane": null, "cycleway_both_lane": null, "cycleway_surface": null, "cycleway_width": null, "cycleway_est_width": null, "cycleway_buffered_lane": null, "lanes": null, "lanes_both_ways": null, "lanes_forward": null, "lanes_backward": null, "lit": "yes", "width": null, "est_width": null, "segregated": null, "foot": null, "path": null, "sidewalk": null, "sidewalk_left": "separate", "sidewalk_right": "no", "sidewalk_both": null, "footway": null, "service": null, "surface": null, "tracktype": null, "smoothness": null, "access": null, "bus": null, "busway": null, "psv": null, "lanes_psv": null, "lanes_bus": null, "lanes_bus_conditional": null, "lanes_bus_backward": null, "lanes_bus_forward": null, "lanes_psv_backward": null, "lanes_psv_forward": null, "lanes_psv_conditional": null, "lanes_psv_conditional_backward": null, "lanes_psv_conditional_forward": null, "lanes_psv_conditional_both_ways": null, "lanes_psv_both_ways": null, "z_order": 4, "other_tags": "\"maxspeed:type\"=>\"GB:zone20\",\"name:ja\"=>\"ザ・マル\",\"operator\"=>\"City of Westminster\",\"rcn\"=>\"proposed\",\"tunnel\"=>\"building_passage\"", "n_bus_lanes": 0.0, "distance_to_road": 0.0, "detailed_segregation": "Painted Cycle Lane", "cycle_pedestrian_separation": "Unknown", "width_clean": 0.0, "cycle_segregation": "Painted Cycle Lane" }, "geometry": { "type": "MultiLineString", "coordinates": [ [ [ -0.1285013, 51.5067291 ], [ -0.1286567, 51.506661 ] ] ] } },
{ "type": "Feature", "properties": { "osm_id": "542468803", "name": "Panton Street", "highway": "residential", "waterway": null, "aerialway": null, "barrier": null, "man_made": null, "railway": null, "ref": null, "oneway": "yes", "maxspeed": "20 mph", "bicycle": null, "cycleway_chars": "NA|no|lane|NA|NA|NA|NA|NA|NA|NA|NA|NA|advisory|NA|NA|NA|NA|NA", "cycleway": null, "cycleway_left": "no", "cycleway_right": "lane", "cycleway_both": null, "cycleway_left_bicycle": null, "cycleway_right_bicycle": null, "cycleway_both_bicycle": null, "cycleway_left_segregated": null, "cycleway_right_segregated": null, "cycleway_both_segregated": null, "cycleway_lane": null, "cycleway_left_lane": null, "cycleway_right_lane": "advisory", "cycleway_both_lane": null, "cycleway_surface": null, "cycleway_width": null, "cycleway_est_width": null, "cycleway_buffered_lane": null, "lanes": "2", "lanes_both_ways": null, "lanes_forward": null, "lanes_backward": null, "lit": "yes", "width": null, "est_width": null, "segregated": null, "foot": null, "path": null, "sidewalk": "both", "sidewalk_left": null, "sidewalk_right": null, "sidewalk_both": null, "footway": null, "service": null, "surface": "asphalt", "tracktype": null, "smoothness": null, "access": null, "bus": null, "busway": null, "psv": null, "lanes_psv": null, "lanes_bus": null, "lanes_bus_conditional": null, "lanes_bus_backward": null, "lanes_bus_forward": null, "lanes_psv_backward": null, "lanes_psv_forward": null, "lanes_psv_conditional": null, "lanes_psv_conditional_backward": null, "lanes_psv_conditional_forward": null, "lanes_psv_conditional_both_ways": null, "lanes_psv_both_ways": null, "z_order": 3, "other_tags": "\"cycleway:right:oneway\"=>\"-1\",\"maxspeed:type\"=>\"GB:zone20\",\"oneway:bicycle\"=>\"no\",\"postal_code\"=>\"SW1\",\"sidewalk:both:surface\"=>\"paving_stones\"", "n_bus_lanes": 0.0, "distance_to_road": 0.0, "detailed_segregation": "Painted Cycle Lane", "cycle_pedestrian_separation": "Unknown", "width_clean": 0.0, "cycle_segregation": "Painted Cycle Lane" }, "geometry": { "type": "MultiLineString", "coordinates": [ [ [ -0.1322085, 51.5093106 ], [ -0.1322958, 51.5092744 ], [ -0.1323287, 51.5092607 ] ] ] } },
{ "type": "Feature", "properties": { "osm_id": "547283731", "name": null, "highway": "cycleway", "waterway": null, "aerialway": null, "barrier": null, "man_made": null, "railway": null, "ref": null, "oneway": "yes", "maxspeed": null, "bicycle": null, "cycleway_chars": "NA|NA|NA|NA|NA|NA|NA|NA|NA|NA|NA|NA|NA|NA|NA|NA|NA|NA", "cycleway": null, "cycleway_left": null, "cycleway_right": null, "cycleway_both": null, "cycleway_left_bicycle": null, "cycleway_right_bicycle": null, "cycleway_both_bicycle": null, "cycleway_left_segregated": null, "cycleway_right_segregated": null, "cycleway_both_segregated": null, "cycleway_lane": null, "cycleway_left_lane": null, "cycleway_right_lane": null, "cycleway_both_lane": null, "cycleway_surface": null, "cycleway_width": null, "cycleway_est_width": null, "cycleway_buffered_lane": null, "lanes": "1", "lanes_both_ways": null, "lanes_forward": null, "lanes_backward": null, "lit": "yes", "width": null, "est_width": null, "segregated": null, "foot": "no", "path": null, "sidewalk": null, "sidewalk_left": null, "sidewalk_right": null, "sidewalk_both": null, "footway": null, "service": null, "surface": "asphalt", "tracktype": null, "smoothness": null, "access": null, "bus": null, "busway": null, "psv": null, "lanes_psv": null, "lanes_bus": null, "lanes_bus_conditional": null, "lanes_bus_backward": null, "lanes_bus_forward": null, "lanes_psv_backward": null, "lanes_psv_forward": null, "lanes_psv_conditional": null, "lanes_psv_conditional_backward": null, "lanes_psv_conditional_forward": null, "lanes_psv_conditional_both_ways": null, "lanes_psv_both_ways": null, "z_order": 0, "other_tags": null, "n_bus_lanes": 0.0, "distance_to_road": 3.2, "detailed_segregation": "Level track", "cycle_pedestrian_separation": "Unknown", "width_clean": 0.0, "cycle_segregation": "Segregated Track (narrow)" }, "geometry": { "type": "MultiLineString", "coordinates": [ [ [ -0.1391176, 51.5004555 ], [ -0.139138, 51.5004073 ], [ -0.1391677, 51.5003748 ] ] ] } },
{ "type": "Feature", "properties": { "osm_id": "547545592", "name": "Constitution Hill", "highway": "cycleway", "waterway": null, "aerialway": null, "barrier": null, "man_made": null, "railway": null, "ref": null, "oneway": "no", "maxspeed": null, "bicycle": "designated", "cycleway_chars": "NA|NA|NA|NA|NA|NA|NA|NA|NA|NA|NA|NA|NA|NA|NA|NA|NA|NA", "cycleway": null, "cycleway_left": null, "cycleway_right": null, "cycleway_both": null, "cycleway_left_bicycle": null, "cycleway_right_bicycle": null, "cycleway_both_bicycle": null, "cycleway_left_segregated": null, "cycleway_right_segregated": null, "cycleway_both_segregated": null, "cycleway_lane": null, "cycleway_left_lane": null, "cycleway_right_lane": null, "cycleway_both_lane": null, "cycleway_surface": null, "cycleway_width": null, "cycleway_est_width": null, "cycleway_buffered_lane": null, "lanes": null, "lanes_both_ways": null, "lanes_forward": null, "lanes_backward": null, "lit": "yes", "width": null, "est_width": null, "segregated": "no", "foot": "designated", "path": null, "sidewalk": null, "sidewalk_left": null, "sidewalk_right": null, "sidewalk_both": null, "footway": null, "service": null, "surface": "paving_stones", "tracktype": null, "smoothness": null, "access": null, "bus": null, "busway": null, "psv": null, "lanes_psv": null, "lanes_bus": null, "lanes_bus_conditional": null, "lanes_bus_backward": null, "lanes_bus_forward": null, "lanes_psv_backward": null, "lanes_psv_forward": null, "lanes_psv_conditional": null, "lanes_psv_conditional_backward": null, "lanes_psv_conditional_forward": null, "lanes_psv_conditional_both_ways": null, "lanes_psv_both_ways": null, "z_order": 0, "other_tags": "\"mkgmap:flare-check\"=>\"no\"", "n_bus_lanes": 0.0, "distance_to_road": 10.1, "detailed_segregation": "Level track", "cycle_pedestrian_separation": "Shared Footway (not segregated)", "width_clean": 0.0, "cycle_segregation": "Shared Footway" }, "geometry": { "type": "MultiLineString", "coordinates": [ [ [ -0.1497047, 51.5026425 ], [ -0.1495761, 51.5026343 ], [ -0.1495525, 51.5026285 ], [ -0.1495246, 51.5026217 ], [ -0.1494927, 51.5026138 ] ] ] } },
{ "type": "Feature", "properties": { "osm_id": "547545593", "name": null, "highway": "cycleway", "waterway": null, "aerialway": null, "barrier": null, "man_made": null, "railway": null, "ref": null, "oneway": "no", "maxspeed": null, "bicycle": "permissive", "cycleway_chars": "NA|NA|NA|NA|NA|NA|NA|NA|NA|NA|NA|NA|NA|NA|NA|NA|NA|NA", "cycleway": null, "cycleway_left": null, "cycleway_right": null, "cycleway_both": null, "cycleway_left_bicycle": null, "cycleway_right_bicycle": null, "cycleway_both_bicycle": null, "cycleway_left_segregated": null, "cycleway_right_segregated": null, "cycleway_both_segregated": null, "cycleway_lane": null, "cycleway_left_lane": null, "cycleway_right_lane": null, "cycleway_both_lane": null, "cycleway_surface": null, "cycleway_width": null, "cycleway_est_width": null, "cycleway_buffered_lane": null, "lanes": null, "lanes_both_ways": null, "lanes_forward": null, "lanes_backward": null, "lit": null, "width": null, "est_width": null, "segregated": null, "foot": null, "path": null, "sidewalk": null, "sidewalk_left": null, "sidewalk_right": null, "sidewalk_both": null, "footway": null, "service": null, "surface": "asphalt", "tracktype": null, "smoothness": null, "access": null, "bus": null, "busway": null, "psv": null, "lanes_psv": null, "lanes_bus": null, "lanes_bus_conditional": null, "lanes_bus_backward": null, "lanes_bus_forward": null, "lanes_psv_backward": null, "lanes_psv_forward": null, "lanes_psv_conditional": null, "lanes_psv_conditional_backward": null, "lanes_psv_conditional_forward": null, "lanes_psv_conditional_both_ways": null, "lanes_psv_both_ways": null, "z_order": 0, "other_tags": null, "n_bus_lanes": 0.0, "distance_to_road": 6.9, "detailed_segregation": "Level track", "cycle_pedestrian_separation": "Unknown", "width_clean": 0.0, "cycle_segregation": "Segregated Track (narrow)" }, "geometry": { "type": "MultiLineString", "coordinates": [ [ [ -0.1360444, 51.5038979 ], [ -0.1359047, 51.503962 ], [ -0.1357863, 51.5040157 ], [ -0.1357457, 51.5040837 ] ] ] } },
{ "type": "Feature", "properties": { "osm_id": "547545594", "name": null, "highway": "cycleway", "waterway": null, "aerialway": null, "barrier": null, "man_made": null, "railway": null, "ref": null, "oneway": "no", "maxspeed": null, "bicycle": null, "cycleway_chars": "crossing|NA|NA|NA|NA|NA|NA|NA|NA|NA|NA|NA|NA|NA|NA|NA|NA|NA", "cycleway": "crossing", "cycleway_left": null, "cycleway_right": null, "cycleway_both": null, "cycleway_left_bicycle": null, "cycleway_right_bicycle": null, "cycleway_both_bicycle": null, "cycleway_left_segregated": null, "cycleway_right_segregated": null, "cycleway_both_segregated": null, "cycleway_lane": null, "cycleway_left_lane": null, "cycleway_right_lane": null, "cycleway_both_lane": null, "cycleway_surface": null, "cycleway_width": null, "cycleway_est_width": null, "cycleway_buffered_lane": null, "lanes": null, "lanes_both_ways": null, "lanes_forward": null, "lanes_backward": null, "lit": null, "width": null, "est_width": null, "segregated": null, "foot": "yes", "path": null, "sidewalk": null, "sidewalk_left": null, "sidewalk_right": null, "sidewalk_both": null, "footway": null, "service": null, "surface": "asphalt", "tracktype": null, "smoothness": null, "access": null, "bus": null, "busway": null, "psv": null, "lanes_psv": null, "lanes_bus": null, "lanes_bus_conditional": null, "lanes_bus_backward": null, "lanes_bus_forward": null, "lanes_psv_backward": null, "lanes_psv_forward": null, "lanes_psv_conditional": null, "lanes_psv_conditional_backward": null, "lanes_psv_conditional_forward": null, "lanes_psv_conditional_both_ways": null, "lanes_psv_both_ways": null, "z_order": 0, "other_tags": "\"crossing\"=>\"unmarked\"", "n_bus_lanes": 0.0, "distance_to_road": 0.0, "detailed_segregation": "Level track", "cycle_pedestrian_separation": "Unknown", "width_clean": 0.0, "cycle_segregation": "Segregated Track (narrow)" }, "geometry": { "type": "MultiLineString", "coordinates": [ [ [ -0.136248, 51.5038036 ], [ -0.1361517, 51.5038483 ], [ -0.1360444, 51.5038979 ] ] ] } },
{ "type": "Feature", "properties": { "osm_id": "552858323", "name": "Constitution Hill", "highway": "cycleway", "waterway": null, "aerialway": null, "barrier": null, "man_made": null, "railway": null, "ref": null, "oneway": "no", "maxspeed": null, "bicycle": null, "cycleway_chars": "NA|NA|NA|NA|NA|NA|NA|NA|NA|NA|NA|NA|NA|NA|NA|NA|NA|NA", "cycleway": null, "cycleway_left": null, "cycleway_right": null, "cycleway_both": null, "cycleway_left_bicycle": null, "cycleway_right_bicycle": null, "cycleway_both_bicycle": null, "cycleway_left_segregated": null, "cycleway_right_segregated": null, "cycleway_both_segregated": null, "cycleway_lane": null, "cycleway_left_lane": null, "cycleway_right_lane": null, "cycleway_both_lane": null, "cycleway_surface": null, "cycleway_width": null, "cycleway_est_width": null, "cycleway_buffered_lane": null, "lanes": null, "lanes_both_ways": null, "lanes_forward": null, "lanes_backward": null, "lit": "yes", "width": null, "est_width": "4", "segregated": null, "foot": "no", "path": null, "sidewalk": "right", "sidewalk_left": null, "sidewalk_right": null, "sidewalk_both": null, "footway": null, "service": null, "surface": "asphalt", "tracktype": null, "smoothness": null, "access": null, "bus": null, "busway": null, "psv": null, "lanes_psv": null, "lanes_bus": null, "lanes_bus_conditional": null, "lanes_bus_backward": null, "lanes_bus_forward": null, "lanes_psv_backward": null, "lanes_psv_forward": null, "lanes_psv_conditional": null, "lanes_psv_conditional_backward": null, "lanes_psv_conditional_forward": null, "lanes_psv_conditional_both_ways": null, "lanes_psv_both_ways": null, "z_order": 0, "other_tags": null, "n_bus_lanes": 0.0, "distance_to_road": 0.0, "detailed_segregation": "Level track", "cycle_pedestrian_separation": "Unknown", "width_clean": 4.0, "cycle_segregation": "Segregated Track (wide)" }, "geometry": { "type": "MultiLineString", "coordinates": [ [ [ -0.1400877, 51.5021452 ], [ -0.1401606, 51.5021904 ], [ -0.1402466, 51.5022283 ], [ -0.1403252, 51.5022561 ], [ -0.1404022, 51.5022717 ], [ -0.1404856, 51.5022819 ], [ -0.1405923, 51.5022844 ], [ -0.1407041, 51.5022812 ], [ -0.1408304, 51.5022703 ], [ -0.1410895, 51.5022543 ], [ -0.1413256, 51.5022384 ], [ -0.1414378, 51.5022359 ], [ -0.1418416, 51.5022536 ], [ -0.1419349, 51.5022571 ], [ -0.1420393, 51.5022619 ], [ -0.1421172, 51.5022733 ], [ -0.1421689, 51.502289 ], [ -0.1422007, 51.5023269 ] ] ] } },
{ "type": "Feature", "properties": { "osm_id": "552858324", "name": "Buckingham Palace Road", "highway": "cycleway", "waterway": null, "aerialway": null, "barrier": null, "man_made": null, "railway": null, "ref": null, "oneway": "no", "maxspeed": null, "bicycle": null, "cycleway_chars": "NA|NA|NA|NA|NA|NA|NA|NA|NA|NA|NA|NA|NA|NA|NA|NA|NA|NA", "cycleway": null, "cycleway_left": null, "cycleway_right": null, "cycleway_both": null, "cycleway_left_bicycle": null, "cycleway_right_bicycle": null, "cycleway_both_bicycle": null, "cycleway_left_segregated": null, "cycleway_right_segregated": null, "cycleway_both_segregated": null, "cycleway_lane": null, "cycleway_left_lane": null, "cycleway_right_lane": null, "cycleway_both_lane": null, "cycleway_surface": null, "cycleway_width": null, "cycleway_est_width": null, "cycleway_buffered_lane": null, "lanes": null, "lanes_both_ways": null, "lanes_forward": null, "lanes_backward": null, "lit": "yes", "width": null, "est_width": null, "segregated": null, "foot": "no", "path": null, "sidewalk": "right", "sidewalk_left": null, "sidewalk_right": null, "sidewalk_both": null, "footway": null, "service": null, "surface": "asphalt", "tracktype": null, "smoothness": null, "access": null, "bus": null, "busway": null, "psv": null, "lanes_psv": null, "lanes_bus": null, "lanes_bus_conditional": null, "lanes_bus_backward": null, "lanes_bus_forward": null, "lanes_psv_backward": null, "lanes_psv_forward": null, "lanes_psv_conditional": null, "lanes_psv_conditional_backward": null, "lanes_psv_conditional_forward": null, "lanes_psv_conditional_both_ways": null, "lanes_psv_both_ways": null, "z_order": 0, "other_tags": null, "n_bus_lanes": 0.0, "distance_to_road": 7.3, "detailed_segregation": "Level track", "cycle_pedestrian_separation": "Unknown", "width_clean": 0.0, "cycle_segregation": "Segregated Track (narrow)" }, "geometry": { "type": "MultiLineString", "coordinates": [ [ [ -0.1399243, 51.5019632 ], [ -0.139951, 51.5020178 ], [ -0.1400019, 51.5020833 ] ] ] } },
{ "type": "Feature", "properties": { "osm_id": "559766160", "name": "Moor Street", "highway": "unclassified", "waterway": null, "aerialway": null, "barrier": null, "man_made": null, "railway": null, "ref": null, "oneway": "yes", "maxspeed": "20 mph", "bicycle": "yes", "cycleway_chars": "NA|NA|NA|shared_lane|NA|NA|NA|NA|NA|NA|NA|NA|NA|pictogram|NA|NA|NA|NA", "cycleway": null, "cycleway_left": null, "cycleway_right": null, "cycleway_both": "shared_lane", "cycleway_left_bicycle": null, "cycleway_right_bicycle": null, "cycleway_both_bicycle": null, "cycleway_left_segregated": null, "cycleway_right_segregated": null, "cycleway_both_segregated": null, "cycleway_lane": null, "cycleway_left_lane": null, "cycleway_right_lane": null, "cycleway_both_lane": "pictogram", "cycleway_surface": null, "cycleway_width": null, "cycleway_est_width": null, "cycleway_buffered_lane": null, "lanes": null, "lanes_both_ways": null, "lanes_forward": null, "lanes_backward": null, "lit": "yes", "width": null, "est_width": null, "segregated": null, "foot": null, "path": null, "sidewalk": "both", "sidewalk_left": null, "sidewalk_right": null, "sidewalk_both": null, "footway": null, "service": null, "surface": "paving_stones", "tracktype": null, "smoothness": null, "access": null, "bus": null, "busway": null, "psv": null, "lanes_psv": null, "lanes_bus": null, "lanes_bus_conditional": null, "lanes_bus_backward": null, "lanes_bus_forward": null, "lanes_psv_backward": null, "lanes_psv_forward": null, "lanes_psv_conditional": null, "lanes_psv_conditional_backward": null, "lanes_psv_conditional_forward": null, "lanes_psv_conditional_both_ways": null, "lanes_psv_both_ways": null, "z_order": 3, "other_tags": "\"cycleway:right:oneway\"=>\"-1\",\"hour_off\"=>\"06:00\",\"hour_on\"=>\"18:00\",\"lane_markings\"=>\"no\",\"maxspeed:type\"=>\"GB:zone20\",\"motor_vehicle\"=>\"no\",\"oneway:bicycle\"=>\"no\"", "n_bus_lanes": 0.0, "distance_to_road": 0.0, "detailed_segregation": "Painted Cycle Lane", "cycle_pedestrian_separation": "Unknown", "width_clean": 0.0, "cycle_segregation": "Painted Cycle Lane" }, "geometry": { "type": "MultiLineString", "coordinates": [ [ [ -0.1295564, 51.5134779 ], [ -0.1294374, 51.5134699 ] ] ] } },
{ "type": "Feature", "properties": { "osm_id": "565199557", "name": null, "highway": "cycleway", "waterway": null, "aerialway": null, "barrier": null, "man_made": null, "railway": null, "ref": null, "oneway": "yes", "maxspeed": null, "bicycle": null, "cycleway_chars": "NA|NA|NA|NA|NA|NA|NA|NA|NA|NA|NA|NA|NA|NA|asphalt|NA|NA|NA", "cycleway": null, "cycleway_left": null, "cycleway_right": null, "cycleway_both": null, "cycleway_left_bicycle": null, "cycleway_right_bicycle": null, "cycleway_both_bicycle": null, "cycleway_left_segregated": null, "cycleway_right_segregated": null, "cycleway_both_segregated": null, "cycleway_lane": null, "cycleway_left_lane": null, "cycleway_right_lane": null, "cycleway_both_lane": null, "cycleway_surface": "asphalt", "cycleway_width": null, "cycleway_est_width": null, "cycleway_buffered_lane": null, "lanes": null, "lanes_both_ways": null, "lanes_forward": null, "lanes_backward": null, "lit": null, "width": null, "est_width": null, "segregated": "yes", "foot": "yes", "path": null, "sidewalk": null, "sidewalk_left": null, "sidewalk_right": null, "sidewalk_both": null, "footway": null, "service": null, "surface": null, "tracktype": null, "smoothness": null, "access": null, "bus": null, "busway": null, "psv": null, "lanes_psv": null, "lanes_bus": null, "lanes_bus_conditional": null, "lanes_bus_backward": null, "lanes_bus_forward": null, "lanes_psv_backward": null, "lanes_psv_forward": null, "lanes_psv_conditional": null, "lanes_psv_conditional_backward": null, "lanes_psv_conditional_forward": null, "lanes_psv_conditional_both_ways": null, "lanes_psv_both_ways": null, "z_order": 0, "other_tags": null, "n_bus_lanes": 0.0, "distance_to_road": 3.0, "detailed_segregation": "Level track", "cycle_pedestrian_separation": "Unknown", "width_clean": 0.0, "cycle_segregation": "Segregated Track (narrow)" }, "geometry": { "type": "MultiLineString", "coordinates": [ [ [ -0.126944, 51.5095078 ], [ -0.126962, 51.5094935 ], [ -0.1269662, 51.5094833 ], [ -0.1269753, 51.5094559 ] ] ] } },
{ "type": "Feature", "properties": { "osm_id": "570050974", "name": "Birdcage Walk", "highway": "tertiary", "waterway": null, "aerialway": null, "barrier": null, "man_made": null, "railway": null, "ref": null, "oneway": "yes", "maxspeed": "20 mph", "bicycle": null, "cycleway_chars": "NA|NA|lane|NA|NA|NA|NA|NA|NA|NA|NA|NA|NA|NA|NA|NA|NA|NA", "cycleway": null, "cycleway_left": null, "cycleway_right": "lane", "cycleway_both": null, "cycleway_left_bicycle": null, "cycleway_right_bicycle": null, "cycleway_both_bicycle": null, "cycleway_left_segregated": null, "cycleway_right_segregated": null, "cycleway_both_segregated": null, "cycleway_lane": null, "cycleway_left_lane": null, "cycleway_right_lane": null, "cycleway_both_lane": null, "cycleway_surface": null, "cycleway_width": null, "cycleway_est_width": null, "cycleway_buffered_lane": null, "lanes": "2", "lanes_both_ways": null, "lanes_forward": null, "lanes_backward": null, "lit": "yes", "width": null, "est_width": null, "segregated": null, "foot": null, "path": null, "sidewalk": null, "sidewalk_left": "yes", "sidewalk_right": "separate", "sidewalk_both": null, "footway": null, "service": null, "surface": "asphalt", "tracktype": null, "smoothness": null, "access": null, "bus": null, "busway": null, "psv": null, "lanes_psv": null, "lanes_bus": null, "lanes_bus_conditional": null, "lanes_bus_backward": null, "lanes_bus_forward": null, "lanes_psv_backward": null, "lanes_psv_forward": null, "lanes_psv_conditional": null, "lanes_psv_conditional_backward": null, "lanes_psv_conditional_forward": null, "lanes_psv_conditional_both_ways": null, "lanes_psv_both_ways": null, "z_order": 4, "other_tags": "\"cycleway:right:oneway\"=>\"-1\",\"oneway:bicycle\"=>\"no\",\"operator\"=>\"City of Westminster\",\"operator:wikidata\"=>\"Q7989145\",\"ref:GB:usrn\"=>\"8401270\",\"wikidata\"=>\"Q938290\"", "n_bus_lanes": 0.0, "distance_to_road": 0.0, "detailed_segregation": "Painted Cycle Lane", "cycle_pedestrian_separation": "Unknown", "width_clean": 0.0, "cycle_segregation": "Painted Cycle Lane" }, "geometry": { "type": "MultiLineString", "coordinates": [ [ [ -0.1406365, 51.5002162 ], [ -0.1408653, 51.5001929 ] ] ] } },
{ "type": "Feature", "properties": { "osm_id": "570050975", "name": "Birdcage Walk", "highway": "cycleway", "waterway": null, "aerialway": null, "barrier": null, "man_made": null, "railway": null, "ref": null, "oneway": "yes", "maxspeed": null, "bicycle": null, "cycleway_chars": "NA|NA|NA|NA|NA|NA|NA|NA|NA|NA|NA|NA|NA|NA|NA|NA|NA|NA", "cycleway": null, "cycleway_left": null, "cycleway_right": null, "cycleway_both": null, "cycleway_left_bicycle": null, "cycleway_right_bicycle": null, "cycleway_both_bicycle": null, "cycleway_left_segregated": null, "cycleway_right_segregated": null, "cycleway_both_segregated": null, "cycleway_lane": null, "cycleway_left_lane": null, "cycleway_right_lane": null, "cycleway_both_lane": null, "cycleway_surface": null, "cycleway_width": null, "cycleway_est_width": null, "cycleway_buffered_lane": null, "lanes": null, "lanes_both_ways": null, "lanes_forward": null, "lanes_backward": null, "lit": "yes", "width": null, "est_width": null, "segregated": "yes", "foot": "yes", "path": null, "sidewalk": "left", "sidewalk_left": null, "sidewalk_right": null, "sidewalk_both": null, "footway": null, "service": null, "surface": "asphalt", "tracktype": null, "smoothness": null, "access": null, "bus": null, "busway": null, "psv": null, "lanes_psv": null, "lanes_bus": null, "lanes_bus_conditional": null, "lanes_bus_backward": null, "lanes_bus_forward": null, "lanes_psv_backward": null, "lanes_psv_forward": null, "lanes_psv_conditional": null, "lanes_psv_conditional_backward": null, "lanes_psv_conditional_forward": null, "lanes_psv_conditional_both_ways": null, "lanes_psv_both_ways": null, "z_order": 0, "other_tags": null, "n_bus_lanes": 0.0, "distance_to_road": 4.0, "detailed_segregation": "Level track", "cycle_pedestrian_separation": "Unknown", "width_clean": 0.0, "cycle_segregation": "Segregated Track (narrow)" }, "geometry": { "type": "MultiLineString", "coordinates": [ [ [ -0.1404441, 51.5002313 ], [ -0.1405037, 51.5001897 ], [ -0.1405724, 51.5001835 ], [ -0.1406365, 51.5002162 ] ] ] } },
{ "type": "Feature", "properties": { "osm_id": "570050977", "name": "Birdcage Walk", "highway": "cycleway", "waterway": null, "aerialway": null, "barrier": null, "man_made": null, "railway": null, "ref": null, "oneway": "yes", "maxspeed": null, "bicycle": null, "cycleway_chars": "NA|NA|NA|NA|NA|NA|NA|NA|NA|NA|NA|NA|NA|NA|NA|NA|NA|NA", "cycleway": null, "cycleway_left": null, "cycleway_right": null, "cycleway_both": null, "cycleway_left_bicycle": null, "cycleway_right_bicycle": null, "cycleway_both_bicycle": null, "cycleway_left_segregated": null, "cycleway_right_segregated": null, "cycleway_both_segregated": null, "cycleway_lane": null, "cycleway_left_lane": null, "cycleway_right_lane": null, "cycleway_both_lane": null, "cycleway_surface": null, "cycleway_width": null, "cycleway_est_width": null, "cycleway_buffered_lane": null, "lanes": null, "lanes_both_ways": null, "lanes_forward": null, "lanes_backward": null, "lit": "yes", "width": null, "est_width": null, "segregated": "yes", "foot": "yes", "path": null, "sidewalk": "left", "sidewalk_left": null, "sidewalk_right": null, "sidewalk_both": null, "footway": null, "service": null, "surface": "asphalt", "tracktype": null, "smoothness": null, "access": null, "bus": null, "busway": null, "psv": null, "lanes_psv": null, "lanes_bus": null, "lanes_bus_conditional": null, "lanes_bus_backward": null, "lanes_bus_forward": null, "lanes_psv_backward": null, "lanes_psv_forward": null, "lanes_psv_conditional": null, "lanes_psv_conditional_backward": null, "lanes_psv_conditional_forward": null, "lanes_psv_conditional_both_ways": null, "lanes_psv_both_ways": null, "z_order": 0, "other_tags": null, "n_bus_lanes": 0.0, "distance_to_road": 3.3, "detailed_segregation": "Level track", "cycle_pedestrian_separation": "Unknown", "width_clean": 0.0, "cycle_segregation": "Segregated Track (narrow)" }, "geometry": { "type": "MultiLineString", "coordinates": [ [ [ -0.1391677, 51.5003748 ], [ -0.1391873, 51.5003452 ], [ -0.139519, 51.5003039 ], [ -0.1395959, 51.5003267 ] ] ] } },
{ "type": "Feature", "properties": { "osm_id": "570050979", "name": "Birdcage Walk", "highway": "cycleway", "waterway": null, "aerialway": null, "barrier": null, "man_made": null, "railway": null, "ref": null, "oneway": "yes", "maxspeed": null, "bicycle": null, "cycleway_chars": "NA|NA|NA|NA|NA|NA|NA|NA|NA|NA|NA|NA|NA|NA|NA|NA|NA|NA", "cycleway": null, "cycleway_left": null, "cycleway_right": null, "cycleway_both": null, "cycleway_left_bicycle": null, "cycleway_right_bicycle": null, "cycleway_both_bicycle": null, "cycleway_left_segregated": null, "cycleway_right_segregated": null, "cycleway_both_segregated": null, "cycleway_lane": null, "cycleway_left_lane": null, "cycleway_right_lane": null, "cycleway_both_lane": null, "cycleway_surface": null, "cycleway_width": null, "cycleway_est_width": null, "cycleway_buffered_lane": null, "lanes": null, "lanes_both_ways": null, "lanes_forward": null, "lanes_backward": null, "lit": "yes", "width": null, "est_width": "2", "segregated": "yes", "foot": "yes", "path": null, "sidewalk": null, "sidewalk_left": null, "sidewalk_right": null, "sidewalk_both": null, "footway": null, "service": null, "surface": "asphalt", "tracktype": null, "smoothness": null, "access": null, "bus": null, "busway": null, "psv": null, "lanes_psv": null, "lanes_bus": null, "lanes_bus_conditional": null, "lanes_bus_backward": null, "lanes_bus_forward": null, "lanes_psv_backward": null, "lanes_psv_forward": null, "lanes_psv_conditional": null, "lanes_psv_conditional_backward": null, "lanes_psv_conditional_forward": null, "lanes_psv_conditional_both_ways": null, "lanes_psv_both_ways": null, "z_order": 0, "other_tags": "\"segregation_method\"=>\"bollards\"", "n_bus_lanes": 0.0, "distance_to_road": 5.6, "detailed_segregation": "Level track", "cycle_pedestrian_separation": "Unknown", "width_clean": 2.0, "cycle_segregation": "Segregated Track (wide)" }, "geometry": { "type": "MultiLineString", "coordinates": [ [ [ -0.1406365, 51.5002162 ], [ -0.1405524, 51.5002831 ], [ -0.1395949, 51.5003776 ], [ -0.1394065, 51.5004041 ], [ -0.1393237, 51.5004213 ] ] ] } },
{ "type": "Feature", "properties": { "osm_id": "575394076", "name": "The Mall", "highway": "tertiary", "waterway": null, "aerialway": null, "barrier": null, "man_made": null, "railway": null, "ref": null, "oneway": "yes", "maxspeed": "20 mph", "bicycle": null, "cycleway_chars": "NA|lane|NA|NA|NA|NA|NA|NA|NA|NA|NA|NA|NA|NA|NA|NA|NA|NA", "cycleway": null, "cycleway_left": "lane", "cycleway_right": null, "cycleway_both": null, "cycleway_left_bicycle": null, "cycleway_right_bicycle": null, "cycleway_both_bicycle": null, "cycleway_left_segregated": null, "cycleway_right_segregated": null, "cycleway_both_segregated": null, "cycleway_lane": null, "cycleway_left_lane": null, "cycleway_right_lane": null, "cycleway_both_lane": null, "cycleway_surface": null, "cycleway_width": null, "cycleway_est_width": null, "cycleway_buffered_lane": null, "lanes": null, "lanes_both_ways": null, "lanes_forward": null, "lanes_backward": null, "lit": "yes", "width": null, "est_width": null, "segregated": null, "foot": null, "path": null, "sidewalk": null, "sidewalk_left": "separate", "sidewalk_right": "no", "sidewalk_both": null, "footway": null, "service": null, "surface": null, "tracktype": null, "smoothness": null, "access": null, "bus": null, "busway": null, "psv": null, "lanes_psv": null, "lanes_bus": null, "lanes_bus_conditional": null, "lanes_bus_backward": null, "lanes_bus_forward": null, "lanes_psv_backward": null, "lanes_psv_forward": null, "lanes_psv_conditional": null, "lanes_psv_conditional_backward": null, "lanes_psv_conditional_forward": null, "lanes_psv_conditional_both_ways": null, "lanes_psv_both_ways": null, "z_order": 4, "other_tags": "\"maxspeed:type\"=>\"GB:zone20\",\"name:ja\"=>\"ザ・マル\",\"operator\"=>\"City of Westminster\",\"rcn\"=>\"proposed\"", "n_bus_lanes": 0.0, "distance_to_road": 0.0, "detailed_segregation": "Painted Cycle Lane", "cycle_pedestrian_separation": "Unknown", "width_clean": 0.0, "cycle_segregation": "Painted Cycle Lane" }, "geometry": { "type": "MultiLineString", "coordinates": [ [ [ -0.1284091, 51.506778 ], [ -0.1285013, 51.5067291 ] ] ] } },
{ "type": "Feature", "properties": { "osm_id": "575394079", "name": "The Mall", "highway": "tertiary", "waterway": null, "aerialway": null, "barrier": null, "man_made": null, "railway": null, "ref": null, "oneway": "yes", "maxspeed": "20 mph", "bicycle": null, "cycleway_chars": "NA|lane|NA|NA|NA|NA|NA|NA|NA|NA|NA|NA|NA|NA|NA|NA|NA|NA", "cycleway": null, "cycleway_left": "lane", "cycleway_right": null, "cycleway_both": null, "cycleway_left_bicycle": null, "cycleway_right_bicycle": null, "cycleway_both_bicycle": null, "cycleway_left_segregated": null, "cycleway_right_segregated": null, "cycleway_both_segregated": null, "cycleway_lane": null, "cycleway_left_lane": null, "cycleway_right_lane": null, "cycleway_both_lane": null, "cycleway_surface": null, "cycleway_width": null, "cycleway_est_width": null, "cycleway_buffered_lane": null, "lanes": null, "lanes_both_ways": null, "lanes_forward": null, "lanes_backward": null, "lit": "yes", "width": null, "est_width": null, "segregated": null, "foot": null, "path": null, "sidewalk": null, "sidewalk_left": "separate", "sidewalk_right": "no", "sidewalk_both": null, "footway": null, "service": null, "surface": null, "tracktype": null, "smoothness": null, "access": null, "bus": null, "busway": null, "psv": null, "lanes_psv": null, "lanes_bus": null, "lanes_bus_conditional": null, "lanes_bus_backward": null, "lanes_bus_forward": null, "lanes_psv_backward": null, "lanes_psv_forward": null, "lanes_psv_conditional": null, "lanes_psv_conditional_backward": null, "lanes_psv_conditional_forward": null, "lanes_psv_conditional_both_ways": null, "lanes_psv_both_ways": null, "z_order": 4, "other_tags": "\"maxspeed:type\"=>\"GB:zone20\",\"name:ja\"=>\"ザ・マル\",\"operator\"=>\"City of Westminster\",\"rcn\"=>\"proposed\",\"was:access\"=>\"no\"", "n_bus_lanes": 0.0, "distance_to_road": 0.0, "detailed_segregation": "Painted Cycle Lane", "cycle_pedestrian_separation": "Unknown", "width_clean": 0.0, "cycle_segregation": "Painted Cycle Lane" }, "geometry": { "type": "MultiLineString", "coordinates": [ [ [ -0.1287904, 51.5066813 ], [ -0.1287029, 51.5067187 ] ] ] } },
{ "type": "Feature", "properties": { "osm_id": "585785134", "name": "Old Compton Street", "highway": "unclassified", "waterway": null, "aerialway": null, "barrier": null, "man_made": null, "railway": null, "ref": null, "oneway": "yes", "maxspeed": "20 mph", "bicycle": null, "cycleway_chars": "NA|no|shared_lane|NA|NA|NA|NA|NA|NA|NA|NA|NA|pictogram|NA|NA|NA|NA|NA", "cycleway": null, "cycleway_left": "no", "cycleway_right": "shared_lane", "cycleway_both": null, "cycleway_left_bicycle": null, "cycleway_right_bicycle": null, "cycleway_both_bicycle": null, "cycleway_left_segregated": null, "cycleway_right_segregated": null, "cycleway_both_segregated": null, "cycleway_lane": null, "cycleway_left_lane": null, "cycleway_right_lane": "pictogram", "cycleway_both_lane": null, "cycleway_surface": null, "cycleway_width": null, "cycleway_est_width": null, "cycleway_buffered_lane": null, "lanes": "1", "lanes_both_ways": null, "lanes_forward": null, "lanes_backward": null, "lit": "yes", "width": null, "est_width": null, "segregated": null, "foot": null, "path": null, "sidewalk": "both", "sidewalk_left": null, "sidewalk_right": null, "sidewalk_both": null, "footway": null, "service": null, "surface": "asphalt", "tracktype": null, "smoothness": "good", "access": null, "bus": null, "busway": null, "psv": null, "lanes_psv": null, "lanes_bus": null, "lanes_bus_conditional": null, "lanes_bus_backward": null, "lanes_bus_forward": null, "lanes_psv_backward": null, "lanes_psv_forward": null, "lanes_psv_conditional": null, "lanes_psv_conditional_backward": null, "lanes_psv_conditional_forward": null, "lanes_psv_conditional_both_ways": null, "lanes_psv_both_ways": null, "z_order": 3, "other_tags": "\"cycleway:right:oneway\"=>\"-1\",\"maxspeed:type\"=>\"GB:zone20\",\"name:ja\"=>\"オールド・コンプトン・ストリート\",\"oneway:bicycle\"=>\"no\",\"wikidata\"=>\"Q2018322\",\"wikimedia_commons\"=>\"Category:Old_Compton_Street\",\"wikipedia\"=>\"en:Old Compton Street\"", "n_bus_lanes": 0.0, "distance_to_road": 0.0, "detailed_segregation": "Painted Cycle Lane", "cycle_pedestrian_separation": "Unknown", "width_clean": 0.0, "cycle_segregation": "Painted Cycle Lane" }, "geometry": { "type": "MultiLineString", "coordinates": [ [ [ -0.1302823, 51.5135676 ], [ -0.1299958, 51.513683 ], [ -0.12973236566659, 51.513787513734634 ] ] ] } },
{ "type": "Feature", "properties": { "osm_id": "585788252", "name": null, "highway": "cycleway", "waterway": null, "aerialway": null, "barrier": null, "man_made": null, "railway": null, "ref": null, "oneway": "yes", "maxspeed": null, "bicycle": null, "cycleway_chars": "NA|NA|NA|NA|NA|NA|NA|NA|NA|NA|NA|NA|NA|NA|NA|NA|NA|NA", "cycleway": null, "cycleway_left": null, "cycleway_right": null, "cycleway_both": null, "cycleway_left_bicycle": null, "cycleway_right_bicycle": null, "cycleway_both_bicycle": null, "cycleway_left_segregated": null, "cycleway_right_segregated": null, "cycleway_both_segregated": null, "cycleway_lane": null, "cycleway_left_lane": null, "cycleway_right_lane": null, "cycleway_both_lane": null, "cycleway_surface": null, "cycleway_width": null, "cycleway_est_width": null, "cycleway_buffered_lane": null, "lanes": null, "lanes_both_ways": null, "lanes_forward": null, "lanes_backward": null, "lit": null, "width": null, "est_width": null, "segregated": null, "foot": "no", "path": null, "sidewalk": null, "sidewalk_left": null, "sidewalk_right": null, "sidewalk_both": null, "footway": null, "service": null, "surface": "asphalt", "tracktype": null, "smoothness": null, "access": null, "bus": null, "busway": null, "psv": null, "lanes_psv": null, "lanes_bus": null, "lanes_bus_conditional": null, "lanes_bus_backward": null, "lanes_bus_forward": null, "lanes_psv_backward": null, "lanes_psv_forward": null, "lanes_psv_conditional": null, "lanes_psv_conditional_backward": null, "lanes_psv_conditional_forward": null, "lanes_psv_conditional_both_ways": null, "lanes_psv_both_ways": null, "z_order": 0, "other_tags": null, "n_bus_lanes": 0.0, "distance_to_road": 3.5, "detailed_segregation": "Level track", "cycle_pedestrian_separation": "Unknown", "width_clean": 0.0, "cycle_segregation": "Segregated Track (narrow)" }, "geometry": { "type": "MultiLineString", "coordinates": [ [ [ -0.1333511, 51.5125964 ], [ -0.1332971, 51.5125982 ], [ -0.1331333, 51.5125006 ], [ -0.1331364, 51.5124696 ] ] ] } },
{ "type": "Feature", "properties": { "osm_id": "597111497", "name": "Glasshouse Street", "highway": "pedestrian", "waterway": null, "aerialway": null, "barrier": null, "man_made": null, "railway": null, "ref": null, "oneway": "yes", "maxspeed": null, "bicycle": "designated", "cycleway_chars": "opposite|NA|NA|NA|NA|NA|NA|NA|NA|NA|NA|NA|NA|NA|NA|NA|NA|NA", "cycleway": "opposite", "cycleway_left": null, "cycleway_right": null, "cycleway_both": null, "cycleway_left_bicycle": null, "cycleway_right_bicycle": null, "cycleway_both_bicycle": null, "cycleway_left_segregated": null, "cycleway_right_segregated": null, "cycleway_both_segregated": null, "cycleway_lane": null, "cycleway_left_lane": null, "cycleway_right_lane": null, "cycleway_both_lane": null, "cycleway_surface": null, "cycleway_width": null, "cycleway_est_width": null, "cycleway_buffered_lane": null, "lanes": null, "lanes_both_ways": null, "lanes_forward": null, "lanes_backward": null, "lit": null, "width": null, "est_width": null, "segregated": null, "foot": "yes", "path": null, "sidewalk": null, "sidewalk_left": null, "sidewalk_right": null, "sidewalk_both": null, "footway": null, "service": null, "surface": "paving_stones", "tracktype": null, "smoothness": null, "access": "destination", "bus": null, "busway": null, "psv": null, "lanes_psv": null, "lanes_bus": null, "lanes_bus_conditional": null, "lanes_bus_backward": null, "lanes_bus_forward": null, "lanes_psv_backward": null, "lanes_psv_forward": null, "lanes_psv_conditional": null, "lanes_psv_conditional_backward": null, "lanes_psv_conditional_forward": null, "lanes_psv_conditional_both_ways": null, "lanes_psv_both_ways": null, "z_order": 0, "other_tags": "\"oneway:bicycle\"=>\"no\",\"vehicle\"=>\"destination\"", "n_bus_lanes": 0.0, "distance_to_road": 10.0, "detailed_segregation": "Mixed Traffic Street", "cycle_pedestrian_separation": "Shared Footway (not segregated)", "width_clean": 0.0, "cycle_segregation": "Shared Footway" }, "geometry": { "type": "MultiLineString", "coordinates": [ [ [ -0.1372054, 51.5104992 ], [ -0.1367669, 51.5104791 ] ] ] } },
{ "type": "Feature", "properties": { "osm_id": "605417126", "name": "Horse Guards Avenue", "highway": "cycleway", "waterway": null, "aerialway": null, "barrier": null, "man_made": null, "railway": null, "ref": null, "oneway": "yes", "maxspeed": null, "bicycle": null, "cycleway_chars": "NA|NA|NA|NA|NA|NA|NA|NA|NA|NA|NA|NA|NA|NA|NA|NA|NA|NA", "cycleway": null, "cycleway_left": null, "cycleway_right": null, "cycleway_both": null, "cycleway_left_bicycle": null, "cycleway_right_bicycle": null, "cycleway_both_bicycle": null, "cycleway_left_segregated": null, "cycleway_right_segregated": null, "cycleway_both_segregated": null, "cycleway_lane": null, "cycleway_left_lane": null, "cycleway_right_lane": null, "cycleway_both_lane": null, "cycleway_surface": null, "cycleway_width": null, "cycleway_est_width": null, "cycleway_buffered_lane": null, "lanes": null, "lanes_both_ways": null, "lanes_forward": null, "lanes_backward": null, "lit": "yes", "width": null, "est_width": null, "segregated": null, "foot": null, "path": null, "sidewalk": null, "sidewalk_left": "separate", "sidewalk_right": null, "sidewalk_both": null, "footway": null, "service": null, "surface": "asphalt", "tracktype": null, "smoothness": null, "access": null, "bus": null, "busway": null, "psv": null, "lanes_psv": null, "lanes_bus": null, "lanes_bus_conditional": null, "lanes_bus_backward": null, "lanes_bus_forward": null, "lanes_psv_backward": null, "lanes_psv_forward": null, "lanes_psv_conditional": null, "lanes_psv_conditional_backward": null, "lanes_psv_conditional_forward": null, "lanes_psv_conditional_both_ways": null, "lanes_psv_both_ways": null, "z_order": 0, "other_tags": null, "n_bus_lanes": 0.0, "distance_to_road": 3.8, "detailed_segregation": "Level track", "cycle_pedestrian_separation": "Unknown", "width_clean": 0.0, "cycle_segregation": "Segregated Track (narrow)" }, "geometry": { "type": "MultiLineString", "coordinates": [ [ [ -0.1234634, 51.5046932 ], [ -0.1234121, 51.5047189 ], [ -0.1233606, 51.504711 ], [ -0.1233141, 51.5046676 ] ] ] } },
{ "type": "Feature", "properties": { "osm_id": "616192639", "name": "Old Compton Street", "highway": "residential", "waterway": null, "aerialway": null, "barrier": null, "man_made": null, "railway": null, "ref": null, "oneway": "yes", "maxspeed": "20 mph", "bicycle": null, "cycleway_chars": "NA|no|shared_lane|NA|NA|NA|NA|NA|NA|NA|NA|NA|pictogram|NA|NA|NA|NA|NA", "cycleway": null, "cycleway_left": "no", "cycleway_right": "shared_lane", "cycleway_both": null, "cycleway_left_bicycle": null, "cycleway_right_bicycle": null, "cycleway_both_bicycle": null, "cycleway_left_segregated": null, "cycleway_right_segregated": null, "cycleway_both_segregated": null, "cycleway_lane": null, "cycleway_left_lane": null, "cycleway_right_lane": "pictogram", "cycleway_both_lane": null, "cycleway_surface": null, "cycleway_width": null, "cycleway_est_width": null, "cycleway_buffered_lane": null, "lanes": null, "lanes_both_ways": null, "lanes_forward": null, "lanes_backward": null, "lit": "yes", "width": null, "est_width": null, "segregated": null, "foot": null, "path": null, "sidewalk": "both", "sidewalk_left": null, "sidewalk_right": null, "sidewalk_both": null, "footway": null, "service": null, "surface": "asphalt", "tracktype": null, "smoothness": null, "access": null, "bus": null, "busway": null, "psv": null, "lanes_psv": null, "lanes_bus": null, "lanes_bus_conditional": null, "lanes_bus_backward": null, "lanes_bus_forward": null, "lanes_psv_backward": null, "lanes_psv_forward": null, "lanes_psv_conditional": null, "lanes_psv_conditional_backward": null, "lanes_psv_conditional_forward": null, "lanes_psv_conditional_both_ways": null, "lanes_psv_both_ways": null, "z_order": 3, "other_tags": "\"cycleway:right:oneway\"=>\"-1\",\"maxspeed:type\"=>\"GB:zone20\",\"oneway:bicycle\"=>\"no\",\"wikidata\"=>\"Q2018322\",\"wikimedia_commons\"=>\"Category:Old_Compton_Street\",\"wikipedia\"=>\"en:Old Compton Street\"", "n_bus_lanes": 0.0, "distance_to_road": 0.0, "detailed_segregation": "Painted Cycle Lane", "cycle_pedestrian_separation": "Unknown", "width_clean": 0.0, "cycle_segregation": "Painted Cycle Lane" }, "geometry": { "type": "MultiLineString", "coordinates": [ [ [ -0.1319683, 51.5129163 ], [ -0.1319181, 51.5129354 ], [ -0.1312117, 51.513205 ], [ -0.1304698, 51.5134797 ] ] ] } },
{ "type": "Feature", "properties": { "osm_id": "628422480", "name": "Romilly Street", "highway": "residential", "waterway": null, "aerialway": null, "barrier": null, "man_made": null, "railway": null, "ref": null, "oneway": "yes", "maxspeed": "20 mph", "bicycle": null, "cycleway_chars": "NA|no|lane|NA|NA|NA|NA|NA|NA|NA|NA|NA|exclusive|NA|NA|NA|NA|NA", "cycleway": null, "cycleway_left": "no", "cycleway_right": "lane", "cycleway_both": null, "cycleway_left_bicycle": null, "cycleway_right_bicycle": null, "cycleway_both_bicycle": null, "cycleway_left_segregated": null, "cycleway_right_segregated": null, "cycleway_both_segregated": null, "cycleway_lane": null, "cycleway_left_lane": null, "cycleway_right_lane": "exclusive", "cycleway_both_lane": null, "cycleway_surface": null, "cycleway_width": null, "cycleway_est_width": null, "cycleway_buffered_lane": null, "lanes": "1", "lanes_both_ways": null, "lanes_forward": null, "lanes_backward": null, "lit": "yes", "width": null, "est_width": null, "segregated": null, "foot": null, "path": null, "sidewalk": "both", "sidewalk_left": null, "sidewalk_right": null, "sidewalk_both": null, "footway": null, "service": null, "surface": "asphalt", "tracktype": null, "smoothness": null, "access": null, "bus": null, "busway": null, "psv": null, "lanes_psv": null, "lanes_bus": null, "lanes_bus_conditional": null, "lanes_bus_backward": null, "lanes_bus_forward": null, "lanes_psv_backward": null, "lanes_psv_forward": null, "lanes_psv_conditional": null, "lanes_psv_conditional_backward": null, "lanes_psv_conditional_forward": null, "lanes_psv_conditional_both_ways": null, "lanes_psv_both_ways": null, "z_order": 3, "other_tags": "\"cycleway:right:oneway\"=>\"-1\",\"maxspeed:type\"=>\"GB:zone20\",\"oneway:bicycle\"=>\"no\",\"postal_code\"=>\"W1\",\"ref:GB:usrn\"=>\"8401524\",\"wikidata\"=>\"Q64309606\"", "n_bus_lanes": 0.0, "distance_to_road": 0.0, "detailed_segregation": "Painted Cycle Lane", "cycle_pedestrian_separation": "Unknown", "width_clean": 0.0, "cycle_segregation": "Painted Cycle Lane" }, "geometry": { "type": "MultiLineString", "coordinates": [ [ [ -0.1308175, 51.5129163 ], [ -0.130349, 51.5130906 ] ] ] } },
{ "type": "Feature", "properties": { "osm_id": "628424979", "name": "Romilly Street", "highway": "cycleway", "waterway": null, "aerialway": null, "barrier": null, "man_made": null, "railway": null, "ref": null, "oneway": "yes", "maxspeed": null, "bicycle": null, "cycleway_chars": "NA|NA|NA|NA|NA|NA|NA|NA|NA|NA|NA|NA|NA|NA|NA|NA|NA|NA", "cycleway": null, "cycleway_left": null, "cycleway_right": null, "cycleway_both": null, "cycleway_left_bicycle": null, "cycleway_right_bicycle": null, "cycleway_both_bicycle": null, "cycleway_left_segregated": null, "cycleway_right_segregated": null, "cycleway_both_segregated": null, "cycleway_lane": null, "cycleway_left_lane": null, "cycleway_right_lane": null, "cycleway_both_lane": null, "cycleway_surface": null, "cycleway_width": null, "cycleway_est_width": null, "cycleway_buffered_lane": null, "lanes": null, "lanes_both_ways": null, "lanes_forward": null, "lanes_backward": null, "lit": "yes", "width": null, "est_width": null, "segregated": null, "foot": null, "path": null, "sidewalk": "left", "sidewalk_left": null, "sidewalk_right": null, "sidewalk_both": null, "footway": null, "service": null, "surface": "asphalt", "tracktype": null, "smoothness": null, "access": null, "bus": null, "busway": null, "psv": null, "lanes_psv": null, "lanes_bus": null, "lanes_bus_conditional": null, "lanes_bus_backward": null, "lanes_bus_forward": null, "lanes_psv_backward": null, "lanes_psv_forward": null, "lanes_psv_conditional": null, "lanes_psv_conditional_backward": null, "lanes_psv_conditional_forward": null, "lanes_psv_conditional_both_ways": null, "lanes_psv_both_ways": null, "z_order": 0, "other_tags": null, "n_bus_lanes": 0.0, "distance_to_road": 2.8, "detailed_segregation": "Level track", "cycle_pedestrian_separation": "Unknown", "width_clean": 0.0, "cycle_segregation": "Segregated Track (narrow)" }, "geometry": { "type": "MultiLineString", "coordinates": [ [ [ -0.1315974, 51.5126265 ], [ -0.1315991, 51.5125988 ], [ -0.1317614, 51.5125533 ] ] ] } },
{ "type": "Feature", "properties": { "osm_id": "628424980", "name": "Romilly Street", "highway": "residential", "waterway": null, "aerialway": null, "barrier": null, "man_made": null, "railway": null, "ref": null, "oneway": "yes", "maxspeed": "20 mph", "bicycle": null, "cycleway_chars": "NA|no|lane|NA|NA|NA|NA|NA|NA|NA|NA|NA|exclusive|NA|NA|NA|NA|NA", "cycleway": null, "cycleway_left": "no", "cycleway_right": "lane", "cycleway_both": null, "cycleway_left_bicycle": null, "cycleway_right_bicycle": null, "cycleway_both_bicycle": null, "cycleway_left_segregated": null, "cycleway_right_segregated": null, "cycleway_both_segregated": null, "cycleway_lane": null, "cycleway_left_lane": null, "cycleway_right_lane": "exclusive", "cycleway_both_lane": null, "cycleway_surface": null, "cycleway_width": null, "cycleway_est_width": null, "cycleway_buffered_lane": null, "lanes": "1", "lanes_both_ways": null, "lanes_forward": null, "lanes_backward": null, "lit": "yes", "width": null, "est_width": null, "segregated": null, "foot": null, "path": null, "sidewalk": "both", "sidewalk_left": null, "sidewalk_right": null, "sidewalk_both": null, "footway": null, "service": null, "surface": "asphalt", "tracktype": null, "smoothness": null, "access": null, "bus": null, "busway": null, "psv": null, "lanes_psv": null, "lanes_bus": null, "lanes_bus_conditional": null, "lanes_bus_backward": null, "lanes_bus_forward": null, "lanes_psv_backward": null, "lanes_psv_forward": null, "lanes_psv_conditional": null, "lanes_psv_conditional_backward": null, "lanes_psv_conditional_forward": null, "lanes_psv_conditional_both_ways": null, "lanes_psv_both_ways": null, "z_order": 3, "other_tags": "\"cycleway:right:oneway\"=>\"-1\",\"maxspeed:type\"=>\"GB:zone20\",\"oneway:bicycle\"=>\"no\",\"postal_code\"=>\"W1\",\"ref:GB:usrn\"=>\"8401524\",\"wikidata\"=>\"Q64309606\"", "n_bus_lanes": 0.0, "distance_to_road": 0.0, "detailed_segregation": "Painted Cycle Lane", "cycle_pedestrian_separation": "Unknown", "width_clean": 0.0, "cycle_segregation": "Painted Cycle Lane" }, "geometry": { "type": "MultiLineString", "coordinates": [ [ [ -0.1315974, 51.5126265 ], [ -0.1310876, 51.512816 ] ] ] } },
{ "type": "Feature", "properties": { "osm_id": "628426435", "name": "Romilly Street", "highway": "cycleway", "waterway": null, "aerialway": null, "barrier": null, "man_made": null, "railway": null, "ref": null, "oneway": "yes", "maxspeed": null, "bicycle": null, "cycleway_chars": "NA|NA|NA|NA|NA|NA|NA|NA|NA|NA|NA|NA|NA|NA|NA|NA|NA|NA", "cycleway": null, "cycleway_left": null, "cycleway_right": null, "cycleway_both": null, "cycleway_left_bicycle": null, "cycleway_right_bicycle": null, "cycleway_both_bicycle": null, "cycleway_left_segregated": null, "cycleway_right_segregated": null, "cycleway_both_segregated": null, "cycleway_lane": null, "cycleway_left_lane": null, "cycleway_right_lane": null, "cycleway_both_lane": null, "cycleway_surface": null, "cycleway_width": null, "cycleway_est_width": null, "cycleway_buffered_lane": null, "lanes": null, "lanes_both_ways": null, "lanes_forward": null, "lanes_backward": null, "lit": "yes", "width": null, "est_width": null, "segregated": null, "foot": null, "path": null, "sidewalk": "left", "sidewalk_left": null, "sidewalk_right": null, "sidewalk_both": null, "footway": null, "service": null, "surface": "asphalt", "tracktype": null, "smoothness": null, "access": null, "bus": null, "busway": null, "psv": null, "lanes_psv": null, "lanes_bus": null, "lanes_bus_conditional": null, "lanes_bus_backward": null, "lanes_bus_forward": null, "lanes_psv_backward": null, "lanes_psv_forward": null, "lanes_psv_conditional": null, "lanes_psv_conditional_backward": null, "lanes_psv_conditional_forward": null, "lanes_psv_conditional_both_ways": null, "lanes_psv_both_ways": null, "z_order": 0, "other_tags": null, "n_bus_lanes": 0.0, "distance_to_road": 0.0, "detailed_segregation": "Level track", "cycle_pedestrian_separation": "Unknown", "width_clean": 0.0, "cycle_segregation": "Segregated Track (narrow)" }, "geometry": { "type": "MultiLineString", "coordinates": [ [ [ -0.1308175, 51.5129163 ], [ -0.1308272, 51.5128811 ], [ -0.1309585, 51.5128333 ], [ -0.1310552, 51.5127999 ], [ -0.1310876, 51.512816 ] ] ] } },
{ "type": "Feature", "properties": { "osm_id": "628426436", "name": "Romilly Street", "highway": "cycleway", "waterway": null, "aerialway": null, "barrier": null, "man_made": null, "railway": null, "ref": null, "oneway": "yes", "maxspeed": null, "bicycle": null, "cycleway_chars": "NA|NA|NA|NA|NA|NA|NA|NA|NA|NA|NA|NA|NA|NA|NA|NA|NA|NA", "cycleway": null, "cycleway_left": null, "cycleway_right": null, "cycleway_both": null, "cycleway_left_bicycle": null, "cycleway_right_bicycle": null, "cycleway_both_bicycle": null, "cycleway_left_segregated": null, "cycleway_right_segregated": null, "cycleway_both_segregated": null, "cycleway_lane": null, "cycleway_left_lane": null, "cycleway_right_lane": null, "cycleway_both_lane": null, "cycleway_surface": null, "cycleway_width": null, "cycleway_est_width": null, "cycleway_buffered_lane": null, "lanes": null, "lanes_both_ways": null, "lanes_forward": null, "lanes_backward": null, "lit": "yes", "width": null, "est_width": null, "segregated": null, "foot": null, "path": null, "sidewalk": "left", "sidewalk_left": null, "sidewalk_right": null, "sidewalk_both": null, "footway": null, "service": null, "surface": "asphalt", "tracktype": null, "smoothness": null, "access": null, "bus": null, "busway": null, "psv": null, "lanes_psv": null, "lanes_bus": null, "lanes_bus_conditional": null, "lanes_bus_backward": null, "lanes_bus_forward": null, "lanes_psv_backward": null, "lanes_psv_forward": null, "lanes_psv_conditional": null, "lanes_psv_conditional_backward": null, "lanes_psv_conditional_forward": null, "lanes_psv_conditional_both_ways": null, "lanes_psv_both_ways": null, "z_order": 0, "other_tags": null, "n_bus_lanes": 0.0, "distance_to_road": 2.6, "detailed_segregation": "Level track", "cycle_pedestrian_separation": "Unknown", "width_clean": 0.0, "cycle_segregation": "Segregated Track (narrow)" }, "geometry": { "type": "MultiLineString", "coordinates": [ [ [ -0.1302347, 51.5131372 ], [ -0.1302548, 51.5131069 ], [ -0.1303172, 51.5130861 ], [ -0.130349, 51.5130906 ] ] ] } },
{ "type": "Feature", "properties": { "osm_id": "667541947", "name": "Piccadilly", "highway": "primary", "waterway": null, "aerialway": null, "barrier": null, "man_made": null, "railway": null, "ref": "A4", "oneway": "yes", "maxspeed": "20 mph", "bicycle": null, "cycleway_chars": "NA|share_busway|NA|NA|NA|NA|NA|NA|NA|NA|NA|NA|NA|NA|NA|NA|NA|NA", "cycleway": null, "cycleway_left": "share_busway", "cycleway_right": null, "cycleway_both": null, "cycleway_left_bicycle": null, "cycleway_right_bicycle": null, "cycleway_both_bicycle": null, "cycleway_left_segregated": null, "cycleway_right_segregated": null, "cycleway_both_segregated": null, "cycleway_lane": null, "cycleway_left_lane": null, "cycleway_right_lane": null, "cycleway_both_lane": null, "cycleway_surface": null, "cycleway_width": null, "cycleway_est_width": null, "cycleway_buffered_lane": null, "lanes": "4", "lanes_both_ways": null, "lanes_forward": null, "lanes_backward": null, "lit": "yes", "width": null, "est_width": null, "segregated": null, "foot": null, "path": null, "sidewalk": null, "sidewalk_left": "separate", "sidewalk_right": "no", "sidewalk_both": null, "footway": null, "service": null, "surface": "asphalt", "tracktype": null, "smoothness": null, "access": null, "bus": null, "busway": "lane", "psv": null, "lanes_psv": null, "lanes_bus": null, "lanes_bus_conditional": null, "lanes_bus_backward": null, "lanes_bus_forward": null, "lanes_psv_backward": null, "lanes_psv_forward": null, "lanes_psv_conditional": null, "lanes_psv_conditional_backward": null, "lanes_psv_conditional_forward": null, "lanes_psv_conditional_both_ways": null, "lanes_psv_both_ways": null, "z_order": 7, "other_tags": "\"maxspeed:type\"=>\"GB:zone20\",\"turn:lanes\"=>\"left|\"", "n_bus_lanes": 1.0, "distance_to_road": 0.0, "detailed_segregation": "Painted Cycle Lane", "cycle_pedestrian_separation": "Unknown", "width_clean": 0.0, "cycle_segregation": "Painted Cycle Lane" }, "geometry": { "type": "MultiLineString", "coordinates": [ [ [ -0.1470807, 51.5045346 ], [ -0.147306, 51.5043976 ], [ -0.1474631, 51.5043035 ] ] ] } },
{ "type": "Feature", "properties": { "osm_id": "667552911", "name": "Hanover Street", "highway": "tertiary", "waterway": null, "aerialway": null, "barrier": null, "man_made": null, "railway": null, "ref": null, "oneway": "yes", "maxspeed": "20 mph", "bicycle": null, "cycleway_chars": "NA|NA|lane|NA|NA|NA|NA|NA|NA|NA|NA|NA|NA|NA|NA|NA|NA|NA", "cycleway": null, "cycleway_left": null, "cycleway_right": "lane", "cycleway_both": null, "cycleway_left_bicycle": null, "cycleway_right_bicycle": null, "cycleway_both_bicycle": null, "cycleway_left_segregated": null, "cycleway_right_segregated": null, "cycleway_both_segregated": null, "cycleway_lane": null, "cycleway_left_lane": null, "cycleway_right_lane": null, "cycleway_both_lane": null, "cycleway_surface": null, "cycleway_width": null, "cycleway_est_width": null, "cycleway_buffered_lane": null, "lanes": "1", "lanes_both_ways": null, "lanes_forward": null, "lanes_backward": null, "lit": "yes", "width": null, "est_width": null, "segregated": null, "foot": null, "path": null, "sidewalk": "left", "sidewalk_left": null, "sidewalk_right": null, "sidewalk_both": null, "footway": null, "service": null, "surface": "asphalt", "tracktype": null, "smoothness": null, "access": null, "bus": null, "busway": null, "psv": null, "lanes_psv": null, "lanes_bus": null, "lanes_bus_conditional": null, "lanes_bus_backward": null, "lanes_bus_forward": null, "lanes_psv_backward": null, "lanes_psv_forward": null, "lanes_psv_conditional": null, "lanes_psv_conditional_backward": null, "lanes_psv_conditional_forward": null, "lanes_psv_conditional_both_ways": null, "lanes_psv_both_ways": null, "z_order": 4, "other_tags": "\"cycleway:right:oneway\"=>\"-1\",\"oneway:bicycle\"=>\"no\",\"operator\"=>\"City of Westminster\"", "n_bus_lanes": 0.0, "distance_to_road": 0.0, "detailed_segregation": "Painted Cycle Lane", "cycle_pedestrian_separation": "Unknown", "width_clean": 0.0, "cycle_segregation": "Painted Cycle Lane" }, "geometry": { "type": "MultiLineString", "coordinates": [ [ [ -0.1417689, 51.5139337 ], [ -0.1424346, 51.5138064 ], [ -0.1426194, 51.5137713 ], [ -0.1429957, 51.5137082 ] ] ] } },
{ "type": "Feature", "properties": { "osm_id": "667552930", "name": null, "highway": "cycleway", "waterway": null, "aerialway": null, "barrier": null, "man_made": null, "railway": null, "ref": null, "oneway": "yes", "maxspeed": null, "bicycle": null, "cycleway_chars": "NA|NA|NA|NA|NA|NA|NA|NA|NA|NA|NA|NA|NA|NA|NA|NA|NA|NA", "cycleway": null, "cycleway_left": null, "cycleway_right": null, "cycleway_both": null, "cycleway_left_bicycle": null, "cycleway_right_bicycle": null, "cycleway_both_bicycle": null, "cycleway_left_segregated": null, "cycleway_right_segregated": null, "cycleway_both_segregated": null, "cycleway_lane": null, "cycleway_left_lane": null, "cycleway_right_lane": null, "cycleway_both_lane": null, "cycleway_surface": null, "cycleway_width": null, "cycleway_est_width": null, "cycleway_buffered_lane": null, "lanes": null, "lanes_both_ways": null, "lanes_forward": null, "lanes_backward": null, "lit": "yes", "width": null, "est_width": null, "segregated": "yes", "foot": "yes", "path": null, "sidewalk": "left", "sidewalk_left": null, "sidewalk_right": null, "sidewalk_both": null, "footway": null, "service": null, "surface": "asphalt", "tracktype": null, "smoothness": null, "access": null, "bus": null, "busway": null, "psv": null, "lanes_psv": null, "lanes_bus": null, "lanes_bus_conditional": null, "lanes_bus_backward": null, "lanes_bus_forward": null, "lanes_psv_backward": null, "lanes_psv_forward": null, "lanes_psv_conditional": null, "lanes_psv_conditional_backward": null, "lanes_psv_conditional_forward": null, "lanes_psv_conditional_both_ways": null, "lanes_psv_both_ways": null, "z_order": 0, "other_tags": null, "n_bus_lanes": 0.0, "distance_to_road": 4.4, "detailed_segregation": "Level track", "cycle_pedestrian_separation": "Unknown", "width_clean": 0.0, "cycle_segregation": "Segregated Track (narrow)" }, "geometry": { "type": "MultiLineString", "coordinates": [ [ [ -0.1417689, 51.5139337 ], [ -0.1417569, 51.5139766 ], [ -0.1417065, 51.513986 ], [ -0.1416094, 51.5139682 ] ] ] } },
{ "type": "Feature", "properties": { "osm_id": "667554998", "name": "Hanover Square", "highway": "unclassified", "waterway": null, "aerialway": null, "barrier": null, "man_made": null, "railway": null, "ref": null, "oneway": "no", "maxspeed": "20 mph", "bicycle": null, "cycleway_chars": "NA|lane|NA|NA|NA|NA|NA|NA|NA|NA|NA|NA|NA|NA|NA|NA|NA|NA", "cycleway": null, "cycleway_left": "lane", "cycleway_right": null, "cycleway_both": null, "cycleway_left_bicycle": null, "cycleway_right_bicycle": null, "cycleway_both_bicycle": null, "cycleway_left_segregated": null, "cycleway_right_segregated": null, "cycleway_both_segregated": null, "cycleway_lane": null, "cycleway_left_lane": null, "cycleway_right_lane": null, "cycleway_both_lane": null, "cycleway_surface": null, "cycleway_width": null, "cycleway_est_width": null, "cycleway_buffered_lane": null, "lanes": null, "lanes_both_ways": null, "lanes_forward": null, "lanes_backward": null, "lit": "yes", "width": null, "est_width": null, "segregated": null, "foot": null, "path": null, "sidewalk": "separate", "sidewalk_left": null, "sidewalk_right": null, "sidewalk_both": null, "footway": null, "service": null, "surface": "asphalt", "tracktype": null, "smoothness": null, "access": null, "bus": null, "busway": null, "psv": null, "lanes_psv": null, "lanes_bus": null, "lanes_bus_conditional": null, "lanes_bus_backward": null, "lanes_bus_forward": null, "lanes_psv_backward": null, "lanes_psv_forward": null, "lanes_psv_conditional": null, "lanes_psv_conditional_backward": null, "lanes_psv_conditional_forward": null, "lanes_psv_conditional_both_ways": null, "lanes_psv_both_ways": null, "z_order": 3, "other_tags": "\"maxspeed:type\"=>\"GB:zone20\"", "n_bus_lanes": 0.0, "distance_to_road": 0.0, "detailed_segregation": "Painted Cycle Lane", "cycle_pedestrian_separation": "Unknown", "width_clean": 0.0, "cycle_segregation": "Painted Cycle Lane" }, "geometry": { "type": "MultiLineString", "coordinates": [ [ [ -0.1435067, 51.5135578 ], [ -0.1432903, 51.5136192 ], [ -0.1432199, 51.5136542 ] ] ] } },
{ "type": "Feature", "properties": { "osm_id": "669229893", "name": "Piccadilly", "highway": "primary", "waterway": null, "aerialway": null, "barrier": null, "man_made": null, "railway": null, "ref": "A4", "oneway": null, "maxspeed": "20 mph", "bicycle": null, "cycleway_chars": "NA|share_busway|NA|NA|NA|NA|NA|NA|NA|NA|NA|NA|NA|NA|NA|NA|NA|NA", "cycleway": null, "cycleway_left": "share_busway", "cycleway_right": null, "cycleway_both": null, "cycleway_left_bicycle": null, "cycleway_right_bicycle": null, "cycleway_both_bicycle": null, "cycleway_left_segregated": null, "cycleway_right_segregated": null, "cycleway_both_segregated": null, "cycleway_lane": null, "cycleway_left_lane": null, "cycleway_right_lane": null, "cycleway_both_lane": null, "cycleway_surface": null, "cycleway_width": null, "cycleway_est_width": null, "cycleway_buffered_lane": null, "lanes": null, "lanes_both_ways": null, "lanes_forward": null, "lanes_backward": null, "lit": "yes", "width": null, "est_width": null, "segregated": null, "foot": null, "path": null, "sidewalk": "both", "sidewalk_left": null, "sidewalk_right": null, "sidewalk_both": null, "footway": null, "service": null, "surface": "asphalt", "tracktype": null, "smoothness": null, "access": null, "bus": null, "busway": "lane", "psv": null, "lanes_psv": null, "lanes_bus": null, "lanes_bus_conditional": null, "lanes_bus_backward": null, "lanes_bus_forward": null, "lanes_psv_backward": null, "lanes_psv_forward": null, "lanes_psv_conditional": null, "lanes_psv_conditional_backward": null, "lanes_psv_conditional_forward": null, "lanes_psv_conditional_both_ways": null, "lanes_psv_both_ways": null, "z_order": 7, "other_tags": "\"maxspeed:type\"=>\"GB:zone20\"", "n_bus_lanes": 1.0, "distance_to_road": 0.0, "detailed_segregation": "Painted Cycle Lane", "cycle_pedestrian_separation": "Unknown", "width_clean": 0.0, "cycle_segregation": "Painted Cycle Lane" }, "geometry": { "type": "MultiLineString", "coordinates": [ [ [ -0.1392976, 51.5082695 ], [ -0.1392763, 51.5082764 ], [ -0.1391095, 51.5083314 ], [ -0.1389049, 51.5083971 ], [ -0.1388834, 51.5084042 ] ] ] } },
{ "type": "Feature", "properties": { "osm_id": "701474477", "name": "Queen's Walk", "highway": "footway", "waterway": null, "aerialway": null, "barrier": null, "man_made": null, "railway": null, "ref": null, "oneway": "no", "maxspeed": null, "bicycle": "yes", "cycleway_chars": "NA|NA|NA|NA|NA|NA|NA|NA|NA|NA|NA|NA|NA|NA|NA|NA|NA|NA", "cycleway": null, "cycleway_left": null, "cycleway_right": null, "cycleway_both": null, "cycleway_left_bicycle": null, "cycleway_right_bicycle": null, "cycleway_both_bicycle": null, "cycleway_left_segregated": null, "cycleway_right_segregated": null, "cycleway_both_segregated": null, "cycleway_lane": null, "cycleway_left_lane": null, "cycleway_right_lane": null, "cycleway_both_lane": null, "cycleway_surface": null, "cycleway_width": null, "cycleway_est_width": null, "cycleway_buffered_lane": null, "lanes": null, "lanes_both_ways": null, "lanes_forward": null, "lanes_backward": null, "lit": "yes", "width": null, "est_width": null, "segregated": "no", "foot": null, "path": null, "sidewalk": null, "sidewalk_left": null, "sidewalk_right": null, "sidewalk_both": null, "footway": null, "service": null, "surface": "asphalt", "tracktype": null, "smoothness": null, "access": null, "bus": null, "busway": null, "psv": null, "lanes_psv": null, "lanes_bus": null, "lanes_bus_conditional": null, "lanes_bus_backward": null, "lanes_bus_forward": null, "lanes_psv_backward": null, "lanes_psv_forward": null, "lanes_psv_conditional": null, "lanes_psv_conditional_backward": null, "lanes_psv_conditional_forward": null, "lanes_psv_conditional_both_ways": null, "lanes_psv_both_ways": null, "z_order": 0, "other_tags": null, "n_bus_lanes": 0.0, "distance_to_road": 8.8, "detailed_segregation": "Footway", "cycle_pedestrian_separation": "Unknown", "width_clean": 0.0, "cycle_segregation": "Shared Footway" }, "geometry": { "type": "MultiLineString", "coordinates": [ [ [ -0.1387943, 51.502758 ], [ -0.138743, 51.502713 ], [ -0.1386527, 51.5026338 ] ] ] } },
{ "type": "Feature", "properties": { "osm_id": "705953060", "name": null, "highway": "footway", "waterway": null, "aerialway": null, "barrier": null, "man_made": null, "railway": null, "ref": null, "oneway": "no", "maxspeed": null, "bicycle": "yes", "cycleway_chars": "NA|NA|NA|NA|NA|NA|NA|NA|NA|NA|NA|NA|NA|NA|NA|NA|NA|NA", "cycleway": null, "cycleway_left": null, "cycleway_right": null, "cycleway_both": null, "cycleway_left_bicycle": null, "cycleway_right_bicycle": null, "cycleway_both_bicycle": null, "cycleway_left_segregated": null, "cycleway_right_segregated": null, "cycleway_both_segregated": null, "cycleway_lane": null, "cycleway_left_lane": null, "cycleway_right_lane": null, "cycleway_both_lane": null, "cycleway_surface": null, "cycleway_width": null, "cycleway_est_width": null, "cycleway_buffered_lane": null, "lanes": null, "lanes_both_ways": null, "lanes_forward": null, "lanes_backward": null, "lit": null, "width": null, "est_width": null, "segregated": "no", "foot": "yes", "path": null, "sidewalk": null, "sidewalk_left": null, "sidewalk_right": null, "sidewalk_both": null, "footway": null, "service": null, "surface": "asphalt", "tracktype": null, "smoothness": null, "access": null, "bus": null, "busway": null, "psv": null, "lanes_psv": null, "lanes_bus": null, "lanes_bus_conditional": null, "lanes_bus_backward": null, "lanes_bus_forward": null, "lanes_psv_backward": null, "lanes_psv_forward": null, "lanes_psv_conditional": null, "lanes_psv_conditional_backward": null, "lanes_psv_conditional_forward": null, "lanes_psv_conditional_both_ways": null, "lanes_psv_both_ways": null, "z_order": 0, "other_tags": null, "n_bus_lanes": 0.0, "distance_to_road": 4.7, "detailed_segregation": "Footway", "cycle_pedestrian_separation": "Unknown", "width_clean": 0.0, "cycle_segregation": "Shared Footway" }, "geometry": { "type": "MultiLineString", "coordinates": [ [ [ -0.1364517, 51.503761 ], [ -0.1364024, 51.5038379 ], [ -0.1362177, 51.5039236 ] ] ] } },
{ "type": "Feature", "properties": { "osm_id": "705953066", "name": "The Mall", "highway": "cycleway", "waterway": null, "aerialway": null, "barrier": null, "man_made": null, "railway": null, "ref": null, "oneway": "no", "maxspeed": null, "bicycle": null, "cycleway_chars": "NA|NA|NA|NA|NA|NA|NA|NA|NA|NA|NA|NA|NA|NA|NA|NA|NA|NA", "cycleway": null, "cycleway_left": null, "cycleway_right": null, "cycleway_both": null, "cycleway_left_bicycle": null, "cycleway_right_bicycle": null, "cycleway_both_bicycle": null, "cycleway_left_segregated": null, "cycleway_right_segregated": null, "cycleway_both_segregated": null, "cycleway_lane": null, "cycleway_left_lane": null, "cycleway_right_lane": null, "cycleway_both_lane": null, "cycleway_surface": null, "cycleway_width": null, "cycleway_est_width": null, "cycleway_buffered_lane": null, "lanes": null, "lanes_both_ways": null, "lanes_forward": null, "lanes_backward": null, "lit": null, "width": null, "est_width": null, "segregated": null, "foot": "yes", "path": null, "sidewalk": null, "sidewalk_left": null, "sidewalk_right": null, "sidewalk_both": null, "footway": null, "service": null, "surface": "asphalt", "tracktype": null, "smoothness": null, "access": null, "bus": null, "busway": null, "psv": null, "lanes_psv": null, "lanes_bus": null, "lanes_bus_conditional": null, "lanes_bus_backward": null, "lanes_bus_forward": null, "lanes_psv_backward": null, "lanes_psv_forward": null, "lanes_psv_conditional": null, "lanes_psv_conditional_backward": null, "lanes_psv_conditional_forward": null, "lanes_psv_conditional_both_ways": null, "lanes_psv_both_ways": null, "z_order": 0, "other_tags": null, "n_bus_lanes": 0.0, "distance_to_road": 4.0, "detailed_segregation": "Level track", "cycle_pedestrian_separation": "Unknown", "width_clean": 0.0, "cycle_segregation": "Segregated Track (narrow)" }, "geometry": { "type": "MultiLineString", "coordinates": [ [ [ -0.1317294, 51.5057514 ], [ -0.1316708, 51.5057404 ], [ -0.1316333, 51.5057535 ], [ -0.1315961, 51.5057704 ], [ -0.1315894, 51.5057888 ], [ -0.1315856, 51.5058137 ] ] ] } },
{ "type": "Feature", "properties": { "osm_id": "705953070", "name": "The Mall", "highway": "cycleway", "waterway": null, "aerialway": null, "barrier": null, "man_made": null, "railway": null, "ref": null, "oneway": "no", "maxspeed": null, "bicycle": null, "cycleway_chars": "NA|NA|NA|NA|NA|NA|NA|NA|NA|NA|NA|NA|NA|NA|NA|NA|NA|NA", "cycleway": null, "cycleway_left": null, "cycleway_right": null, "cycleway_both": null, "cycleway_left_bicycle": null, "cycleway_right_bicycle": null, "cycleway_both_bicycle": null, "cycleway_left_segregated": null, "cycleway_right_segregated": null, "cycleway_both_segregated": null, "cycleway_lane": null, "cycleway_left_lane": null, "cycleway_right_lane": null, "cycleway_both_lane": null, "cycleway_surface": null, "cycleway_width": null, "cycleway_est_width": null, "cycleway_buffered_lane": null, "lanes": null, "lanes_both_ways": null, "lanes_forward": null, "lanes_backward": null, "lit": null, "width": null, "est_width": null, "segregated": null, "foot": null, "path": null, "sidewalk": null, "sidewalk_left": null, "sidewalk_right": null, "sidewalk_both": null, "footway": null, "service": null, "surface": "paved", "tracktype": null, "smoothness": null, "access": null, "bus": null, "busway": null, "psv": null, "lanes_psv": null, "lanes_bus": null, "lanes_bus_conditional": null, "lanes_bus_backward": null, "lanes_bus_forward": null, "lanes_psv_backward": null, "lanes_psv_forward": null, "lanes_psv_conditional": null, "lanes_psv_conditional_backward": null, "lanes_psv_conditional_forward": null, "lanes_psv_conditional_both_ways": null, "lanes_psv_both_ways": null, "z_order": 0, "other_tags": null, "n_bus_lanes": 0.0, "distance_to_road": 5.0, "detailed_segregation": "Level track", "cycle_pedestrian_separation": "Unknown", "width_clean": 0.0, "cycle_segregation": "Segregated Track (narrow)" }, "geometry": { "type": "MultiLineString", "coordinates": [ [ [ -0.1364517, 51.503761 ], [ -0.1363694, 51.5037493 ], [ -0.1363261, 51.503765 ], [ -0.1362858, 51.5037805 ], [ -0.136248, 51.5038036 ] ] ] } },
{ "type": "Feature", "properties": { "osm_id": "738385145", "name": "Crown Passage", "highway": "footway", "waterway": null, "aerialway": null, "barrier": null, "man_made": null, "railway": null, "ref": null, "oneway": null, "maxspeed": null, "bicycle": "yes", "cycleway_chars": "NA|NA|NA|NA|NA|NA|NA|NA|NA|NA|NA|NA|NA|NA|NA|NA|NA|NA", "cycleway": null, "cycleway_left": null, "cycleway_right": null, "cycleway_both": null, "cycleway_left_bicycle": null, "cycleway_right_bicycle": null, "cycleway_both_bicycle": null, "cycleway_left_segregated": null, "cycleway_right_segregated": null, "cycleway_both_segregated": null, "cycleway_lane": null, "cycleway_left_lane": null, "cycleway_right_lane": null, "cycleway_both_lane": null, "cycleway_surface": null, "cycleway_width": null, "cycleway_est_width": null, "cycleway_buffered_lane": null, "lanes": null, "lanes_both_ways": null, "lanes_forward": null, "lanes_backward": null, "lit": "yes", "width": null, "est_width": null, "segregated": null, "foot": "yes", "path": null, "sidewalk": null, "sidewalk_left": null, "sidewalk_right": null, "sidewalk_both": null, "footway": null, "service": null, "surface": "asphalt", "tracktype": null, "smoothness": null, "access": null, "bus": null, "busway": null, "psv": null, "lanes_psv": null, "lanes_bus": null, "lanes_bus_conditional": null, "lanes_bus_backward": null, "lanes_bus_forward": null, "lanes_psv_backward": null, "lanes_psv_forward": null, "lanes_psv_conditional": null, "lanes_psv_conditional_backward": null, "lanes_psv_conditional_forward": null, "lanes_psv_conditional_both_ways": null, "lanes_psv_both_ways": null, "z_order": 0, "other_tags": "\"covered\"=>\"yes\",\"horse\"=>\"no\",\"motor_vehicle\"=>\"no\",\"postal_code\"=>\"SW1\"", "n_bus_lanes": 0.0, "distance_to_road": 20.9, "detailed_segregation": "Footway", "cycle_pedestrian_separation": "Unknown", "width_clean": 0.0, "cycle_segregation": "Shared Footway" }, "geometry": { "type": "MultiLineString", "coordinates": [ [ [ -0.1374693, 51.5055128 ], [ -0.1375529, 51.5056107 ] ] ] } },
{ "type": "Feature", "properties": { "osm_id": "757744789", "name": "Jermyn Street", "highway": "tertiary", "waterway": null, "aerialway": null, "barrier": null, "man_made": null, "railway": null, "ref": null, "oneway": "yes", "maxspeed": "20 mph", "bicycle": null, "cycleway_chars": "NA|no|lane|NA|NA|NA|NA|NA|NA|NA|NA|NA|exclusive|NA|NA|NA|NA|NA", "cycleway": null, "cycleway_left": "no", "cycleway_right": "lane", "cycleway_both": null, "cycleway_left_bicycle": null, "cycleway_right_bicycle": null, "cycleway_both_bicycle": null, "cycleway_left_segregated": null, "cycleway_right_segregated": null, "cycleway_both_segregated": null, "cycleway_lane": null, "cycleway_left_lane": null, "cycleway_right_lane": "exclusive", "cycleway_both_lane": null, "cycleway_surface": null, "cycleway_width": null, "cycleway_est_width": null, "cycleway_buffered_lane": null, "lanes": null, "lanes_both_ways": null, "lanes_forward": null, "lanes_backward": null, "lit": "yes", "width": null, "est_width": null, "segregated": null, "foot": null, "path": null, "sidewalk": "both", "sidewalk_left": null, "sidewalk_right": null, "sidewalk_both": null, "footway": null, "service": null, "surface": "asphalt", "tracktype": null, "smoothness": null, "access": null, "bus": null, "busway": null, "psv": null, "lanes_psv": null, "lanes_bus": null, "lanes_bus_conditional": null, "lanes_bus_backward": null, "lanes_bus_forward": null, "lanes_psv_backward": null, "lanes_psv_forward": null, "lanes_psv_conditional": null, "lanes_psv_conditional_backward": null, "lanes_psv_conditional_forward": null, "lanes_psv_conditional_both_ways": null, "lanes_psv_both_ways": null, "z_order": 4, "other_tags": "\"cycleway:right:oneway\"=>\"-1\",\"lane_markings\"=>\"no\",\"oneway:bicycle\"=>\"no\",\"operator\"=>\"City of Westminster\",\"postal_code\"=>\"SW1\"", "n_bus_lanes": 0.0, "distance_to_road": 0.0, "detailed_segregation": "Painted Cycle Lane", "cycle_pedestrian_separation": "Unknown", "width_clean": 0.0, "cycle_segregation": "Painted Cycle Lane" }, "geometry": { "type": "MultiLineString", "coordinates": [ [ [ -0.1341279, 51.5092886 ], [ -0.1335766, 51.5094679 ], [ -0.1329718, 51.5096817 ], [ -0.132952, 51.5096891 ] ] ] } },
{ "type": "Feature", "properties": { "osm_id": "771643679", "name": null, "highway": "cycleway", "waterway": null, "aerialway": null, "barrier": null, "man_made": null, "railway": null, "ref": null, "oneway": null, "maxspeed": null, "bicycle": null, "cycleway_chars": "NA|NA|NA|NA|NA|NA|NA|NA|NA|NA|NA|NA|NA|NA|NA|NA|NA|NA", "cycleway": null, "cycleway_left": null, "cycleway_right": null, "cycleway_both": null, "cycleway_left_bicycle": null, "cycleway_right_bicycle": null, "cycleway_both_bicycle": null, "cycleway_left_segregated": null, "cycleway_right_segregated": null, "cycleway_both_segregated": null, "cycleway_lane": null, "cycleway_left_lane": null, "cycleway_right_lane": null, "cycleway_both_lane": null, "cycleway_surface": null, "cycleway_width": null, "cycleway_est_width": null, "cycleway_buffered_lane": null, "lanes": null, "lanes_both_ways": null, "lanes_forward": null, "lanes_backward": null, "lit": null, "width": null, "est_width": null, "segregated": "no", "foot": "yes", "path": null, "sidewalk": null, "sidewalk_left": null, "sidewalk_right": null, "sidewalk_both": null, "footway": null, "service": null, "surface": null, "tracktype": null, "smoothness": null, "access": null, "bus": null, "busway": null, "psv": null, "lanes_psv": null, "lanes_bus": null, "lanes_bus_conditional": null, "lanes_bus_backward": null, "lanes_bus_forward": null, "lanes_psv_backward": null, "lanes_psv_forward": null, "lanes_psv_conditional": null, "lanes_psv_conditional_backward": null, "lanes_psv_conditional_forward": null, "lanes_psv_conditional_both_ways": null, "lanes_psv_both_ways": null, "z_order": 0, "other_tags": null, "n_bus_lanes": 0.0, "distance_to_road": 7.7, "detailed_segregation": "Level track", "cycle_pedestrian_separation": "Unknown", "width_clean": 0.0, "cycle_segregation": "Segregated Track (narrow)" }, "geometry": { "type": "MultiLineString", "coordinates": [ [ [ -0.1437802, 51.4982078 ], [ -0.1437019, 51.4981674 ], [ -0.1437019, 51.4981422 ], [ -0.1437122, 51.4981224 ], [ -0.1437152, 51.498091 ], [ -0.143707948777911, 51.498082276725306 ] ] ] } },
{ "type": "Feature", "properties": { "osm_id": "776630481", "name": "The Mall", "highway": "tertiary", "waterway": null, "aerialway": null, "barrier": null, "man_made": null, "railway": null, "ref": null, "oneway": null, "maxspeed": "20 mph", "bicycle": null, "cycleway_chars": "NA|NA|NA|lane|NA|NA|NA|NA|NA|NA|NA|NA|NA|exclusive|NA|NA|NA|NA", "cycleway": null, "cycleway_left": null, "cycleway_right": null, "cycleway_both": "lane", "cycleway_left_bicycle": null, "cycleway_right_bicycle": null, "cycleway_both_bicycle": null, "cycleway_left_segregated": null, "cycleway_right_segregated": null, "cycleway_both_segregated": null, "cycleway_lane": null, "cycleway_left_lane": null, "cycleway_right_lane": null, "cycleway_both_lane": "exclusive", "cycleway_surface": null, "cycleway_width": null, "cycleway_est_width": null, "cycleway_buffered_lane": null, "lanes": null, "lanes_both_ways": null, "lanes_forward": null, "lanes_backward": null, "lit": "yes", "width": null, "est_width": null, "segregated": null, "foot": null, "path": null, "sidewalk": null, "sidewalk_left": null, "sidewalk_right": null, "sidewalk_both": "separate", "footway": null, "service": null, "surface": "asphalt", "tracktype": null, "smoothness": null, "access": null, "bus": null, "busway": null, "psv": null, "lanes_psv": null, "lanes_bus": null, "lanes_bus_conditional": null, "lanes_bus_backward": null, "lanes_bus_forward": null, "lanes_psv_backward": null, "lanes_psv_forward": null, "lanes_psv_conditional": null, "lanes_psv_conditional_backward": null, "lanes_psv_conditional_forward": null, "lanes_psv_conditional_both_ways": null, "lanes_psv_both_ways": null, "z_order": 4, "other_tags": "\"name:en\"=>\"The Mall\",\"name:he\"=>\"המאל\",\"name:ja\"=>\"ザ・マル\",\"name:zh\"=>\"林荫路\",\"operator\"=>\"City of Westminster\",\"postal_code\"=>\"SW1\",\"rcn\"=>\"proposed\",\"wikidata\"=>\"Q842930\",\"wikipedia\"=>\"en:The Mall, London\"", "n_bus_lanes": 0.0, "distance_to_road": 0.0, "detailed_segregation": "Painted Cycle Lane", "cycle_pedestrian_separation": "Unknown", "width_clean": 0.0, "cycle_segregation": "Painted Cycle Lane" }, "geometry": { "type": "MultiLineString", "coordinates": [ [ [ -0.1296231, 51.5063459 ], [ -0.1294312, 51.506417 ] ] ] } },
{ "type": "Feature", "properties": { "osm_id": "776630483", "name": "The Mall", "highway": "tertiary", "waterway": null, "aerialway": null, "barrier": null, "man_made": null, "railway": null, "ref": null, "oneway": null, "maxspeed": "20 mph", "bicycle": null, "cycleway_chars": "NA|NA|NA|lane|NA|NA|NA|NA|NA|NA|NA|NA|NA|exclusive|NA|NA|NA|NA", "cycleway": null, "cycleway_left": null, "cycleway_right": null, "cycleway_both": "lane", "cycleway_left_bicycle": null, "cycleway_right_bicycle": null, "cycleway_both_bicycle": null, "cycleway_left_segregated": null, "cycleway_right_segregated": null, "cycleway_both_segregated": null, "cycleway_lane": null, "cycleway_left_lane": null, "cycleway_right_lane": null, "cycleway_both_lane": "exclusive", "cycleway_surface": null, "cycleway_width": null, "cycleway_est_width": null, "cycleway_buffered_lane": null, "lanes": null, "lanes_both_ways": null, "lanes_forward": null, "lanes_backward": null, "lit": "yes", "width": null, "est_width": null, "segregated": null, "foot": null, "path": null, "sidewalk": null, "sidewalk_left": null, "sidewalk_right": null, "sidewalk_both": "separate", "footway": null, "service": null, "surface": "asphalt", "tracktype": null, "smoothness": null, "access": null, "bus": null, "busway": null, "psv": null, "lanes_psv": null, "lanes_bus": null, "lanes_bus_conditional": null, "lanes_bus_backward": null, "lanes_bus_forward": null, "lanes_psv_backward": null, "lanes_psv_forward": null, "lanes_psv_conditional": null, "lanes_psv_conditional_backward": null, "lanes_psv_conditional_forward": null, "lanes_psv_conditional_both_ways": null, "lanes_psv_both_ways": null, "z_order": 4, "other_tags": "\"name:en\"=>\"The Mall\",\"name:he\"=>\"המאל\",\"name:ja\"=>\"ザ・マル\",\"name:zh\"=>\"林荫路\",\"operator\"=>\"City of Westminster\",\"postal_code\"=>\"SW1\",\"rcn\"=>\"proposed\",\"wikidata\"=>\"Q842930\",\"wikipedia\"=>\"en:The Mall, London\"", "n_bus_lanes": 0.0, "distance_to_road": 0.0, "detailed_segregation": "Painted Cycle Lane", "cycle_pedestrian_separation": "Unknown", "width_clean": 0.0, "cycle_segregation": "Painted Cycle Lane" }, "geometry": { "type": "MultiLineString", "coordinates": [ [ [ -0.130437, 51.5060098 ], [ -0.1300842, 51.506155 ] ] ] } },
{ "type": "Feature", "properties": { "osm_id": "776630486", "name": "The Mall", "highway": "cycleway", "waterway": null, "aerialway": null, "barrier": null, "man_made": null, "railway": null, "ref": null, "oneway": "no", "maxspeed": null, "bicycle": null, "cycleway_chars": "NA|NA|NA|NA|NA|NA|NA|NA|NA|NA|NA|NA|NA|NA|NA|NA|NA|NA", "cycleway": null, "cycleway_left": null, "cycleway_right": null, "cycleway_both": null, "cycleway_left_bicycle": null, "cycleway_right_bicycle": null, "cycleway_both_bicycle": null, "cycleway_left_segregated": null, "cycleway_right_segregated": null, "cycleway_both_segregated": null, "cycleway_lane": null, "cycleway_left_lane": null, "cycleway_right_lane": null, "cycleway_both_lane": null, "cycleway_surface": null, "cycleway_width": null, "cycleway_est_width": null, "cycleway_buffered_lane": null, "lanes": null, "lanes_both_ways": null, "lanes_forward": null, "lanes_backward": null, "lit": null, "width": null, "est_width": null, "segregated": null, "foot": null, "path": null, "sidewalk": null, "sidewalk_left": null, "sidewalk_right": null, "sidewalk_both": null, "footway": null, "service": null, "surface": "paved", "tracktype": null, "smoothness": null, "access": null, "bus": null, "busway": null, "psv": null, "lanes_psv": null, "lanes_bus": null, "lanes_bus_conditional": null, "lanes_bus_backward": null, "lanes_bus_forward": null, "lanes_psv_backward": null, "lanes_psv_forward": null, "lanes_psv_conditional": null, "lanes_psv_conditional_backward": null, "lanes_psv_conditional_forward": null, "lanes_psv_conditional_both_ways": null, "lanes_psv_both_ways": null, "z_order": 0, "other_tags": null, "n_bus_lanes": 0.0, "distance_to_road": 0.0, "detailed_segregation": "Level track", "cycle_pedestrian_separation": "Unknown", "width_clean": 0.0, "cycle_segregation": "Segregated Track (narrow)" }, "geometry": { "type": "MultiLineString", "coordinates": [ [ [ -0.1380279, 51.5031104 ], [ -0.1379722, 51.5031122 ], [ -0.1379473, 51.503113 ], [ -0.1378728, 51.5031432 ], [ -0.1377806, 51.5031845 ], [ -0.1377686, 51.5032001 ], [ -0.1377464, 51.5032291 ] ] ] } },
{ "type": "Feature", "properties": { "osm_id": "776630487", "name": "The Mall", "highway": "cycleway", "waterway": null, "aerialway": null, "barrier": null, "man_made": null, "railway": null, "ref": null, "oneway": "no", "maxspeed": null, "bicycle": null, "cycleway_chars": "NA|NA|NA|NA|NA|NA|NA|NA|NA|NA|NA|NA|NA|NA|NA|NA|NA|NA", "cycleway": null, "cycleway_left": null, "cycleway_right": null, "cycleway_both": null, "cycleway_left_bicycle": null, "cycleway_right_bicycle": null, "cycleway_both_bicycle": null, "cycleway_left_segregated": null, "cycleway_right_segregated": null, "cycleway_both_segregated": null, "cycleway_lane": null, "cycleway_left_lane": null, "cycleway_right_lane": null, "cycleway_both_lane": null, "cycleway_surface": null, "cycleway_width": null, "cycleway_est_width": null, "cycleway_buffered_lane": null, "lanes": null, "lanes_both_ways": null, "lanes_forward": null, "lanes_backward": null, "lit": null, "width": null, "est_width": null, "segregated": null, "foot": null, "path": null, "sidewalk": null, "sidewalk_left": null, "sidewalk_right": null, "sidewalk_both": null, "footway": null, "service": null, "surface": "paved", "tracktype": null, "smoothness": null, "access": null, "bus": null, "busway": null, "psv": null, "lanes_psv": null, "lanes_bus": null, "lanes_bus_conditional": null, "lanes_bus_backward": null, "lanes_bus_forward": null, "lanes_psv_backward": null, "lanes_psv_forward": null, "lanes_psv_conditional": null, "lanes_psv_conditional_backward": null, "lanes_psv_conditional_forward": null, "lanes_psv_conditional_both_ways": null, "lanes_psv_both_ways": null, "z_order": 0, "other_tags": null, "n_bus_lanes": 0.0, "distance_to_road": 2.6, "detailed_segregation": "Level track", "cycle_pedestrian_separation": "Unknown", "width_clean": 0.0, "cycle_segregation": "Segregated Track (narrow)" }, "geometry": { "type": "MultiLineString", "coordinates": [ [ [ -0.1388925, 51.5027466 ], [ -0.1388416, 51.5027448 ], [ -0.1388232, 51.5027441 ], [ -0.1387943, 51.502758 ], [ -0.1387533, 51.5027731 ], [ -0.1387423, 51.502784 ], [ -0.1387191, 51.5028153 ] ] ] } },
{ "type": "Feature", "properties": { "osm_id": "776896560", "name": null, "highway": "cycleway", "waterway": null, "aerialway": null, "barrier": null, "man_made": null, "railway": null, "ref": null, "oneway": "yes", "maxspeed": null, "bicycle": null, "cycleway_chars": "NA|NA|NA|NA|NA|NA|NA|NA|NA|NA|NA|NA|NA|NA|NA|NA|NA|NA", "cycleway": null, "cycleway_left": null, "cycleway_right": null, "cycleway_both": null, "cycleway_left_bicycle": null, "cycleway_right_bicycle": null, "cycleway_both_bicycle": null, "cycleway_left_segregated": null, "cycleway_right_segregated": null, "cycleway_both_segregated": null, "cycleway_lane": null, "cycleway_left_lane": null, "cycleway_right_lane": null, "cycleway_both_lane": null, "cycleway_surface": null, "cycleway_width": null, "cycleway_est_width": null, "cycleway_buffered_lane": null, "lanes": null, "lanes_both_ways": null, "lanes_forward": null, "lanes_backward": null, "lit": null, "width": null, "est_width": null, "segregated": null, "foot": null, "path": null, "sidewalk": "left", "sidewalk_left": null, "sidewalk_right": null, "sidewalk_both": null, "footway": null, "service": null, "surface": "asphalt", "tracktype": null, "smoothness": null, "access": null, "bus": null, "busway": null, "psv": null, "lanes_psv": null, "lanes_bus": null, "lanes_bus_conditional": null, "lanes_bus_backward": null, "lanes_bus_forward": null, "lanes_psv_backward": null, "lanes_psv_forward": null, "lanes_psv_conditional": null, "lanes_psv_conditional_backward": null, "lanes_psv_conditional_forward": null, "lanes_psv_conditional_both_ways": null, "lanes_psv_both_ways": null, "z_order": 0, "other_tags": null, "n_bus_lanes": 0.0, "distance_to_road": 3.4, "detailed_segregation": "Level track", "cycle_pedestrian_separation": "Unknown", "width_clean": 0.0, "cycle_segregation": "Segregated Track (narrow)" }, "geometry": { "type": "MultiLineString", "coordinates": [ [ [ -0.1228526, 51.5066478 ], [ -0.1227546, 51.5066501 ], [ -0.1225936, 51.5066083 ], [ -0.1225724, 51.5066028 ], [ -0.1224907, 51.5065546 ] ] ] } },
{ "type": "Feature", "properties": { "osm_id": "838933552", "name": "Whitehall", "highway": "primary", "waterway": null, "aerialway": null, "barrier": null, "man_made": null, "railway": null, "ref": "A3212", "oneway": "yes", "maxspeed": "20 mph", "bicycle": null, "cycleway_chars": "NA|share_busway|NA|NA|NA|NA|NA|NA|NA|NA|NA|NA|NA|NA|NA|NA|NA|NA", "cycleway": null, "cycleway_left": "share_busway", "cycleway_right": null, "cycleway_both": null, "cycleway_left_bicycle": null, "cycleway_right_bicycle": null, "cycleway_both_bicycle": null, "cycleway_left_segregated": null, "cycleway_right_segregated": null, "cycleway_both_segregated": null, "cycleway_lane": null, "cycleway_left_lane": null, "cycleway_right_lane": null, "cycleway_both_lane": null, "cycleway_surface": null, "cycleway_width": null, "cycleway_est_width": null, "cycleway_buffered_lane": null, "lanes": "2", "lanes_both_ways": null, "lanes_forward": null, "lanes_backward": null, "lit": "yes", "width": null, "est_width": null, "segregated": null, "foot": null, "path": null, "sidewalk": null, "sidewalk_left": "separate", "sidewalk_right": "no", "sidewalk_both": null, "footway": null, "service": null, "surface": "asphalt", "tracktype": null, "smoothness": null, "access": null, "bus": null, "busway": null, "psv": null, "lanes_psv": null, "lanes_bus": null, "lanes_bus_conditional": null, "lanes_bus_backward": null, "lanes_bus_forward": null, "lanes_psv_backward": null, "lanes_psv_forward": null, "lanes_psv_conditional": null, "lanes_psv_conditional_backward": null, "lanes_psv_conditional_forward": null, "lanes_psv_conditional_both_ways": null, "lanes_psv_both_ways": null, "z_order": 7, "other_tags": "\"busway:left\"=>\"lane\",\"dual_carriageway\"=>\"yes\",\"maxspeed:type\"=>\"GB:zone20\",\"source:maxspeed\"=>\"survey\"", "n_bus_lanes": 0.0, "distance_to_road": 0.0, "detailed_segregation": "Painted Cycle Lane", "cycle_pedestrian_separation": "Unknown", "width_clean": 0.0, "cycle_segregation": "Painted Cycle Lane" }, "geometry": { "type": "MultiLineString", "coordinates": [ [ [ -0.1261966, 51.5026584 ], [ -0.126202, 51.502926 ], [ -0.1262047, 51.5029695 ] ] ] } },
{ "type": "Feature", "properties": { "osm_id": "888773919", "name": null, "highway": "cycleway", "waterway": null, "aerialway": null, "barrier": null, "man_made": null, "railway": null, "ref": null, "oneway": "yes", "maxspeed": null, "bicycle": null, "cycleway_chars": "crossing|NA|NA|NA|NA|NA|NA|NA|NA|NA|NA|NA|NA|NA|NA|NA|NA|NA", "cycleway": "crossing", "cycleway_left": null, "cycleway_right": null, "cycleway_both": null, "cycleway_left_bicycle": null, "cycleway_right_bicycle": null, "cycleway_both_bicycle": null, "cycleway_left_segregated": null, "cycleway_right_segregated": null, "cycleway_both_segregated": null, "cycleway_lane": null, "cycleway_left_lane": null, "cycleway_right_lane": null, "cycleway_both_lane": null, "cycleway_surface": null, "cycleway_width": null, "cycleway_est_width": null, "cycleway_buffered_lane": null, "lanes": null, "lanes_both_ways": null, "lanes_forward": null, "lanes_backward": null, "lit": "yes", "width": null, "est_width": null, "segregated": null, "foot": null, "path": null, "sidewalk": null, "sidewalk_left": null, "sidewalk_right": null, "sidewalk_both": null, "footway": null, "service": null, "surface": "asphalt", "tracktype": null, "smoothness": null, "access": null, "bus": null, "busway": null, "psv": null, "lanes_psv": null, "lanes_bus": null, "lanes_bus_conditional": null, "lanes_bus_backward": null, "lanes_bus_forward": null, "lanes_psv_backward": null, "lanes_psv_forward": null, "lanes_psv_conditional": null, "lanes_psv_conditional_backward": null, "lanes_psv_conditional_forward": null, "lanes_psv_conditional_both_ways": null, "lanes_psv_both_ways": null, "z_order": 0, "other_tags": null, "n_bus_lanes": 0.0, "distance_to_road": 0.0, "detailed_segregation": "Level track", "cycle_pedestrian_separation": "Unknown", "width_clean": 0.0, "cycle_segregation": "Segregated Track (narrow)" }, "geometry": { "type": "MultiLineString", "coordinates": [ [ [ -0.1263301, 51.5009306 ], [ -0.1263271, 51.500964 ], [ -0.1263225, 51.5010147 ] ] ] } },
{ "type": "Feature", "properties": { "osm_id": "888773920", "name": "Great George Street", "highway": "cycleway", "waterway": null, "aerialway": null, "barrier": null, "man_made": null, "railway": null, "ref": null, "oneway": "no", "maxspeed": null, "bicycle": null, "cycleway_chars": "NA|NA|NA|NA|NA|NA|NA|NA|NA|NA|NA|NA|NA|NA|asphalt|NA|NA|NA", "cycleway": null, "cycleway_left": null, "cycleway_right": null, "cycleway_both": null, "cycleway_left_bicycle": null, "cycleway_right_bicycle": null, "cycleway_both_bicycle": null, "cycleway_left_segregated": null, "cycleway_right_segregated": null, "cycleway_both_segregated": null, "cycleway_lane": null, "cycleway_left_lane": null, "cycleway_right_lane": null, "cycleway_both_lane": null, "cycleway_surface": "asphalt", "cycleway_width": null, "cycleway_est_width": null, "cycleway_buffered_lane": null, "lanes": "2", "lanes_both_ways": null, "lanes_forward": null, "lanes_backward": null, "lit": "yes", "width": null, "est_width": "3.5", "segregated": null, "foot": "no", "path": null, "sidewalk": null, "sidewalk_left": null, "sidewalk_right": null, "sidewalk_both": null, "footway": null, "service": null, "surface": "asphalt", "tracktype": null, "smoothness": null, "access": null, "bus": null, "busway": null, "psv": null, "lanes_psv": null, "lanes_bus": null, "lanes_bus_conditional": null, "lanes_bus_backward": null, "lanes_bus_forward": null, "lanes_psv_backward": null, "lanes_psv_forward": null, "lanes_psv_conditional": null, "lanes_psv_conditional_backward": null, "lanes_psv_conditional_forward": null, "lanes_psv_conditional_both_ways": null, "lanes_psv_both_ways": null, "z_order": 0, "other_tags": null, "n_bus_lanes": 0.0, "distance_to_road": 3.2, "detailed_segregation": "Level track", "cycle_pedestrian_separation": "Unknown", "width_clean": 3.5, "cycle_segregation": "Segregated Track (wide)" }, "geometry": { "type": "MultiLineString", "coordinates": [ [ [ -0.1263301, 51.5009306 ], [ -0.1264054, 51.5009396 ], [ -0.1270876, 51.5009775 ], [ -0.127116, 51.500979 ] ] ] } },
{ "type": "Feature", "properties": { "osm_id": "888929447", "name": null, "highway": "footway", "waterway": null, "aerialway": null, "barrier": null, "man_made": null, "railway": null, "ref": null, "oneway": null, "maxspeed": null, "bicycle": "yes", "cycleway_chars": "NA|NA|NA|NA|NA|NA|NA|NA|NA|NA|NA|NA|NA|NA|NA|NA|NA|NA", "cycleway": null, "cycleway_left": null, "cycleway_right": null, "cycleway_both": null, "cycleway_left_bicycle": null, "cycleway_right_bicycle": null, "cycleway_both_bicycle": null, "cycleway_left_segregated": null, "cycleway_right_segregated": null, "cycleway_both_segregated": null, "cycleway_lane": null, "cycleway_left_lane": null, "cycleway_right_lane": null, "cycleway_both_lane": null, "cycleway_surface": null, "cycleway_width": null, "cycleway_est_width": null, "cycleway_buffered_lane": null, "lanes": null, "lanes_both_ways": null, "lanes_forward": null, "lanes_backward": null, "lit": null, "width": null, "est_width": null, "segregated": null, "foot": "yes", "path": null, "sidewalk": null, "sidewalk_left": null, "sidewalk_right": null, "sidewalk_both": null, "footway": null, "service": null, "surface": "paved", "tracktype": null, "smoothness": null, "access": null, "bus": null, "busway": null, "psv": null, "lanes_psv": null, "lanes_bus": null, "lanes_bus_conditional": null, "lanes_bus_backward": null, "lanes_bus_forward": null, "lanes_psv_backward": null, "lanes_psv_forward": null, "lanes_psv_conditional": null, "lanes_psv_conditional_backward": null, "lanes_psv_conditional_forward": null, "lanes_psv_conditional_both_ways": null, "lanes_psv_both_ways": null, "z_order": 0, "other_tags": "\"covered\"=>\"yes\",\"horse\"=>\"no\",\"motor_vehicle\"=>\"no\",\"tunnel\"=>\"building_passage\"", "n_bus_lanes": 0.0, "distance_to_road": 12.3, "detailed_segregation": "Footway", "cycle_pedestrian_separation": "Unknown", "width_clean": 0.0, "cycle_segregation": "Shared Footway" }, "geometry": { "type": "MultiLineString", "coordinates": [ [ [ -0.1370733, 51.5078979 ], [ -0.1370159, 51.5078301 ], [ -0.1370957, 51.5078028 ], [ -0.1371217, 51.5077937 ] ] ] } },
{ "type": "Feature", "properties": { "osm_id": "908093325", "name": null, "highway": "cycleway", "waterway": null, "aerialway": null, "barrier": null, "man_made": null, "railway": null, "ref": null, "oneway": null, "maxspeed": null, "bicycle": null, "cycleway_chars": "NA|NA|NA|NA|NA|NA|NA|NA|NA|NA|NA|NA|NA|NA|NA|NA|NA|NA", "cycleway": null, "cycleway_left": null, "cycleway_right": null, "cycleway_both": null, "cycleway_left_bicycle": null, "cycleway_right_bicycle": null, "cycleway_both_bicycle": null, "cycleway_left_segregated": null, "cycleway_right_segregated": null, "cycleway_both_segregated": null, "cycleway_lane": null, "cycleway_left_lane": null, "cycleway_right_lane": null, "cycleway_both_lane": null, "cycleway_surface": null, "cycleway_width": null, "cycleway_est_width": null, "cycleway_buffered_lane": null, "lanes": null, "lanes_both_ways": null, "lanes_forward": null, "lanes_backward": null, "lit": "yes", "width": null, "est_width": null, "segregated": "no", "foot": "yes", "path": null, "sidewalk": null, "sidewalk_left": null, "sidewalk_right": null, "sidewalk_both": null, "footway": null, "service": null, "surface": "asphalt", "tracktype": null, "smoothness": null, "access": null, "bus": null, "busway": null, "psv": null, "lanes_psv": null, "lanes_bus": null, "lanes_bus_conditional": null, "lanes_bus_backward": null, "lanes_bus_forward": null, "lanes_psv_backward": null, "lanes_psv_forward": null, "lanes_psv_conditional": null, "lanes_psv_conditional_backward": null, "lanes_psv_conditional_forward": null, "lanes_psv_conditional_both_ways": null, "lanes_psv_both_ways": null, "z_order": 0, "other_tags": null, "n_bus_lanes": 0.0, "distance_to_road": 8.9, "detailed_segregation": "Level track", "cycle_pedestrian_separation": "Unknown", "width_clean": 0.0, "cycle_segregation": "Segregated Track (narrow)" }, "geometry": { "type": "MultiLineString", "coordinates": [ [ [ -0.1495246, 51.5026217 ], [ -0.1495305, 51.5025722 ] ] ] } },
{ "type": "Feature", "properties": { "osm_id": "908093335", "name": null, "highway": "cycleway", "waterway": null, "aerialway": null, "barrier": null, "man_made": null, "railway": null, "ref": null, "oneway": null, "maxspeed": null, "bicycle": "designated", "cycleway_chars": "crossing|NA|NA|NA|NA|NA|NA|NA|NA|NA|NA|NA|NA|NA|NA|NA|NA|NA", "cycleway": "crossing", "cycleway_left": null, "cycleway_right": null, "cycleway_both": null, "cycleway_left_bicycle": null, "cycleway_right_bicycle": null, "cycleway_both_bicycle": null, "cycleway_left_segregated": null, "cycleway_right_segregated": null, "cycleway_both_segregated": null, "cycleway_lane": null, "cycleway_left_lane": null, "cycleway_right_lane": null, "cycleway_both_lane": null, "cycleway_surface": null, "cycleway_width": null, "cycleway_est_width": null, "cycleway_buffered_lane": null, "lanes": null, "lanes_both_ways": null, "lanes_forward": null, "lanes_backward": null, "lit": "yes", "width": null, "est_width": null, "segregated": "no", "foot": "designated", "path": null, "sidewalk": null, "sidewalk_left": null, "sidewalk_right": null, "sidewalk_both": null, "footway": null, "service": null, "surface": "asphalt", "tracktype": null, "smoothness": null, "access": null, "bus": null, "busway": null, "psv": null, "lanes_psv": null, "lanes_bus": null, "lanes_bus_conditional": null, "lanes_bus_backward": null, "lanes_bus_forward": null, "lanes_psv_backward": null, "lanes_psv_forward": null, "lanes_psv_conditional": null, "lanes_psv_conditional_backward": null, "lanes_psv_conditional_forward": null, "lanes_psv_conditional_both_ways": null, "lanes_psv_both_ways": null, "z_order": 0, "other_tags": "\"crossing\"=>\"traffic_signals\",\"crossing:island\"=>\"no\",\"crossing_ref\"=>\"toucan\",\"tactile_paving\"=>\"yes\"", "n_bus_lanes": 0.0, "distance_to_road": 0.0, "detailed_segregation": "Level track", "cycle_pedestrian_separation": "Shared Footway (not segregated)", "width_clean": 0.0, "cycle_segregation": "Shared Footway" }, "geometry": { "type": "MultiLineString", "coordinates": [ [ [ -0.1496862, 51.5024811 ], [ -0.1496895, 51.5024386 ], [ -0.1496926, 51.5023982 ] ] ] } },
{ "type": "Feature", "properties": { "osm_id": "908096236", "name": null, "highway": "cycleway", "waterway": null, "aerialway": null, "barrier": null, "man_made": null, "railway": null, "ref": null, "oneway": "yes", "maxspeed": null, "bicycle": null, "cycleway_chars": "crossing|NA|NA|NA|NA|NA|NA|NA|NA|NA|NA|NA|NA|NA|NA|NA|NA|NA", "cycleway": "crossing", "cycleway_left": null, "cycleway_right": null, "cycleway_both": null, "cycleway_left_bicycle": null, "cycleway_right_bicycle": null, "cycleway_both_bicycle": null, "cycleway_left_segregated": null, "cycleway_right_segregated": null, "cycleway_both_segregated": null, "cycleway_lane": null, "cycleway_left_lane": null, "cycleway_right_lane": null, "cycleway_both_lane": null, "cycleway_surface": null, "cycleway_width": null, "cycleway_est_width": null, "cycleway_buffered_lane": null, "lanes": null, "lanes_both_ways": null, "lanes_forward": null, "lanes_backward": null, "lit": "yes", "width": null, "est_width": null, "segregated": null, "foot": "yes", "path": null, "sidewalk": null, "sidewalk_left": null, "sidewalk_right": null, "sidewalk_both": null, "footway": null, "service": null, "surface": "asphalt", "tracktype": null, "smoothness": null, "access": null, "bus": null, "busway": null, "psv": null, "lanes_psv": null, "lanes_bus": null, "lanes_bus_conditional": null, "lanes_bus_backward": null, "lanes_bus_forward": null, "lanes_psv_backward": null, "lanes_psv_forward": null, "lanes_psv_conditional": null, "lanes_psv_conditional_backward": null, "lanes_psv_conditional_forward": null, "lanes_psv_conditional_both_ways": null, "lanes_psv_both_ways": null, "z_order": 0, "other_tags": null, "n_bus_lanes": 0.0, "distance_to_road": 5.7, "detailed_segregation": "Level track", "cycle_pedestrian_separation": "Unknown", "width_clean": 0.0, "cycle_segregation": "Segregated Track (narrow)" }, "geometry": { "type": "MultiLineString", "coordinates": [ [ [ -0.1263396, 51.5009135 ], [ -0.1263301, 51.5009306 ] ] ] } },
{ "type": "Feature", "properties": { "osm_id": "908096240", "name": null, "highway": "cycleway", "waterway": null, "aerialway": null, "barrier": null, "man_made": null, "railway": null, "ref": null, "oneway": "yes", "maxspeed": null, "bicycle": null, "cycleway_chars": "crossing|NA|NA|NA|NA|NA|NA|NA|NA|NA|NA|NA|NA|NA|NA|NA|NA|NA", "cycleway": "crossing", "cycleway_left": null, "cycleway_right": null, "cycleway_both": null, "cycleway_left_bicycle": null, "cycleway_right_bicycle": null, "cycleway_both_bicycle": null, "cycleway_left_segregated": null, "cycleway_right_segregated": null, "cycleway_both_segregated": null, "cycleway_lane": null, "cycleway_left_lane": null, "cycleway_right_lane": null, "cycleway_both_lane": null, "cycleway_surface": null, "cycleway_width": null, "cycleway_est_width": null, "cycleway_buffered_lane": null, "lanes": null, "lanes_both_ways": null, "lanes_forward": null, "lanes_backward": null, "lit": "yes", "width": null, "est_width": null, "segregated": null, "foot": "yes", "path": null, "sidewalk": null, "sidewalk_left": null, "sidewalk_right": null, "sidewalk_both": null, "footway": null, "service": null, "surface": "asphalt", "tracktype": null, "smoothness": null, "access": null, "bus": null, "busway": null, "psv": null, "lanes_psv": null, "lanes_bus": null, "lanes_bus_conditional": null, "lanes_bus_backward": null, "lanes_bus_forward": null, "lanes_psv_backward": null, "lanes_psv_forward": null, "lanes_psv_conditional": null, "lanes_psv_conditional_backward": null, "lanes_psv_conditional_forward": null, "lanes_psv_conditional_both_ways": null, "lanes_psv_both_ways": null, "z_order": 0, "other_tags": null, "n_bus_lanes": 0.0, "distance_to_road": 0.0, "detailed_segregation": "Level track", "cycle_pedestrian_separation": "Unknown", "width_clean": 0.0, "cycle_segregation": "Segregated Track (narrow)" }, "geometry": { "type": "MultiLineString", "coordinates": [ [ [ -0.1261497, 51.5009258 ], [ -0.1262545, 51.5008534 ] ] ] } },
{ "type": "Feature", "properties": { "osm_id": "933075588", "name": "Vigo Street", "highway": "cycleway", "waterway": null, "aerialway": null, "barrier": null, "man_made": null, "railway": null, "ref": null, "oneway": "no", "maxspeed": "20 mph", "bicycle": null, "cycleway_chars": "NA|NA|NA|NA|NA|NA|NA|NA|NA|NA|NA|NA|NA|NA|NA|NA|NA|NA", "cycleway": null, "cycleway_left": null, "cycleway_right": null, "cycleway_both": null, "cycleway_left_bicycle": null, "cycleway_right_bicycle": null, "cycleway_both_bicycle": null, "cycleway_left_segregated": null, "cycleway_right_segregated": null, "cycleway_both_segregated": null, "cycleway_lane": null, "cycleway_left_lane": null, "cycleway_right_lane": null, "cycleway_both_lane": null, "cycleway_surface": null, "cycleway_width": null, "cycleway_est_width": null, "cycleway_buffered_lane": null, "lanes": null, "lanes_both_ways": null, "lanes_forward": null, "lanes_backward": null, "lit": "yes", "width": null, "est_width": null, "segregated": null, "foot": "yes", "path": null, "sidewalk": "both", "sidewalk_left": null, "sidewalk_right": null, "sidewalk_both": "separate", "footway": null, "service": null, "surface": "asphalt", "tracktype": null, "smoothness": null, "access": null, "bus": null, "busway": null, "psv": null, "lanes_psv": null, "lanes_bus": null, "lanes_bus_conditional": null, "lanes_bus_backward": null, "lanes_bus_forward": null, "lanes_psv_backward": null, "lanes_psv_forward": null, "lanes_psv_conditional": null, "lanes_psv_conditional_backward": null, "lanes_psv_conditional_forward": null, "lanes_psv_conditional_both_ways": null, "lanes_psv_both_ways": null, "z_order": 0, "other_tags": "\"maxspeed:type\"=>\"GB:zone20\",\"was:highway\"=>\"residential\",\"was:oneway\"=>\"yes\"", "n_bus_lanes": 0.0, "distance_to_road": 23.0, "detailed_segregation": "Off Road Cycleway", "cycle_pedestrian_separation": "Unknown", "width_clean": 0.0, "cycle_segregation": "Off Road Cycleway" }, "geometry": { "type": "MultiLineString", "coordinates": [ [ [ -0.1397282, 51.510151 ], [ -0.1396128, 51.5101458 ], [ -0.1395948, 51.5101473 ], [ -0.1392766, 51.5102051 ], [ -0.1390702, 51.5102426 ], [ -0.1390452, 51.5102471 ] ] ] } },
{ "type": "Feature", "properties": { "osm_id": "969651297", "name": "Piccadilly", "highway": "primary", "waterway": null, "aerialway": null, "barrier": null, "man_made": null, "railway": null, "ref": "A4", "oneway": "yes", "maxspeed": "20 mph", "bicycle": null, "cycleway_chars": "NA|share_busway|NA|NA|NA|NA|NA|NA|NA|NA|NA|NA|NA|NA|NA|NA|NA|NA", "cycleway": null, "cycleway_left": "share_busway", "cycleway_right": null, "cycleway_both": null, "cycleway_left_bicycle": null, "cycleway_right_bicycle": null, "cycleway_both_bicycle": null, "cycleway_left_segregated": null, "cycleway_right_segregated": null, "cycleway_both_segregated": null, "cycleway_lane": null, "cycleway_left_lane": null, "cycleway_right_lane": null, "cycleway_both_lane": null, "cycleway_surface": null, "cycleway_width": null, "cycleway_est_width": null, "cycleway_buffered_lane": null, "lanes": "4", "lanes_both_ways": null, "lanes_forward": null, "lanes_backward": null, "lit": "yes", "width": null, "est_width": null, "segregated": null, "foot": null, "path": null, "sidewalk": null, "sidewalk_left": "separate", "sidewalk_right": "no", "sidewalk_both": null, "footway": null, "service": null, "surface": "asphalt", "tracktype": null, "smoothness": null, "access": null, "bus": null, "busway": "lane", "psv": null, "lanes_psv": null, "lanes_bus": null, "lanes_bus_conditional": null, "lanes_bus_backward": null, "lanes_bus_forward": null, "lanes_psv_backward": null, "lanes_psv_forward": null, "lanes_psv_conditional": null, "lanes_psv_conditional_backward": null, "lanes_psv_conditional_forward": null, "lanes_psv_conditional_both_ways": null, "lanes_psv_both_ways": null, "z_order": 7, "other_tags": "\"maxspeed:type\"=>\"GB:zone20\",\"turn:lanes\"=>\"left||\"", "n_bus_lanes": 1.0, "distance_to_road": 0.0, "detailed_segregation": "Painted Cycle Lane", "cycle_pedestrian_separation": "Unknown", "width_clean": 0.0, "cycle_segregation": "Painted Cycle Lane" }, "geometry": { "type": "MultiLineString", "coordinates": [ [ [ -0.1474631, 51.5043035 ], [ -0.1476603, 51.5041674 ] ] ] } },
{ "type": "Feature", "properties": { "osm_id": "974801001", "name": "Buckingham Palace Road", "highway": "secondary", "waterway": null, "aerialway": null, "barrier": null, "man_made": null, "railway": null, "ref": "B323", "oneway": null, "maxspeed": "20 mph", "bicycle": null, "cycleway_chars": "NA|lane|NA|no|NA|NA|NA|NA|NA|NA|NA|NA|NA|NA|NA|NA|NA|NA", "cycleway": null, "cycleway_left": "lane", "cycleway_right": null, "cycleway_both": "no", "cycleway_left_bicycle": null, "cycleway_right_bicycle": null, "cycleway_both_bicycle": null, "cycleway_left_segregated": null, "cycleway_right_segregated": null, "cycleway_both_segregated": null, "cycleway_lane": null, "cycleway_left_lane": null, "cycleway_right_lane": null, "cycleway_both_lane": null, "cycleway_surface": null, "cycleway_width": null, "cycleway_est_width": null, "cycleway_buffered_lane": null, "lanes": "3", "lanes_both_ways": null, "lanes_forward": "2", "lanes_backward": "1", "lit": "yes", "width": null, "est_width": null, "segregated": null, "foot": null, "path": null, "sidewalk": "both", "sidewalk_left": null, "sidewalk_right": null, "sidewalk_both": null, "footway": null, "service": null, "surface": "asphalt", "tracktype": null, "smoothness": null, "access": null, "bus": null, "busway": null, "psv": null, "lanes_psv": null, "lanes_bus": null, "lanes_bus_conditional": null, "lanes_bus_backward": null, "lanes_bus_forward": null, "lanes_psv_backward": null, "lanes_psv_forward": null, "lanes_psv_conditional": null, "lanes_psv_conditional_backward": null, "lanes_psv_conditional_forward": null, "lanes_psv_conditional_both_ways": null, "lanes_psv_both_ways": null, "z_order": 6, "other_tags": "\"maxspeed:type\"=>\"GB:zone20\"", "n_bus_lanes": 0.0, "distance_to_road": 0.0, "detailed_segregation": "Painted Cycle Lane", "cycle_pedestrian_separation": "Unknown", "width_clean": 0.0, "cycle_segregation": "Painted Cycle Lane" }, "geometry": { "type": "MultiLineString", "coordinates": [ [ [ -0.1433099, 51.498963 ], [ -0.1432718, 51.4990196 ], [ -0.1432467, 51.4990522 ], [ -0.1432266, 51.4990838 ] ] ] } },
{ "type": "Feature", "properties": { "osm_id": "997519484", "name": null, "highway": "cycleway", "waterway": null, "aerialway": null, "barrier": null, "man_made": null, "railway": null, "ref": null, "oneway": "yes", "maxspeed": null, "bicycle": null, "cycleway_chars": "NA|NA|NA|NA|NA|NA|NA|NA|NA|NA|NA|NA|NA|NA|NA|NA|NA|NA", "cycleway": null, "cycleway_left": null, "cycleway_right": null, "cycleway_both": null, "cycleway_left_bicycle": null, "cycleway_right_bicycle": null, "cycleway_both_bicycle": null, "cycleway_left_segregated": null, "cycleway_right_segregated": null, "cycleway_both_segregated": null, "cycleway_lane": null, "cycleway_left_lane": null, "cycleway_right_lane": null, "cycleway_both_lane": null, "cycleway_surface": null, "cycleway_width": null, "cycleway_est_width": null, "cycleway_buffered_lane": null, "lanes": null, "lanes_both_ways": null, "lanes_forward": null, "lanes_backward": null, "lit": "yes", "width": "1", "est_width": null, "segregated": "yes", "foot": "yes", "path": null, "sidewalk": "right", "sidewalk_left": null, "sidewalk_right": null, "sidewalk_both": null, "footway": null, "service": null, "surface": "asphalt", "tracktype": null, "smoothness": null, "access": null, "bus": null, "busway": null, "psv": null, "lanes_psv": null, "lanes_bus": null, "lanes_bus_conditional": null, "lanes_bus_backward": null, "lanes_bus_forward": null, "lanes_psv_backward": null, "lanes_psv_forward": null, "lanes_psv_conditional": null, "lanes_psv_conditional_backward": null, "lanes_psv_conditional_forward": null, "lanes_psv_conditional_both_ways": null, "lanes_psv_both_ways": null, "z_order": 0, "other_tags": null, "n_bus_lanes": 0.0, "distance_to_road": 7.7, "detailed_segregation": "Level track", "cycle_pedestrian_separation": "Unknown", "width_clean": 1.0, "cycle_segregation": "Segregated Track (narrow)" }, "geometry": { "type": "MultiLineString", "coordinates": [ [ [ -0.1371906, 51.4992291 ], [ -0.137252, 51.4992433 ], [ -0.1380312, 51.4991248 ], [ -0.1380486, 51.4991178 ], [ -0.1380719, 51.4991087 ], [ -0.1381337, 51.499081 ] ] ] } },
{ "type": "Feature", "properties": { "osm_id": "997519486", "name": "Petty France", "highway": "residential", "waterway": null, "aerialway": null, "barrier": null, "man_made": null, "railway": null, "ref": null, "oneway": "yes", "maxspeed": "20 mph", "bicycle": null, "cycleway_chars": "NA|lane|NA|NA|NA|NA|NA|NA|NA|NA|NA|NA|NA|NA|NA|NA|NA|NA", "cycleway": null, "cycleway_left": "lane", "cycleway_right": null, "cycleway_both": null, "cycleway_left_bicycle": null, "cycleway_right_bicycle": null, "cycleway_both_bicycle": null, "cycleway_left_segregated": null, "cycleway_right_segregated": null, "cycleway_both_segregated": null, "cycleway_lane": null, "cycleway_left_lane": null, "cycleway_right_lane": null, "cycleway_both_lane": null, "cycleway_surface": null, "cycleway_width": null, "cycleway_est_width": null, "cycleway_buffered_lane": null, "lanes": null, "lanes_both_ways": null, "lanes_forward": null, "lanes_backward": null, "lit": "yes", "width": "7", "est_width": null, "segregated": null, "foot": null, "path": null, "sidewalk": "right", "sidewalk_left": null, "sidewalk_right": null, "sidewalk_both": null, "footway": null, "service": null, "surface": "asphalt", "tracktype": null, "smoothness": null, "access": null, "bus": null, "busway": null, "psv": null, "lanes_psv": null, "lanes_bus": null, "lanes_bus_conditional": null, "lanes_bus_backward": null, "lanes_bus_forward": null, "lanes_psv_backward": null, "lanes_psv_forward": null, "lanes_psv_conditional": null, "lanes_psv_conditional_backward": null, "lanes_psv_conditional_forward": null, "lanes_psv_conditional_both_ways": null, "lanes_psv_both_ways": null, "z_order": 3, "other_tags": "\"cycleway:left:oneway\"=>\"-1\",\"maxspeed:type\"=>\"GB:zone20\",\"oneway:bicycle\"=>\"no\"", "n_bus_lanes": 0.0, "distance_to_road": 0.0, "detailed_segregation": "Painted Cycle Lane", "cycle_pedestrian_separation": "Unknown", "width_clean": 7.0, "cycle_segregation": "Painted Cycle Lane" }, "geometry": { "type": "MultiLineString", "coordinates": [ [ [ -0.1371906, 51.4992291 ], [ -0.137073, 51.4992462 ], [ -0.1368868, 51.4992732 ] ] ] } },
{ "type": "Feature", "properties": { "osm_id": "997531451", "name": null, "highway": "cycleway", "waterway": null, "aerialway": null, "barrier": null, "man_made": null, "railway": null, "ref": null, "oneway": "yes", "maxspeed": null, "bicycle": null, "cycleway_chars": "crossing|NA|NA|NA|NA|NA|NA|NA|NA|NA|NA|NA|NA|NA|NA|NA|NA|NA", "cycleway": "crossing", "cycleway_left": null, "cycleway_right": null, "cycleway_both": null, "cycleway_left_bicycle": null, "cycleway_right_bicycle": null, "cycleway_both_bicycle": null, "cycleway_left_segregated": null, "cycleway_right_segregated": null, "cycleway_both_segregated": null, "cycleway_lane": null, "cycleway_left_lane": null, "cycleway_right_lane": null, "cycleway_both_lane": null, "cycleway_surface": null, "cycleway_width": null, "cycleway_est_width": null, "cycleway_buffered_lane": null, "lanes": null, "lanes_both_ways": null, "lanes_forward": null, "lanes_backward": null, "lit": "yes", "width": "1", "est_width": null, "segregated": null, "foot": "yes", "path": null, "sidewalk": "right", "sidewalk_left": null, "sidewalk_right": null, "sidewalk_both": null, "footway": null, "service": null, "surface": "asphalt", "tracktype": null, "smoothness": null, "access": null, "bus": null, "busway": null, "psv": null, "lanes_psv": null, "lanes_bus": null, "lanes_bus_conditional": null, "lanes_bus_backward": null, "lanes_bus_forward": null, "lanes_psv_backward": null, "lanes_psv_forward": null, "lanes_psv_conditional": null, "lanes_psv_conditional_backward": null, "lanes_psv_conditional_forward": null, "lanes_psv_conditional_both_ways": null, "lanes_psv_both_ways": null, "z_order": 0, "other_tags": "\"crossing\"=>\"marked\",\"crossing:markings\"=>\"yes\"", "n_bus_lanes": 0.0, "distance_to_road": 0.0, "detailed_segregation": "Level track", "cycle_pedestrian_separation": "Unknown", "width_clean": 1.0, "cycle_segregation": "Segregated Track (narrow)" }, "geometry": { "type": "MultiLineString", "coordinates": [ [ [ -0.1355653, 51.4995834 ], [ -0.1356151, 51.4996028 ] ] ] } },
{ "type": "Feature", "properties": { "osm_id": "1008674252", "name": "Whitehall", "highway": "primary", "waterway": null, "aerialway": null, "barrier": null, "man_made": null, "railway": null, "ref": "A3212", "oneway": "yes", "maxspeed": "20 mph", "bicycle": null, "cycleway_chars": "NA|share_busway|NA|NA|NA|NA|NA|NA|NA|NA|NA|NA|NA|NA|NA|NA|NA|NA", "cycleway": null, "cycleway_left": "share_busway", "cycleway_right": null, "cycleway_both": null, "cycleway_left_bicycle": null, "cycleway_right_bicycle": null, "cycleway_both_bicycle": null, "cycleway_left_segregated": null, "cycleway_right_segregated": null, "cycleway_both_segregated": null, "cycleway_lane": null, "cycleway_left_lane": null, "cycleway_right_lane": null, "cycleway_both_lane": null, "cycleway_surface": null, "cycleway_width": null, "cycleway_est_width": null, "cycleway_buffered_lane": null, "lanes": "2", "lanes_both_ways": null, "lanes_forward": null, "lanes_backward": null, "lit": "yes", "width": null, "est_width": null, "segregated": null, "foot": null, "path": null, "sidewalk": "left", "sidewalk_left": null, "sidewalk_right": null, "sidewalk_both": null, "footway": null, "service": null, "surface": "asphalt", "tracktype": null, "smoothness": null, "access": null, "bus": null, "busway": null, "psv": null, "lanes_psv": null, "lanes_bus": null, "lanes_bus_conditional": null, "lanes_bus_backward": null, "lanes_bus_forward": null, "lanes_psv_backward": null, "lanes_psv_forward": null, "lanes_psv_conditional": null, "lanes_psv_conditional_backward": null, "lanes_psv_conditional_forward": null, "lanes_psv_conditional_both_ways": null, "lanes_psv_both_ways": null, "z_order": 7, "other_tags": "\"busway:left\"=>\"lane\",\"maxspeed:type\"=>\"GB:zone20\",\"name:ja\"=>\"ホワイトホール\",\"postal_code\"=>\"SW1\",\"sidewalk:left:surface\"=>\"paving_stones\",\"source:maxspeed\"=>\"survey\"", "n_bus_lanes": 0.0, "distance_to_road": 0.0, "detailed_segregation": "Painted Cycle Lane", "cycle_pedestrian_separation": "Unknown", "width_clean": 0.0, "cycle_segregation": "Painted Cycle Lane" }, "geometry": { "type": "MultiLineString", "coordinates": [ [ [ -0.1267073, 51.5056213 ], [ -0.1266553, 51.5055024 ] ] ] } },
{ "type": "Feature", "properties": { "osm_id": "1008674253", "name": "Whitehall", "highway": "primary", "waterway": null, "aerialway": null, "barrier": null, "man_made": null, "railway": null, "ref": "A3212", "oneway": "yes", "maxspeed": "20 mph", "bicycle": null, "cycleway_chars": "share_busway|NA|NA|NA|NA|NA|NA|NA|NA|NA|NA|NA|NA|NA|NA|NA|NA|NA", "cycleway": "share_busway", "cycleway_left": null, "cycleway_right": null, "cycleway_both": null, "cycleway_left_bicycle": null, "cycleway_right_bicycle": null, "cycleway_both_bicycle": null, "cycleway_left_segregated": null, "cycleway_right_segregated": null, "cycleway_both_segregated": null, "cycleway_lane": null, "cycleway_left_lane": null, "cycleway_right_lane": null, "cycleway_both_lane": null, "cycleway_surface": null, "cycleway_width": null, "cycleway_est_width": null, "cycleway_buffered_lane": null, "lanes": "2", "lanes_both_ways": null, "lanes_forward": null, "lanes_backward": null, "lit": "yes", "width": null, "est_width": null, "segregated": null, "foot": null, "path": null, "sidewalk": "left", "sidewalk_left": null, "sidewalk_right": null, "sidewalk_both": null, "footway": null, "service": null, "surface": "asphalt", "tracktype": null, "smoothness": null, "access": null, "bus": null, "busway": "lane", "psv": null, "lanes_psv": null, "lanes_bus": null, "lanes_bus_conditional": null, "lanes_bus_backward": null, "lanes_bus_forward": null, "lanes_psv_backward": null, "lanes_psv_forward": null, "lanes_psv_conditional": null, "lanes_psv_conditional_backward": null, "lanes_psv_conditional_forward": null, "lanes_psv_conditional_both_ways": null, "lanes_psv_both_ways": null, "z_order": 7, "other_tags": "\"maxspeed:type\"=>\"GB:zone20\",\"name:ja\"=>\"ホワイトホール\",\"postal_code\"=>\"SW1\",\"sidewalk:left:surface\"=>\"paving_stones\",\"source:maxspeed\"=>\"survey\"", "n_bus_lanes": 1.0, "distance_to_road": 0.0, "detailed_segregation": "Painted Cycle Lane", "cycle_pedestrian_separation": "Unknown", "width_clean": 0.0, "cycle_segregation": "Painted Cycle Lane" }, "geometry": { "type": "MultiLineString", "coordinates": [ [ [ -0.1266553, 51.5055024 ], [ -0.126597, 51.5053955 ] ] ] } },
{ "type": "Feature", "properties": { "osm_id": "1018941845", "name": "Regent Street", "highway": "primary", "waterway": null, "aerialway": null, "barrier": null, "man_made": null, "railway": null, "ref": "A4201", "oneway": null, "maxspeed": "20 mph", "bicycle": null, "cycleway_chars": "NA|NA|lane|NA|NA|NA|NA|NA|NA|NA|NA|NA|exclusive|NA|NA|NA|NA|NA", "cycleway": null, "cycleway_left": null, "cycleway_right": "lane", "cycleway_both": null, "cycleway_left_bicycle": null, "cycleway_right_bicycle": null, "cycleway_both_bicycle": null, "cycleway_left_segregated": null, "cycleway_right_segregated": null, "cycleway_both_segregated": null, "cycleway_lane": null, "cycleway_left_lane": null, "cycleway_right_lane": "exclusive", "cycleway_both_lane": null, "cycleway_surface": null, "cycleway_width": null, "cycleway_est_width": null, "cycleway_buffered_lane": null, "lanes": "3", "lanes_both_ways": null, "lanes_forward": null, "lanes_backward": "2", "lit": "yes", "width": null, "est_width": null, "segregated": null, "foot": null, "path": null, "sidewalk": null, "sidewalk_left": "yes", "sidewalk_right": "separate", "sidewalk_both": null, "footway": null, "service": null, "surface": "asphalt", "tracktype": null, "smoothness": null, "access": null, "bus": null, "busway": null, "psv": null, "lanes_psv": null, "lanes_bus": null, "lanes_bus_conditional": null, "lanes_bus_backward": null, "lanes_bus_forward": null, "lanes_psv_backward": null, "lanes_psv_forward": null, "lanes_psv_conditional": null, "lanes_psv_conditional_backward": null, "lanes_psv_conditional_forward": null, "lanes_psv_conditional_both_ways": null, "lanes_psv_both_ways": null, "z_order": 7, "other_tags": "\"maxspeed:type\"=>\"GB:zone20\",\"name:ja\"=>\"リージェント・ストリート\",\"name:ru\"=>\"Риджент-стрит\",\"sidewalk:both:surface\"=>\"paving_stones\",\"turn:lanes:backward\"=>\"none|right\"", "n_bus_lanes": 0.0, "distance_to_road": 0.0, "detailed_segregation": "Painted Cycle Lane", "cycle_pedestrian_separation": "Unknown", "width_clean": 0.0, "cycle_segregation": "Painted Cycle Lane" }, "geometry": { "type": "MultiLineString", "coordinates": [ [ [ -0.1361704, 51.5099056 ], [ -0.1360205, 51.5098965 ] ] ] } },
{ "type": "Feature", "properties": { "osm_id": "1018943769", "name": "Regent Street", "highway": "primary", "waterway": null, "aerialway": null, "barrier": null, "man_made": null, "railway": null, "ref": "A4201", "oneway": "yes", "maxspeed": "20 mph", "bicycle": null, "cycleway_chars": "share_busway|NA|NA|NA|NA|NA|NA|NA|NA|NA|NA|NA|NA|NA|NA|NA|NA|NA", "cycleway": "share_busway", "cycleway_left": null, "cycleway_right": null, "cycleway_both": null, "cycleway_left_bicycle": null, "cycleway_right_bicycle": null, "cycleway_both_bicycle": null, "cycleway_left_segregated": null, "cycleway_right_segregated": null, "cycleway_both_segregated": null, "cycleway_lane": null, "cycleway_left_lane": null, "cycleway_right_lane": null, "cycleway_both_lane": null, "cycleway_surface": null, "cycleway_width": null, "cycleway_est_width": null, "cycleway_buffered_lane": null, "lanes": "1", "lanes_both_ways": null, "lanes_forward": null, "lanes_backward": null, "lit": "yes", "width": null, "est_width": null, "segregated": null, "foot": null, "path": null, "sidewalk": null, "sidewalk_left": "separate", "sidewalk_right": "no", "sidewalk_both": null, "footway": null, "service": null, "surface": "asphalt", "tracktype": null, "smoothness": null, "access": null, "bus": null, "busway": null, "psv": null, "lanes_psv": null, "lanes_bus": null, "lanes_bus_conditional": null, "lanes_bus_backward": null, "lanes_bus_forward": null, "lanes_psv_backward": null, "lanes_psv_forward": null, "lanes_psv_conditional": null, "lanes_psv_conditional_backward": null, "lanes_psv_conditional_forward": null, "lanes_psv_conditional_both_ways": null, "lanes_psv_both_ways": null, "z_order": 7, "other_tags": "\"dual_carriageway\"=>\"yes\",\"maxspeed:type\"=>\"GB:zone20\",\"name:ja\"=>\"リージェント・ストリート\",\"name:ru\"=>\"Риджент-стрит\",\"wikidata\"=>\"Q1123106\",\"wikipedia\"=>\"en:Regent Street\"", "n_bus_lanes": 0.0, "distance_to_road": 0.0, "detailed_segregation": "Painted Cycle Lane", "cycle_pedestrian_separation": "Unknown", "width_clean": 0.0, "cycle_segregation": "Painted Cycle Lane" }, "geometry": { "type": "MultiLineString", "coordinates": [ [ [ -0.1361691, 51.5098467 ], [ -0.1362249, 51.5098444 ], [ -0.1363052, 51.5098407 ] ] ] } },
{ "type": "Feature", "properties": { "osm_id": "1018945232", "name": "Regent Street", "highway": "primary", "waterway": null, "aerialway": null, "barrier": null, "man_made": null, "railway": null, "ref": "A4201", "oneway": "yes", "maxspeed": "20 mph", "bicycle": null, "cycleway_chars": "NA|lane|NA|NA|NA|NA|NA|NA|NA|NA|NA|exclusive|NA|NA|NA|NA|NA|NA", "cycleway": null, "cycleway_left": "lane", "cycleway_right": null, "cycleway_both": null, "cycleway_left_bicycle": null, "cycleway_right_bicycle": null, "cycleway_both_bicycle": null, "cycleway_left_segregated": null, "cycleway_right_segregated": null, "cycleway_both_segregated": null, "cycleway_lane": null, "cycleway_left_lane": "exclusive", "cycleway_right_lane": null, "cycleway_both_lane": null, "cycleway_surface": null, "cycleway_width": null, "cycleway_est_width": null, "cycleway_buffered_lane": null, "lanes": "2", "lanes_both_ways": null, "lanes_forward": null, "lanes_backward": null, "lit": "yes", "width": null, "est_width": null, "segregated": null, "foot": null, "path": null, "sidewalk": "left", "sidewalk_left": null, "sidewalk_right": null, "sidewalk_both": null, "footway": null, "service": null, "surface": "asphalt", "tracktype": null, "smoothness": null, "access": null, "bus": null, "busway": null, "psv": null, "lanes_psv": null, "lanes_bus": null, "lanes_bus_conditional": null, "lanes_bus_backward": null, "lanes_bus_forward": null, "lanes_psv_backward": null, "lanes_psv_forward": null, "lanes_psv_conditional": null, "lanes_psv_conditional_backward": null, "lanes_psv_conditional_forward": null, "lanes_psv_conditional_both_ways": null, "lanes_psv_both_ways": null, "z_order": 7, "other_tags": "\"dual_carriageway\"=>\"yes\",\"maxspeed:type\"=>\"GB:zone20\",\"name:ja\"=>\"リージェント・ストリート\",\"name:ru\"=>\"Риджент-стрит\",\"sidewalk:left:surface\"=>\"paving_stones\"", "n_bus_lanes": 0.0, "distance_to_road": 0.0, "detailed_segregation": "Painted Cycle Lane", "cycle_pedestrian_separation": "Unknown", "width_clean": 0.0, "cycle_segregation": "Painted Cycle Lane" }, "geometry": { "type": "MultiLineString", "coordinates": [ [ [ -0.135906, 51.5099464 ], [ -0.1358468, 51.5099562 ], [ -0.135643, 51.5099956 ], [ -0.1355926, 51.5100084 ], [ -0.1355186, 51.5100262 ] ] ] } },
{ "type": "Feature", "properties": { "osm_id": "1018945233", "name": "Piccadilly Circus", "highway": "primary", "waterway": null, "aerialway": null, "barrier": null, "man_made": null, "railway": null, "ref": "A4201", "oneway": "yes", "maxspeed": "20 mph", "bicycle": null, "cycleway_chars": "NA|lane|NA|NA|NA|NA|NA|NA|NA|NA|NA|exclusive|NA|NA|NA|NA|NA|NA", "cycleway": null, "cycleway_left": "lane", "cycleway_right": null, "cycleway_both": null, "cycleway_left_bicycle": null, "cycleway_right_bicycle": null, "cycleway_both_bicycle": null, "cycleway_left_segregated": null, "cycleway_right_segregated": null, "cycleway_both_segregated": null, "cycleway_lane": null, "cycleway_left_lane": "exclusive", "cycleway_right_lane": null, "cycleway_both_lane": null, "cycleway_surface": null, "cycleway_width": null, "cycleway_est_width": null, "cycleway_buffered_lane": null, "lanes": "2", "lanes_both_ways": null, "lanes_forward": null, "lanes_backward": null, "lit": "yes", "width": null, "est_width": null, "segregated": null, "foot": null, "path": null, "sidewalk": null, "sidewalk_left": "separate", "sidewalk_right": "no", "sidewalk_both": null, "footway": null, "service": null, "surface": "asphalt", "tracktype": null, "smoothness": null, "access": null, "bus": null, "busway": null, "psv": null, "lanes_psv": null, "lanes_bus": null, "lanes_bus_conditional": null, "lanes_bus_backward": null, "lanes_bus_forward": null, "lanes_psv_backward": null, "lanes_psv_forward": null, "lanes_psv_conditional": null, "lanes_psv_conditional_backward": null, "lanes_psv_conditional_forward": null, "lanes_psv_conditional_both_ways": null, "lanes_psv_both_ways": null, "z_order": 7, "other_tags": "\"dual_carriageway\"=>\"yes\",\"maxspeed:type\"=>\"GB:zone20\",\"name:ja\"=>\"ピカデリー・サーカス\",\"postal_code\"=>\"SW1\"", "n_bus_lanes": 0.0, "distance_to_road": 0.0, "detailed_segregation": "Painted Cycle Lane", "cycle_pedestrian_separation": "Unknown", "width_clean": 0.0, "cycle_segregation": "Painted Cycle Lane" }, "geometry": { "type": "MultiLineString", "coordinates": [ [ [ -0.1354376, 51.5099738 ], [ -0.1355252, 51.5099512 ], [ -0.1357763, 51.5098943 ], [ -0.1358812, 51.5098731 ] ] ] } },
{ "type": "Feature", "properties": { "osm_id": "1018951409", "name": "Regent Street", "highway": "primary", "waterway": null, "aerialway": null, "barrier": null, "man_made": null, "railway": null, "ref": "A4201", "oneway": "yes", "maxspeed": "20 mph", "bicycle": null, "cycleway_chars": "NA|lane|NA|NA|NA|NA|NA|NA|NA|NA|NA|exclusive|NA|NA|NA|NA|NA|NA", "cycleway": null, "cycleway_left": "lane", "cycleway_right": null, "cycleway_both": null, "cycleway_left_bicycle": null, "cycleway_right_bicycle": null, "cycleway_both_bicycle": null, "cycleway_left_segregated": null, "cycleway_right_segregated": null, "cycleway_both_segregated": null, "cycleway_lane": null, "cycleway_left_lane": "exclusive", "cycleway_right_lane": null, "cycleway_both_lane": null, "cycleway_surface": null, "cycleway_width": null, "cycleway_est_width": null, "cycleway_buffered_lane": null, "lanes": "1", "lanes_both_ways": null, "lanes_forward": null, "lanes_backward": null, "lit": "yes", "width": null, "est_width": null, "segregated": null, "foot": null, "path": null, "sidewalk": "left", "sidewalk_left": null, "sidewalk_right": null, "sidewalk_both": null, "footway": null, "service": null, "surface": "asphalt", "tracktype": null, "smoothness": null, "access": null, "bus": null, "busway": null, "psv": null, "lanes_psv": null, "lanes_bus": null, "lanes_bus_conditional": null, "lanes_bus_backward": null, "lanes_bus_forward": null, "lanes_psv_backward": null, "lanes_psv_forward": null, "lanes_psv_conditional": null, "lanes_psv_conditional_backward": null, "lanes_psv_conditional_forward": null, "lanes_psv_conditional_both_ways": null, "lanes_psv_both_ways": null, "z_order": 7, "other_tags": "\"dual_carriageway\"=>\"yes\",\"maxspeed:type\"=>\"GB:zone20\",\"name:ru\"=>\"Риджент-стрит\",\"sidewalk:left:surface\"=>\"paving_stones\"", "n_bus_lanes": 0.0, "distance_to_road": 0.0, "detailed_segregation": "Painted Cycle Lane", "cycle_pedestrian_separation": "Unknown", "width_clean": 0.0, "cycle_segregation": "Painted Cycle Lane" }, "geometry": { "type": "MultiLineString", "coordinates": [ [ [ -0.1404771, 51.512996 ], [ -0.1402393, 51.5127296 ] ] ] } },
{ "type": "Feature", "properties": { "osm_id": "1018951410", "name": "Regent Street", "highway": "primary", "waterway": null, "aerialway": null, "barrier": null, "man_made": null, "railway": null, "ref": "A4201", "oneway": "yes", "maxspeed": "20 mph", "bicycle": null, "cycleway_chars": "NA|lane|NA|NA|NA|NA|NA|NA|NA|NA|NA|exclusive|NA|NA|NA|NA|NA|NA", "cycleway": null, "cycleway_left": "lane", "cycleway_right": null, "cycleway_both": null, "cycleway_left_bicycle": null, "cycleway_right_bicycle": null, "cycleway_both_bicycle": null, "cycleway_left_segregated": null, "cycleway_right_segregated": null, "cycleway_both_segregated": null, "cycleway_lane": null, "cycleway_left_lane": "exclusive", "cycleway_right_lane": null, "cycleway_both_lane": null, "cycleway_surface": null, "cycleway_width": null, "cycleway_est_width": null, "cycleway_buffered_lane": null, "lanes": "1", "lanes_both_ways": null, "lanes_forward": null, "lanes_backward": null, "lit": "yes", "width": null, "est_width": null, "segregated": null, "foot": null, "path": null, "sidewalk": "left", "sidewalk_left": null, "sidewalk_right": null, "sidewalk_both": null, "footway": null, "service": null, "surface": "asphalt", "tracktype": null, "smoothness": null, "access": null, "bus": null, "busway": null, "psv": null, "lanes_psv": null, "lanes_bus": null, "lanes_bus_conditional": null, "lanes_bus_backward": null, "lanes_bus_forward": null, "lanes_psv_backward": null, "lanes_psv_forward": null, "lanes_psv_conditional": null, "lanes_psv_conditional_backward": null, "lanes_psv_conditional_forward": null, "lanes_psv_conditional_both_ways": null, "lanes_psv_both_ways": null, "z_order": 7, "other_tags": "\"dual_carriageway\"=>\"yes\",\"maxspeed:type\"=>\"GB:zone20\",\"name:ja\"=>\"リージェント・ストリート\",\"name:ru\"=>\"Риджент-стрит\",\"sidewalk:left:surface\"=>\"paving_stones\",\"wikidata\"=>\"Q1123106\",\"wikipedia\"=>\"en:Regent Street\"", "n_bus_lanes": 0.0, "distance_to_road": 0.0, "detailed_segregation": "Painted Cycle Lane", "cycle_pedestrian_separation": "Unknown", "width_clean": 0.0, "cycle_segregation": "Painted Cycle Lane" }, "geometry": { "type": "MultiLineString", "coordinates": [ [ [ -0.1402854, 51.5126375 ], [ -0.1405679, 51.5129488 ] ] ] } },
{ "type": "Feature", "properties": { "osm_id": "1018951414", "name": "Regent Street", "highway": "primary", "waterway": null, "aerialway": null, "barrier": null, "man_made": null, "railway": null, "ref": "A4201", "oneway": "yes", "maxspeed": "20 mph", "bicycle": null, "cycleway_chars": "NA|lane|NA|NA|NA|NA|NA|NA|NA|NA|NA|exclusive|NA|NA|NA|NA|NA|NA", "cycleway": null, "cycleway_left": "lane", "cycleway_right": null, "cycleway_both": null, "cycleway_left_bicycle": null, "cycleway_right_bicycle": null, "cycleway_both_bicycle": null, "cycleway_left_segregated": null, "cycleway_right_segregated": null, "cycleway_both_segregated": null, "cycleway_lane": null, "cycleway_left_lane": "exclusive", "cycleway_right_lane": null, "cycleway_both_lane": null, "cycleway_surface": null, "cycleway_width": null, "cycleway_est_width": null, "cycleway_buffered_lane": null, "lanes": "1", "lanes_both_ways": null, "lanes_forward": null, "lanes_backward": null, "lit": "yes", "width": null, "est_width": null, "segregated": null, "foot": null, "path": null, "sidewalk": "left", "sidewalk_left": null, "sidewalk_right": null, "sidewalk_both": null, "footway": null, "service": null, "surface": "asphalt", "tracktype": null, "smoothness": null, "access": null, "bus": null, "busway": null, "psv": null, "lanes_psv": null, "lanes_bus": null, "lanes_bus_conditional": null, "lanes_bus_backward": null, "lanes_bus_forward": null, "lanes_psv_backward": null, "lanes_psv_forward": null, "lanes_psv_conditional": null, "lanes_psv_conditional_backward": null, "lanes_psv_conditional_forward": null, "lanes_psv_conditional_both_ways": null, "lanes_psv_both_ways": null, "z_order": 7, "other_tags": "\"dual_carriageway\"=>\"yes\",\"maxspeed:type\"=>\"GB:zone20\",\"name:ru\"=>\"Риджент-стрит\",\"sidewalk:left:surface\"=>\"paving_stones\"", "n_bus_lanes": 0.0, "distance_to_road": 0.0, "detailed_segregation": "Painted Cycle Lane", "cycle_pedestrian_separation": "Unknown", "width_clean": 0.0, "cycle_segregation": "Painted Cycle Lane" }, "geometry": { "type": "MultiLineString", "coordinates": [ [ [ -0.139832, 51.5122801 ], [ -0.1397807, 51.5122226 ] ] ] } },
{ "type": "Feature", "properties": { "osm_id": "1018951416", "name": "Regent Street", "highway": "primary", "waterway": null, "aerialway": null, "barrier": null, "man_made": null, "railway": null, "ref": "A4201", "oneway": "yes", "maxspeed": "20 mph", "bicycle": null, "cycleway_chars": "share_busway|lane|NA|NA|NA|NA|NA|NA|NA|NA|NA|exclusive|NA|NA|NA|NA|NA|NA", "cycleway": "share_busway", "cycleway_left": "lane", "cycleway_right": null, "cycleway_both": null, "cycleway_left_bicycle": null, "cycleway_right_bicycle": null, "cycleway_both_bicycle": null, "cycleway_left_segregated": null, "cycleway_right_segregated": null, "cycleway_both_segregated": null, "cycleway_lane": null, "cycleway_left_lane": "exclusive", "cycleway_right_lane": null, "cycleway_both_lane": null, "cycleway_surface": null, "cycleway_width": null, "cycleway_est_width": null, "cycleway_buffered_lane": null, "lanes": "1", "lanes_both_ways": null, "lanes_forward": null, "lanes_backward": null, "lit": "yes", "width": null, "est_width": null, "segregated": null, "foot": null, "path": null, "sidewalk": "left", "sidewalk_left": null, "sidewalk_right": null, "sidewalk_both": null, "footway": null, "service": null, "surface": "asphalt", "tracktype": null, "smoothness": null, "access": null, "bus": null, "busway": null, "psv": null, "lanes_psv": null, "lanes_bus": null, "lanes_bus_conditional": null, "lanes_bus_backward": null, "lanes_bus_forward": null, "lanes_psv_backward": null, "lanes_psv_forward": null, "lanes_psv_conditional": null, "lanes_psv_conditional_backward": null, "lanes_psv_conditional_forward": null, "lanes_psv_conditional_both_ways": null, "lanes_psv_both_ways": null, "z_order": 7, "other_tags": "\"dual_carriageway\"=>\"yes\",\"maxspeed:type\"=>\"GB:zone20\",\"name:ja\"=>\"リージェント・ストリート\",\"name:ru\"=>\"Риджент-стрит\",\"sidewalk:left:surface\"=>\"paving_stones\",\"wikidata\"=>\"Q1123106\",\"wikipedia\"=>\"en:Regent Street\"", "n_bus_lanes": 0.0, "distance_to_road": 0.0, "detailed_segregation": "Painted Cycle Lane", "cycle_pedestrian_separation": "Unknown", "width_clean": 0.0, "cycle_segregation": "Painted Cycle Lane" }, "geometry": { "type": "MultiLineString", "coordinates": [ [ [ -0.1398683, 51.5121643 ], [ -0.1399828, 51.5122947 ] ] ] } },
{ "type": "Feature", "properties": { "osm_id": "1018951417", "name": "Regent Street", "highway": "primary", "waterway": null, "aerialway": null, "barrier": null, "man_made": null, "railway": null, "ref": "A4201", "oneway": "yes", "maxspeed": "20 mph", "bicycle": null, "cycleway_chars": "NA|lane|NA|NA|NA|NA|NA|NA|NA|NA|NA|exclusive|NA|NA|NA|NA|NA|NA", "cycleway": null, "cycleway_left": "lane", "cycleway_right": null, "cycleway_both": null, "cycleway_left_bicycle": null, "cycleway_right_bicycle": null, "cycleway_both_bicycle": null, "cycleway_left_segregated": null, "cycleway_right_segregated": null, "cycleway_both_segregated": null, "cycleway_lane": null, "cycleway_left_lane": "exclusive", "cycleway_right_lane": null, "cycleway_both_lane": null, "cycleway_surface": null, "cycleway_width": null, "cycleway_est_width": null, "cycleway_buffered_lane": null, "lanes": "1", "lanes_both_ways": null, "lanes_forward": null, "lanes_backward": null, "lit": "yes", "width": null, "est_width": null, "segregated": null, "foot": null, "path": null, "sidewalk": "left", "sidewalk_left": null, "sidewalk_right": null, "sidewalk_both": null, "footway": null, "service": null, "surface": "asphalt", "tracktype": null, "smoothness": null, "access": null, "bus": null, "busway": null, "psv": null, "lanes_psv": null, "lanes_bus": null, "lanes_bus_conditional": null, "lanes_bus_backward": null, "lanes_bus_forward": null, "lanes_psv_backward": null, "lanes_psv_forward": null, "lanes_psv_conditional": null, "lanes_psv_conditional_backward": null, "lanes_psv_conditional_forward": null, "lanes_psv_conditional_both_ways": null, "lanes_psv_both_ways": null, "z_order": 7, "other_tags": "\"dual_carriageway\"=>\"yes\",\"maxspeed:type\"=>\"GB:zone20\",\"name:ja\"=>\"リージェント・ストリート\",\"name:ru\"=>\"Риджент-стрит\",\"sidewalk:left:surface\"=>\"paving_stones\",\"wikidata\"=>\"Q1123106\",\"wikipedia\"=>\"en:Regent Street\"", "n_bus_lanes": 0.0, "distance_to_road": 0.0, "detailed_segregation": "Painted Cycle Lane", "cycle_pedestrian_separation": "Unknown", "width_clean": 0.0, "cycle_segregation": "Painted Cycle Lane" }, "geometry": { "type": "MultiLineString", "coordinates": [ [ [ -0.1395654, 51.5119836 ], [ -0.1394198, 51.5118156 ] ] ] } },
{ "type": "Feature", "properties": { "osm_id": "1018951418", "name": "Regent Street", "highway": "primary", "waterway": null, "aerialway": null, "barrier": null, "man_made": null, "railway": null, "ref": "A4201", "oneway": "yes", "maxspeed": "20 mph", "bicycle": null, "cycleway_chars": "NA|lane|NA|NA|NA|NA|NA|NA|NA|NA|NA|exclusive|NA|NA|NA|NA|NA|NA", "cycleway": null, "cycleway_left": "lane", "cycleway_right": null, "cycleway_both": null, "cycleway_left_bicycle": null, "cycleway_right_bicycle": null, "cycleway_both_bicycle": null, "cycleway_left_segregated": null, "cycleway_right_segregated": null, "cycleway_both_segregated": null, "cycleway_lane": null, "cycleway_left_lane": "exclusive", "cycleway_right_lane": null, "cycleway_both_lane": null, "cycleway_surface": null, "cycleway_width": null, "cycleway_est_width": null, "cycleway_buffered_lane": null, "lanes": "1", "lanes_both_ways": null, "lanes_forward": null, "lanes_backward": null, "lit": "yes", "width": null, "est_width": null, "segregated": null, "foot": null, "path": null, "sidewalk": "left", "sidewalk_left": null, "sidewalk_right": null, "sidewalk_both": null, "footway": null, "service": null, "surface": "asphalt", "tracktype": null, "smoothness": null, "access": null, "bus": null, "busway": null, "psv": null, "lanes_psv": null, "lanes_bus": null, "lanes_bus_conditional": null, "lanes_bus_backward": null, "lanes_bus_forward": null, "lanes_psv_backward": null, "lanes_psv_forward": null, "lanes_psv_conditional": null, "lanes_psv_conditional_backward": null, "lanes_psv_conditional_forward": null, "lanes_psv_conditional_both_ways": null, "lanes_psv_both_ways": null, "z_order": 7, "other_tags": "\"dual_carriageway\"=>\"yes\",\"maxspeed:type\"=>\"GB:zone20\",\"name:ja\"=>\"リージェント・ストリート\",\"name:ru\"=>\"Риджент-стрит\",\"sidewalk:left:surface\"=>\"paving_stones\",\"wikidata\"=>\"Q1123106\",\"wikipedia\"=>\"en:Regent Street\"", "n_bus_lanes": 0.0, "distance_to_road": 0.0, "detailed_segregation": "Painted Cycle Lane", "cycle_pedestrian_separation": "Unknown", "width_clean": 0.0, "cycle_segregation": "Painted Cycle Lane" }, "geometry": { "type": "MultiLineString", "coordinates": [ [ [ -0.1395191, 51.5117663 ], [ -0.1396672, 51.5119353 ] ] ] } },
{ "type": "Feature", "properties": { "osm_id": "1018951419", "name": "Regent Street", "highway": "primary", "waterway": null, "aerialway": null, "barrier": null, "man_made": null, "railway": null, "ref": "A4201", "oneway": "yes", "maxspeed": "20 mph", "bicycle": null, "cycleway_chars": "NA|lane|NA|NA|NA|NA|NA|NA|NA|NA|NA|exclusive|NA|NA|NA|NA|NA|NA", "cycleway": null, "cycleway_left": "lane", "cycleway_right": null, "cycleway_both": null, "cycleway_left_bicycle": null, "cycleway_right_bicycle": null, "cycleway_both_bicycle": null, "cycleway_left_segregated": null, "cycleway_right_segregated": null, "cycleway_both_segregated": null, "cycleway_lane": null, "cycleway_left_lane": "exclusive", "cycleway_right_lane": null, "cycleway_both_lane": null, "cycleway_surface": null, "cycleway_width": null, "cycleway_est_width": null, "cycleway_buffered_lane": null, "lanes": "2", "lanes_both_ways": null, "lanes_forward": null, "lanes_backward": null, "lit": "yes", "width": null, "est_width": null, "segregated": null, "foot": null, "path": null, "sidewalk": "left", "sidewalk_left": null, "sidewalk_right": null, "sidewalk_both": null, "footway": null, "service": null, "surface": "asphalt", "tracktype": null, "smoothness": null, "access": null, "bus": null, "busway": null, "psv": null, "lanes_psv": null, "lanes_bus": null, "lanes_bus_conditional": null, "lanes_bus_backward": null, "lanes_bus_forward": null, "lanes_psv_backward": null, "lanes_psv_forward": null, "lanes_psv_conditional": null, "lanes_psv_conditional_backward": null, "lanes_psv_conditional_forward": null, "lanes_psv_conditional_both_ways": null, "lanes_psv_both_ways": null, "z_order": 7, "other_tags": "\"dual_carriageway\"=>\"yes\",\"maxspeed:type\"=>\"GB:zone20\",\"name:ja\"=>\"リージェント・ストリート\",\"name:ru\"=>\"Риджент-стрит\",\"wikidata\"=>\"Q1123106\",\"wikipedia\"=>\"en:Regent Street\"", "n_bus_lanes": 0.0, "distance_to_road": 0.0, "detailed_segregation": "Painted Cycle Lane", "cycle_pedestrian_separation": "Unknown", "width_clean": 0.0, "cycle_segregation": "Painted Cycle Lane" }, "geometry": { "type": "MultiLineString", "coordinates": [ [ [ -0.1391727, 51.5113689 ], [ -0.1392665, 51.5114758 ], [ -0.1392858, 51.5114966 ] ] ] } },
{ "type": "Feature", "properties": { "osm_id": "1018951420", "name": "Regent Street", "highway": "primary", "waterway": null, "aerialway": null, "barrier": null, "man_made": null, "railway": null, "ref": "A4201", "oneway": "yes", "maxspeed": "20 mph", "bicycle": null, "cycleway_chars": "NA|lane|NA|NA|NA|NA|NA|NA|NA|NA|NA|exclusive|NA|NA|NA|NA|NA|NA", "cycleway": null, "cycleway_left": "lane", "cycleway_right": null, "cycleway_both": null, "cycleway_left_bicycle": null, "cycleway_right_bicycle": null, "cycleway_both_bicycle": null, "cycleway_left_segregated": null, "cycleway_right_segregated": null, "cycleway_both_segregated": null, "cycleway_lane": null, "cycleway_left_lane": "exclusive", "cycleway_right_lane": null, "cycleway_both_lane": null, "cycleway_surface": null, "cycleway_width": null, "cycleway_est_width": null, "cycleway_buffered_lane": null, "lanes": "2", "lanes_both_ways": null, "lanes_forward": null, "lanes_backward": null, "lit": "yes", "width": null, "est_width": null, "segregated": null, "foot": null, "path": null, "sidewalk": "left", "sidewalk_left": null, "sidewalk_right": null, "sidewalk_both": null, "footway": null, "service": null, "surface": "asphalt", "tracktype": null, "smoothness": null, "access": null, "bus": null, "busway": null, "psv": null, "lanes_psv": null, "lanes_bus": null, "lanes_bus_conditional": null, "lanes_bus_backward": null, "lanes_bus_forward": null, "lanes_psv_backward": null, "lanes_psv_forward": null, "lanes_psv_conditional": null, "lanes_psv_conditional_backward": null, "lanes_psv_conditional_forward": null, "lanes_psv_conditional_both_ways": null, "lanes_psv_both_ways": null, "z_order": 7, "other_tags": "\"dual_carriageway\"=>\"yes\",\"maxspeed:type\"=>\"GB:zone20\",\"name:ja\"=>\"リージェント・ストリート\",\"name:ru\"=>\"Риджент-стрит\",\"sidewalk:left:surface\"=>\"paving_stones\",\"wikidata\"=>\"Q1123106\",\"wikipedia\"=>\"en:Regent Street\"", "n_bus_lanes": 0.0, "distance_to_road": 0.0, "detailed_segregation": "Painted Cycle Lane", "cycle_pedestrian_separation": "Unknown", "width_clean": 0.0, "cycle_segregation": "Painted Cycle Lane" }, "geometry": { "type": "MultiLineString", "coordinates": [ [ [ -0.1391824, 51.5115397 ], [ -0.1390404, 51.5113671 ] ] ] } },
{ "type": "Feature", "properties": { "osm_id": "1018951423", "name": "Regent Street", "highway": "primary", "waterway": null, "aerialway": null, "barrier": null, "man_made": null, "railway": null, "ref": "A4201", "oneway": "yes", "maxspeed": "20 mph", "bicycle": null, "cycleway_chars": "NA|lane|NA|NA|NA|NA|NA|NA|NA|NA|NA|exclusive|NA|NA|NA|NA|NA|NA", "cycleway": null, "cycleway_left": "lane", "cycleway_right": null, "cycleway_both": null, "cycleway_left_bicycle": null, "cycleway_right_bicycle": null, "cycleway_both_bicycle": null, "cycleway_left_segregated": null, "cycleway_right_segregated": null, "cycleway_both_segregated": null, "cycleway_lane": null, "cycleway_left_lane": "exclusive", "cycleway_right_lane": null, "cycleway_both_lane": null, "cycleway_surface": null, "cycleway_width": null, "cycleway_est_width": null, "cycleway_buffered_lane": null, "lanes": "2", "lanes_both_ways": null, "lanes_forward": null, "lanes_backward": null, "lit": "yes", "width": null, "est_width": null, "segregated": null, "foot": null, "path": null, "sidewalk": "left", "sidewalk_left": null, "sidewalk_right": null, "sidewalk_both": null, "footway": null, "service": null, "surface": "asphalt", "tracktype": null, "smoothness": null, "access": null, "bus": null, "busway": null, "psv": null, "lanes_psv": null, "lanes_bus": null, "lanes_bus_conditional": null, "lanes_bus_backward": null, "lanes_bus_forward": null, "lanes_psv_backward": null, "lanes_psv_forward": null, "lanes_psv_conditional": null, "lanes_psv_conditional_backward": null, "lanes_psv_conditional_forward": null, "lanes_psv_conditional_both_ways": null, "lanes_psv_both_ways": null, "z_order": 7, "other_tags": "\"dual_carriageway\"=>\"yes\",\"maxspeed:type\"=>\"GB:zone20\",\"name:ja\"=>\"リージェント・ストリート\",\"name:ru\"=>\"Риджент-стрит\",\"sidewalk:left:surface\"=>\"paving_stones\",\"wikidata\"=>\"Q1123106\",\"wikipedia\"=>\"en:Regent Street\"", "n_bus_lanes": 0.0, "distance_to_road": 0.0, "detailed_segregation": "Painted Cycle Lane", "cycle_pedestrian_separation": "Unknown", "width_clean": 0.0, "cycle_segregation": "Painted Cycle Lane" }, "geometry": { "type": "MultiLineString", "coordinates": [ [ [ -0.1390404, 51.5113671 ], [ -0.1389615, 51.5112816 ], [ -0.1388209, 51.5111178 ] ] ] } },
{ "type": "Feature", "properties": { "osm_id": "1018951425", "name": "Regent Street", "highway": "primary", "waterway": null, "aerialway": null, "barrier": null, "man_made": null, "railway": null, "ref": "A4201", "oneway": "yes", "maxspeed": "20 mph", "bicycle": null, "cycleway_chars": "NA|lane|NA|NA|NA|NA|NA|NA|NA|NA|NA|exclusive|NA|NA|NA|NA|NA|NA", "cycleway": null, "cycleway_left": "lane", "cycleway_right": null, "cycleway_both": null, "cycleway_left_bicycle": null, "cycleway_right_bicycle": null, "cycleway_both_bicycle": null, "cycleway_left_segregated": null, "cycleway_right_segregated": null, "cycleway_both_segregated": null, "cycleway_lane": null, "cycleway_left_lane": "exclusive", "cycleway_right_lane": null, "cycleway_both_lane": null, "cycleway_surface": null, "cycleway_width": null, "cycleway_est_width": null, "cycleway_buffered_lane": null, "lanes": "2", "lanes_both_ways": null, "lanes_forward": null, "lanes_backward": null, "lit": "yes", "width": null, "est_width": null, "segregated": null, "foot": null, "path": null, "sidewalk": "left", "sidewalk_left": null, "sidewalk_right": null, "sidewalk_both": null, "footway": null, "service": null, "surface": "asphalt", "tracktype": null, "smoothness": null, "access": null, "bus": null, "busway": null, "psv": null, "lanes_psv": null, "lanes_bus": null, "lanes_bus_conditional": null, "lanes_bus_backward": null, "lanes_bus_forward": null, "lanes_psv_backward": null, "lanes_psv_forward": null, "lanes_psv_conditional": null, "lanes_psv_conditional_backward": null, "lanes_psv_conditional_forward": null, "lanes_psv_conditional_both_ways": null, "lanes_psv_both_ways": null, "z_order": 7, "other_tags": "\"dual_carriageway\"=>\"yes\",\"maxspeed:type\"=>\"GB:zone20\",\"name:ja\"=>\"リージェント・ストリート\",\"name:ru\"=>\"Риджент-стрит\",\"sidewalk:left:surface\"=>\"paving_stones\",\"wikidata\"=>\"Q1123106\",\"wikipedia\"=>\"en:Regent Street\"", "n_bus_lanes": 0.0, "distance_to_road": 0.0, "detailed_segregation": "Painted Cycle Lane", "cycle_pedestrian_separation": "Unknown", "width_clean": 0.0, "cycle_segregation": "Painted Cycle Lane" }, "geometry": { "type": "MultiLineString", "coordinates": [ [ [ -0.1387667, 51.5109093 ], [ -0.1388556, 51.5110099 ], [ -0.1388573, 51.5110118 ], [ -0.1389219, 51.5110851 ] ] ] } },
{ "type": "Feature", "properties": { "osm_id": "1018951426", "name": "Regent Street", "highway": "primary", "waterway": null, "aerialway": null, "barrier": null, "man_made": null, "railway": null, "ref": "A4201", "oneway": "yes", "maxspeed": "20 mph", "bicycle": null, "cycleway_chars": "share_busway|lane|NA|NA|NA|NA|NA|NA|NA|NA|NA|exclusive|NA|NA|NA|NA|NA|NA", "cycleway": "share_busway", "cycleway_left": "lane", "cycleway_right": null, "cycleway_both": null, "cycleway_left_bicycle": null, "cycleway_right_bicycle": null, "cycleway_both_bicycle": null, "cycleway_left_segregated": null, "cycleway_right_segregated": null, "cycleway_both_segregated": null, "cycleway_lane": null, "cycleway_left_lane": "exclusive", "cycleway_right_lane": null, "cycleway_both_lane": null, "cycleway_surface": null, "cycleway_width": null, "cycleway_est_width": null, "cycleway_buffered_lane": null, "lanes": "2", "lanes_both_ways": null, "lanes_forward": null, "lanes_backward": null, "lit": "yes", "width": null, "est_width": null, "segregated": null, "foot": null, "path": null, "sidewalk": "left", "sidewalk_left": null, "sidewalk_right": null, "sidewalk_both": null, "footway": null, "service": null, "surface": "asphalt", "tracktype": null, "smoothness": null, "access": null, "bus": null, "busway": null, "psv": null, "lanes_psv": null, "lanes_bus": null, "lanes_bus_conditional": null, "lanes_bus_backward": null, "lanes_bus_forward": null, "lanes_psv_backward": null, "lanes_psv_forward": null, "lanes_psv_conditional": null, "lanes_psv_conditional_backward": null, "lanes_psv_conditional_forward": null, "lanes_psv_conditional_both_ways": null, "lanes_psv_both_ways": null, "z_order": 7, "other_tags": "\"dual_carriageway\"=>\"yes\",\"maxspeed:type\"=>\"GB:zone20\",\"name:ja\"=>\"リージェント・ストリート\",\"name:ru\"=>\"Риджент-стрит\",\"sidewalk:left:surface\"=>\"paving_stones\",\"wikidata\"=>\"Q1123106\",\"wikipedia\"=>\"en:Regent Street\"", "n_bus_lanes": 0.0, "distance_to_road": 0.0, "detailed_segregation": "Painted Cycle Lane", "cycle_pedestrian_separation": "Unknown", "width_clean": 0.0, "cycle_segregation": "Painted Cycle Lane" }, "geometry": { "type": "MultiLineString", "coordinates": [ [ [ -0.1388209, 51.5111178 ], [ -0.1387756, 51.5110643 ], [ -0.138773, 51.5110613 ], [ -0.1387581, 51.5110448 ], [ -0.1385456, 51.5108079 ] ] ] } },
{ "type": "Feature", "properties": { "osm_id": "1018951429", "name": "Regent Street", "highway": "primary", "waterway": null, "aerialway": null, "barrier": null, "man_made": null, "railway": null, "ref": "A4201", "oneway": "yes", "maxspeed": "20 mph", "bicycle": null, "cycleway_chars": "NA|lane|NA|NA|NA|NA|NA|NA|NA|NA|NA|exclusive|NA|NA|NA|NA|NA|NA", "cycleway": null, "cycleway_left": "lane", "cycleway_right": null, "cycleway_both": null, "cycleway_left_bicycle": null, "cycleway_right_bicycle": null, "cycleway_both_bicycle": null, "cycleway_left_segregated": null, "cycleway_right_segregated": null, "cycleway_both_segregated": null, "cycleway_lane": null, "cycleway_left_lane": "exclusive", "cycleway_right_lane": null, "cycleway_both_lane": null, "cycleway_surface": null, "cycleway_width": null, "cycleway_est_width": null, "cycleway_buffered_lane": null, "lanes": "2", "lanes_both_ways": null, "lanes_forward": null, "lanes_backward": null, "lit": "yes", "width": null, "est_width": null, "segregated": null, "foot": null, "path": null, "sidewalk": "left", "sidewalk_left": null, "sidewalk_right": null, "sidewalk_both": null, "footway": null, "service": null, "surface": "asphalt", "tracktype": null, "smoothness": null, "access": null, "bus": null, "busway": null, "psv": null, "lanes_psv": null, "lanes_bus": null, "lanes_bus_conditional": null, "lanes_bus_backward": null, "lanes_bus_forward": null, "lanes_psv_backward": null, "lanes_psv_forward": null, "lanes_psv_conditional": null, "lanes_psv_conditional_backward": null, "lanes_psv_conditional_forward": null, "lanes_psv_conditional_both_ways": null, "lanes_psv_both_ways": null, "z_order": 7, "other_tags": "\"dual_carriageway\"=>\"yes\",\"maxspeed:type\"=>\"GB:zone20\",\"name:ja\"=>\"リージェント・ストリート\",\"name:ru\"=>\"Риджент-стрит\",\"sidewalk:left:surface\"=>\"paving_stones\",\"wikidata\"=>\"Q1123106\",\"wikipedia\"=>\"en:Regent Street\"", "n_bus_lanes": 0.0, "distance_to_road": 0.0, "detailed_segregation": "Painted Cycle Lane", "cycle_pedestrian_separation": "Unknown", "width_clean": 0.0, "cycle_segregation": "Painted Cycle Lane" }, "geometry": { "type": "MultiLineString", "coordinates": [ [ [ -0.1380396, 51.5102761 ], [ -0.1379893, 51.5102466 ], [ -0.1379372, 51.5102176 ], [ -0.1378015, 51.5101523 ], [ -0.1376593, 51.5100992 ], [ -0.1375855, 51.5100725 ] ] ] } },
{ "type": "Feature", "properties": { "osm_id": "1018951430", "name": "Regent Street", "highway": "primary", "waterway": null, "aerialway": null, "barrier": null, "man_made": null, "railway": null, "ref": "A4201", "oneway": "yes", "maxspeed": "20 mph", "bicycle": null, "cycleway_chars": "NA|lane|NA|NA|NA|NA|NA|NA|NA|NA|NA|exclusive|NA|NA|NA|NA|NA|NA", "cycleway": null, "cycleway_left": "lane", "cycleway_right": null, "cycleway_both": null, "cycleway_left_bicycle": null, "cycleway_right_bicycle": null, "cycleway_both_bicycle": null, "cycleway_left_segregated": null, "cycleway_right_segregated": null, "cycleway_both_segregated": null, "cycleway_lane": null, "cycleway_left_lane": "exclusive", "cycleway_right_lane": null, "cycleway_both_lane": null, "cycleway_surface": null, "cycleway_width": null, "cycleway_est_width": null, "cycleway_buffered_lane": null, "lanes": "2", "lanes_both_ways": null, "lanes_forward": null, "lanes_backward": null, "lit": "yes", "width": null, "est_width": null, "segregated": null, "foot": null, "path": null, "sidewalk": null, "sidewalk_left": "separate", "sidewalk_right": "no", "sidewalk_both": null, "footway": null, "service": null, "surface": "asphalt", "tracktype": null, "smoothness": null, "access": null, "bus": null, "busway": null, "psv": null, "lanes_psv": null, "lanes_bus": null, "lanes_bus_conditional": null, "lanes_bus_backward": null, "lanes_bus_forward": null, "lanes_psv_backward": null, "lanes_psv_forward": null, "lanes_psv_conditional": null, "lanes_psv_conditional_backward": null, "lanes_psv_conditional_forward": null, "lanes_psv_conditional_both_ways": null, "lanes_psv_both_ways": null, "z_order": 7, "other_tags": "\"dual_carriageway\"=>\"yes\",\"maxspeed:type\"=>\"GB:zone20\",\"name:ja\"=>\"リージェント・ストリート\",\"name:ru\"=>\"Риджент-стрит\",\"wikidata\"=>\"Q1123106\",\"wikipedia\"=>\"en:Regent Street\"", "n_bus_lanes": 0.0, "distance_to_road": 0.0, "detailed_segregation": "Painted Cycle Lane", "cycle_pedestrian_separation": "Unknown", "width_clean": 0.0, "cycle_segregation": "Painted Cycle Lane" }, "geometry": { "type": "MultiLineString", "coordinates": [ [ [ -0.1378378, 51.5100764 ], [ -0.1378815, 51.5100936 ], [ -0.1379374, 51.5101184 ], [ -0.1379933, 51.5101452 ], [ -0.1380432, 51.510175 ], [ -0.1381156, 51.5102212 ] ] ] } },
{ "type": "Feature", "properties": { "osm_id": "1018951433", "name": "Regent Street", "highway": "primary", "waterway": null, "aerialway": null, "barrier": null, "man_made": null, "railway": null, "ref": "A4201", "oneway": "yes", "maxspeed": "20 mph", "bicycle": null, "cycleway_chars": "NA|lane|NA|NA|NA|NA|NA|NA|NA|NA|NA|exclusive|NA|NA|NA|NA|NA|NA", "cycleway": null, "cycleway_left": "lane", "cycleway_right": null, "cycleway_both": null, "cycleway_left_bicycle": null, "cycleway_right_bicycle": null, "cycleway_both_bicycle": null, "cycleway_left_segregated": null, "cycleway_right_segregated": null, "cycleway_both_segregated": null, "cycleway_lane": null, "cycleway_left_lane": "exclusive", "cycleway_right_lane": null, "cycleway_both_lane": null, "cycleway_surface": null, "cycleway_width": null, "cycleway_est_width": null, "cycleway_buffered_lane": null, "lanes": "2", "lanes_both_ways": null, "lanes_forward": null, "lanes_backward": null, "lit": "yes", "width": null, "est_width": null, "segregated": null, "foot": null, "path": null, "sidewalk": "left", "sidewalk_left": null, "sidewalk_right": null, "sidewalk_both": null, "footway": null, "service": null, "surface": "asphalt", "tracktype": null, "smoothness": null, "access": null, "bus": null, "busway": null, "psv": null, "lanes_psv": null, "lanes_bus": null, "lanes_bus_conditional": null, "lanes_bus_backward": null, "lanes_bus_forward": null, "lanes_psv_backward": null, "lanes_psv_forward": null, "lanes_psv_conditional": null, "lanes_psv_conditional_backward": null, "lanes_psv_conditional_forward": null, "lanes_psv_conditional_both_ways": null, "lanes_psv_both_ways": null, "z_order": 7, "other_tags": "\"dual_carriageway\"=>\"yes\",\"maxspeed:type\"=>\"GB:zone20\",\"name:ja\"=>\"リージェント・ストリート\",\"name:ru\"=>\"Риджент-стрит\",\"sidewalk:left:surface\"=>\"paving_stones\",\"wikidata\"=>\"Q1123106\",\"wikipedia\"=>\"en:Regent Street\"", "n_bus_lanes": 0.0, "distance_to_road": 0.0, "detailed_segregation": "Painted Cycle Lane", "cycle_pedestrian_separation": "Unknown", "width_clean": 0.0, "cycle_segregation": "Painted Cycle Lane" }, "geometry": { "type": "MultiLineString", "coordinates": [ [ [ -0.136915, 51.5099325 ], [ -0.1368116, 51.5099208 ], [ -0.1367402, 51.5099152 ] ] ] } },
{ "type": "Feature", "properties": { "osm_id": "1018951434", "name": "Regent Street", "highway": "primary", "waterway": null, "aerialway": null, "barrier": null, "man_made": null, "railway": null, "ref": "A4201", "oneway": "yes", "maxspeed": "20 mph", "bicycle": null, "cycleway_chars": "share_busway|NA|NA|NA|NA|NA|NA|NA|NA|NA|NA|NA|NA|NA|NA|NA|NA|NA", "cycleway": "share_busway", "cycleway_left": null, "cycleway_right": null, "cycleway_both": null, "cycleway_left_bicycle": null, "cycleway_right_bicycle": null, "cycleway_both_bicycle": null, "cycleway_left_segregated": null, "cycleway_right_segregated": null, "cycleway_both_segregated": null, "cycleway_lane": null, "cycleway_left_lane": null, "cycleway_right_lane": null, "cycleway_both_lane": null, "cycleway_surface": null, "cycleway_width": null, "cycleway_est_width": null, "cycleway_buffered_lane": null, "lanes": "1", "lanes_both_ways": null, "lanes_forward": null, "lanes_backward": null, "lit": "yes", "width": null, "est_width": null, "segregated": null, "foot": null, "path": null, "sidewalk": null, "sidewalk_left": "separate", "sidewalk_right": "no", "sidewalk_both": null, "footway": null, "service": null, "surface": "asphalt", "tracktype": null, "smoothness": null, "access": null, "bus": null, "busway": null, "psv": null, "lanes_psv": null, "lanes_bus": null, "lanes_bus_conditional": null, "lanes_bus_backward": null, "lanes_bus_forward": null, "lanes_psv_backward": null, "lanes_psv_forward": null, "lanes_psv_conditional": null, "lanes_psv_conditional_backward": null, "lanes_psv_conditional_forward": null, "lanes_psv_conditional_both_ways": null, "lanes_psv_both_ways": null, "z_order": 7, "other_tags": "\"dual_carriageway\"=>\"yes\",\"maxspeed:type\"=>\"GB:zone20\",\"name:ja\"=>\"リージェント・ストリート\",\"name:ru\"=>\"Риджент-стрит\",\"sidewalk:left:surface\"=>\"paving_stones\",\"wikidata\"=>\"Q1123106\",\"wikipedia\"=>\"en:Regent Street\"", "n_bus_lanes": 0.0, "distance_to_road": 0.0, "detailed_segregation": "Painted Cycle Lane", "cycle_pedestrian_separation": "Unknown", "width_clean": 0.0, "cycle_segregation": "Painted Cycle Lane" }, "geometry": { "type": "MultiLineString", "coordinates": [ [ [ -0.1365745, 51.5098367 ], [ -0.1366664, 51.5098414 ], [ -0.1367526, 51.5098465 ] ] ] } },
{ "type": "Feature", "properties": { "osm_id": "1040319610", "name": "Shaftesbury Avenue", "highway": "primary", "waterway": null, "aerialway": null, "barrier": null, "man_made": null, "railway": null, "ref": "A401", "oneway": null, "maxspeed": "20 mph", "bicycle": null, "cycleway_chars": "NA|lane|NA|NA|NA|NA|NA|NA|NA|NA|NA|advisory|NA|NA|NA|NA|NA|NA", "cycleway": null, "cycleway_left": "lane", "cycleway_right": null, "cycleway_both": null, "cycleway_left_bicycle": null, "cycleway_right_bicycle": null, "cycleway_both_bicycle": null, "cycleway_left_segregated": null, "cycleway_right_segregated": null, "cycleway_both_segregated": null, "cycleway_lane": null, "cycleway_left_lane": "advisory", "cycleway_right_lane": null, "cycleway_both_lane": null, "cycleway_surface": null, "cycleway_width": null, "cycleway_est_width": null, "cycleway_buffered_lane": null, "lanes": "2", "lanes_both_ways": null, "lanes_forward": null, "lanes_backward": null, "lit": "yes", "width": null, "est_width": null, "segregated": null, "foot": null, "path": null, "sidewalk": "both", "sidewalk_left": null, "sidewalk_right": null, "sidewalk_both": null, "footway": null, "service": null, "surface": "asphalt", "tracktype": null, "smoothness": null, "access": null, "bus": null, "busway": null, "psv": null, "lanes_psv": null, "lanes_bus": null, "lanes_bus_conditional": null, "lanes_bus_backward": null, "lanes_bus_forward": null, "lanes_psv_backward": null, "lanes_psv_forward": null, "lanes_psv_conditional": null, "lanes_psv_conditional_backward": null, "lanes_psv_conditional_forward": null, "lanes_psv_conditional_both_ways": null, "lanes_psv_both_ways": null, "z_order": 7, "other_tags": "\"maxspeed:type\"=>\"GB:zone20\",\"postal_code\"=>\"WC2H 8DP\"", "n_bus_lanes": 0.0, "distance_to_road": 0.0, "detailed_segregation": "Painted Cycle Lane", "cycle_pedestrian_separation": "Unknown", "width_clean": 0.0, "cycle_segregation": "Painted Cycle Lane" }, "geometry": { "type": "MultiLineString", "coordinates": [ [ [ -0.1289239, 51.513407 ], [ -0.128842783262949, 51.513469634442536 ] ] ] } },
{ "type": "Feature", "properties": { "osm_id": "1058328015", "name": null, "highway": "cycleway", "waterway": null, "aerialway": null, "barrier": null, "man_made": null, "railway": null, "ref": null, "oneway": "yes", "maxspeed": null, "bicycle": null, "cycleway_chars": "NA|NA|NA|NA|NA|NA|NA|NA|NA|NA|NA|NA|NA|NA|NA|NA|NA|NA", "cycleway": null, "cycleway_left": null, "cycleway_right": null, "cycleway_both": null, "cycleway_left_bicycle": null, "cycleway_right_bicycle": null, "cycleway_both_bicycle": null, "cycleway_left_segregated": null, "cycleway_right_segregated": null, "cycleway_both_segregated": null, "cycleway_lane": null, "cycleway_left_lane": null, "cycleway_right_lane": null, "cycleway_both_lane": null, "cycleway_surface": null, "cycleway_width": null, "cycleway_est_width": null, "cycleway_buffered_lane": null, "lanes": null, "lanes_both_ways": null, "lanes_forward": null, "lanes_backward": null, "lit": "yes", "width": null, "est_width": "2", "segregated": null, "foot": "no", "path": null, "sidewalk": null, "sidewalk_left": null, "sidewalk_right": null, "sidewalk_both": null, "footway": null, "service": null, "surface": "asphalt", "tracktype": null, "smoothness": null, "access": null, "bus": null, "busway": null, "psv": null, "lanes_psv": null, "lanes_bus": null, "lanes_bus_conditional": null, "lanes_bus_backward": null, "lanes_bus_forward": null, "lanes_psv_backward": null, "lanes_psv_forward": null, "lanes_psv_conditional": null, "lanes_psv_conditional_backward": null, "lanes_psv_conditional_forward": null, "lanes_psv_conditional_both_ways": null, "lanes_psv_both_ways": null, "z_order": 0, "other_tags": null, "n_bus_lanes": 0.0, "distance_to_road": 5.4, "detailed_segregation": "Level track", "cycle_pedestrian_separation": "Unknown", "width_clean": 2.0, "cycle_segregation": "Segregated Track (wide)" }, "geometry": { "type": "MultiLineString", "coordinates": [ [ [ -0.1274722, 51.5008732 ], [ -0.1273938, 51.500939 ], [ -0.1273832, 51.5009479 ], [ -0.1272755, 51.5009776 ], [ -0.127116, 51.500979 ] ] ] } },
{ "type": "Feature", "properties": { "osm_id": "1058328016", "name": "Parliament Square", "highway": "primary", "waterway": null, "aerialway": null, "barrier": null, "man_made": null, "railway": null, "ref": "A302", "oneway": "yes", "maxspeed": "20 mph", "bicycle": null, "cycleway_chars": "NA|NA|lane|NA|NA|NA|NA|NA|NA|NA|NA|NA|NA|NA|NA|NA|NA|NA", "cycleway": null, "cycleway_left": null, "cycleway_right": "lane", "cycleway_both": null, "cycleway_left_bicycle": null, "cycleway_right_bicycle": null, "cycleway_both_bicycle": null, "cycleway_left_segregated": null, "cycleway_right_segregated": null, "cycleway_both_segregated": null, "cycleway_lane": null, "cycleway_left_lane": null, "cycleway_right_lane": null, "cycleway_both_lane": null, "cycleway_surface": null, "cycleway_width": null, "cycleway_est_width": null, "cycleway_buffered_lane": null, "lanes": "3", "lanes_both_ways": null, "lanes_forward": null, "lanes_backward": null, "lit": "yes", "width": null, "est_width": null, "segregated": null, "foot": null, "path": null, "sidewalk": "no", "sidewalk_left": null, "sidewalk_right": null, "sidewalk_both": null, "footway": null, "service": null, "surface": "asphalt", "tracktype": null, "smoothness": null, "access": null, "bus": null, "busway": null, "psv": null, "lanes_psv": null, "lanes_bus": null, "lanes_bus_conditional": null, "lanes_bus_backward": null, "lanes_bus_forward": null, "lanes_psv_backward": null, "lanes_psv_forward": null, "lanes_psv_conditional": null, "lanes_psv_conditional_backward": null, "lanes_psv_conditional_forward": null, "lanes_psv_conditional_both_ways": null, "lanes_psv_both_ways": null, "z_order": 7, "other_tags": "\"junction\"=>\"circular\",\"maxspeed:type\"=>\"GB:zone20\",\"name:be\"=>\"Парламентская пл.\",\"name:en\"=>\"Parliament Square\",\"name:etymology:wikidata\"=>\"Q1368556\",\"name:ru\"=>\"Парламентская пл.\",\"source:maxspeed\"=>\"survey\"", "n_bus_lanes": 0.0, "distance_to_road": 0.0, "detailed_segregation": "Painted Cycle Lane", "cycle_pedestrian_separation": "Unknown", "width_clean": 0.0, "cycle_segregation": "Painted Cycle Lane" }, "geometry": { "type": "MultiLineString", "coordinates": [ [ [ -0.1275028, 51.5008424 ], [ -0.1274722, 51.5008732 ] ] ] } },
{ "type": "Feature", "properties": { "osm_id": "1064391190", "name": "Hanover Street", "highway": "cycleway", "waterway": null, "aerialway": null, "barrier": null, "man_made": null, "railway": null, "ref": null, "oneway": "yes", "maxspeed": null, "bicycle": null, "cycleway_chars": "NA|NA|NA|NA|NA|NA|NA|NA|NA|NA|NA|NA|NA|NA|NA|NA|NA|NA", "cycleway": null, "cycleway_left": null, "cycleway_right": null, "cycleway_both": null, "cycleway_left_bicycle": null, "cycleway_right_bicycle": null, "cycleway_both_bicycle": null, "cycleway_left_segregated": null, "cycleway_right_segregated": null, "cycleway_both_segregated": null, "cycleway_lane": null, "cycleway_left_lane": null, "cycleway_right_lane": null, "cycleway_both_lane": null, "cycleway_surface": null, "cycleway_width": null, "cycleway_est_width": null, "cycleway_buffered_lane": null, "lanes": null, "lanes_both_ways": null, "lanes_forward": null, "lanes_backward": null, "lit": null, "width": null, "est_width": null, "segregated": null, "foot": "yes", "path": null, "sidewalk": null, "sidewalk_left": "separate", "sidewalk_right": null, "sidewalk_both": null, "footway": null, "service": null, "surface": "asphalt", "tracktype": null, "smoothness": null, "access": null, "bus": null, "busway": null, "psv": null, "lanes_psv": null, "lanes_bus": null, "lanes_bus_conditional": null, "lanes_bus_backward": null, "lanes_bus_forward": null, "lanes_psv_backward": null, "lanes_psv_forward": null, "lanes_psv_conditional": null, "lanes_psv_conditional_backward": null, "lanes_psv_conditional_forward": null, "lanes_psv_conditional_both_ways": null, "lanes_psv_both_ways": null, "z_order": 0, "other_tags": null, "n_bus_lanes": 0.0, "distance_to_road": 4.4, "detailed_segregation": "Level track", "cycle_pedestrian_separation": "Unknown", "width_clean": 0.0, "cycle_segregation": "Segregated Track (narrow)" }, "geometry": { "type": "MultiLineString", "coordinates": [ [ [ -0.1432015, 51.5136927 ], [ -0.1431295, 51.5137092 ], [ -0.1430992, 51.5137155 ], [ -0.143021, 51.5137038 ] ] ] } },
{ "type": "Feature", "properties": { "osm_id": "1065112865", "name": "Cockspur Street", "highway": "primary", "waterway": null, "aerialway": null, "barrier": null, "man_made": null, "railway": null, "ref": "A4", "oneway": "yes", "maxspeed": "20 mph", "bicycle": null, "cycleway_chars": "NA|lane|NA|NA|NA|NA|NA|NA|NA|NA|NA|NA|NA|NA|NA|NA|NA|NA", "cycleway": null, "cycleway_left": "lane", "cycleway_right": null, "cycleway_both": null, "cycleway_left_bicycle": null, "cycleway_right_bicycle": null, "cycleway_both_bicycle": null, "cycleway_left_segregated": null, "cycleway_right_segregated": null, "cycleway_both_segregated": null, "cycleway_lane": null, "cycleway_left_lane": null, "cycleway_right_lane": null, "cycleway_both_lane": null, "cycleway_surface": null, "cycleway_width": null, "cycleway_est_width": null, "cycleway_buffered_lane": null, "lanes": "2", "lanes_both_ways": null, "lanes_forward": null, "lanes_backward": null, "lit": "yes", "width": null, "est_width": null, "segregated": null, "foot": null, "path": null, "sidewalk": null, "sidewalk_left": "separate", "sidewalk_right": "no", "sidewalk_both": null, "footway": null, "service": null, "surface": "asphalt", "tracktype": null, "smoothness": null, "access": null, "bus": null, "busway": null, "psv": null, "lanes_psv": null, "lanes_bus": null, "lanes_bus_conditional": null, "lanes_bus_backward": null, "lanes_bus_forward": null, "lanes_psv_backward": null, "lanes_psv_forward": null, "lanes_psv_conditional": null, "lanes_psv_conditional_backward": null, "lanes_psv_conditional_forward": null, "lanes_psv_conditional_both_ways": null, "lanes_psv_both_ways": null, "z_order": 7, "other_tags": "\"maxspeed:type\"=>\"GB:zone20\"", "n_bus_lanes": 0.0, "distance_to_road": 0.0, "detailed_segregation": "Painted Cycle Lane", "cycle_pedestrian_separation": "Unknown", "width_clean": 0.0, "cycle_segregation": "Painted Cycle Lane" }, "geometry": { "type": "MultiLineString", "coordinates": [ [ [ -0.1284931, 51.5074237 ], [ -0.1287235, 51.5074491 ] ] ] } },
{ "type": "Feature", "properties": { "osm_id": "1065112866", "name": "The Mall", "highway": "tertiary", "waterway": null, "aerialway": null, "barrier": null, "man_made": null, "railway": null, "ref": null, "oneway": "yes", "maxspeed": "20 mph", "bicycle": null, "cycleway_chars": "NA|lane|NA|NA|NA|NA|NA|NA|NA|NA|NA|NA|NA|NA|NA|NA|NA|NA", "cycleway": null, "cycleway_left": "lane", "cycleway_right": null, "cycleway_both": null, "cycleway_left_bicycle": null, "cycleway_right_bicycle": null, "cycleway_both_bicycle": null, "cycleway_left_segregated": null, "cycleway_right_segregated": null, "cycleway_both_segregated": null, "cycleway_lane": null, "cycleway_left_lane": null, "cycleway_right_lane": null, "cycleway_both_lane": null, "cycleway_surface": null, "cycleway_width": null, "cycleway_est_width": null, "cycleway_buffered_lane": null, "lanes": "2", "lanes_both_ways": null, "lanes_forward": null, "lanes_backward": null, "lit": "yes", "width": null, "est_width": null, "segregated": null, "foot": null, "path": null, "sidewalk": null, "sidewalk_left": "separate", "sidewalk_right": "no", "sidewalk_both": null, "footway": null, "service": null, "surface": "asphalt", "tracktype": null, "smoothness": null, "access": null, "bus": null, "busway": null, "psv": null, "lanes_psv": null, "lanes_bus": null, "lanes_bus_conditional": null, "lanes_bus_backward": null, "lanes_bus_forward": null, "lanes_psv_backward": null, "lanes_psv_forward": null, "lanes_psv_conditional": null, "lanes_psv_conditional_backward": null, "lanes_psv_conditional_forward": null, "lanes_psv_conditional_both_ways": null, "lanes_psv_both_ways": null, "z_order": 4, "other_tags": "\"name:ja\"=>\"ザ・マル\",\"operator\"=>\"City of Westminster\",\"postal_code\"=>\"SW1\",\"wikidata\"=>\"Q842930\",\"wikipedia\"=>\"en:The Mall, London\"", "n_bus_lanes": 0.0, "distance_to_road": 0.0, "detailed_segregation": "Painted Cycle Lane", "cycle_pedestrian_separation": "Unknown", "width_clean": 0.0, "cycle_segregation": "Painted Cycle Lane" }, "geometry": { "type": "MultiLineString", "coordinates": [ [ [ -0.1281427, 51.5070721 ], [ -0.1281068, 51.5071014 ] ] ] } },
{ "type": "Feature", "properties": { "osm_id": "1065127950", "name": "Shaftesbury Avenue", "highway": "primary", "waterway": null, "aerialway": null, "barrier": null, "man_made": null, "railway": null, "ref": "A401", "oneway": "no", "maxspeed": "20 mph", "bicycle": null, "cycleway_chars": "NA|share_busway|NA|NA|NA|NA|NA|NA|NA|NA|NA|NA|NA|NA|NA|NA|NA|NA", "cycleway": null, "cycleway_left": "share_busway", "cycleway_right": null, "cycleway_both": null, "cycleway_left_bicycle": null, "cycleway_right_bicycle": null, "cycleway_both_bicycle": null, "cycleway_left_segregated": null, "cycleway_right_segregated": null, "cycleway_both_segregated": null, "cycleway_lane": null, "cycleway_left_lane": null, "cycleway_right_lane": null, "cycleway_both_lane": null, "cycleway_surface": null, "cycleway_width": null, "cycleway_est_width": null, "cycleway_buffered_lane": null, "lanes": null, "lanes_both_ways": null, "lanes_forward": null, "lanes_backward": null, "lit": "yes", "width": null, "est_width": null, "segregated": null, "foot": null, "path": null, "sidewalk": "both", "sidewalk_left": null, "sidewalk_right": null, "sidewalk_both": null, "footway": null, "service": null, "surface": "asphalt", "tracktype": null, "smoothness": null, "access": null, "bus": null, "busway": null, "psv": null, "lanes_psv": null, "lanes_bus": null, "lanes_bus_conditional": null, "lanes_bus_backward": null, "lanes_bus_forward": null, "lanes_psv_backward": null, "lanes_psv_forward": null, "lanes_psv_conditional": null, "lanes_psv_conditional_backward": null, "lanes_psv_conditional_forward": null, "lanes_psv_conditional_both_ways": null, "lanes_psv_both_ways": null, "z_order": 7, "other_tags": "\"postal_code\"=>\"W1\",\"ref:GB:usrn\"=>\"8400552;8401722\",\"tourism\"=>\"yes\",\"wikidata\"=>\"Q1631720\",\"wikimedia_commons\"=>\"Category:Shaftesbury_Avenue\",\"wikipedia\"=>\"en:Shaftesbury Avenue\"", "n_bus_lanes": 0.0, "distance_to_road": 0.0, "detailed_segregation": "Painted Cycle Lane", "cycle_pedestrian_separation": "Unknown", "width_clean": 0.0, "cycle_segregation": "Painted Cycle Lane" }, "geometry": { "type": "MultiLineString", "coordinates": [ [ [ -0.1311583, 51.5123171 ], [ -0.1307059, 51.5124831 ] ] ] } },
{ "type": "Feature", "properties": { "osm_id": "1065127952", "name": "Shaftesbury Avenue", "highway": "primary", "waterway": null, "aerialway": null, "barrier": null, "man_made": null, "railway": null, "ref": "A401", "oneway": "no", "maxspeed": "20 mph", "bicycle": null, "cycleway_chars": "NA|share_busway|NA|NA|NA|NA|NA|NA|NA|NA|NA|NA|NA|NA|NA|NA|NA|NA", "cycleway": null, "cycleway_left": "share_busway", "cycleway_right": null, "cycleway_both": null, "cycleway_left_bicycle": null, "cycleway_right_bicycle": null, "cycleway_both_bicycle": null, "cycleway_left_segregated": null, "cycleway_right_segregated": null, "cycleway_both_segregated": null, "cycleway_lane": null, "cycleway_left_lane": null, "cycleway_right_lane": null, "cycleway_both_lane": null, "cycleway_surface": null, "cycleway_width": null, "cycleway_est_width": null, "cycleway_buffered_lane": null, "lanes": null, "lanes_both_ways": null, "lanes_forward": null, "lanes_backward": null, "lit": "yes", "width": null, "est_width": null, "segregated": null, "foot": null, "path": null, "sidewalk": "both", "sidewalk_left": null, "sidewalk_right": null, "sidewalk_both": null, "footway": null, "service": null, "surface": "asphalt", "tracktype": null, "smoothness": null, "access": null, "bus": null, "busway": null, "psv": null, "lanes_psv": null, "lanes_bus": null, "lanes_bus_conditional": null, "lanes_bus_backward": null, "lanes_bus_forward": null, "lanes_psv_backward": null, "lanes_psv_forward": null, "lanes_psv_conditional": null, "lanes_psv_conditional_backward": null, "lanes_psv_conditional_forward": null, "lanes_psv_conditional_both_ways": null, "lanes_psv_both_ways": null, "z_order": 7, "other_tags": "\"postal_code\"=>\"W1\",\"ref:GB:usrn\"=>\"8400552;8401722\",\"wikidata\"=>\"Q1631720\",\"wikimedia_commons\"=>\"Category:Shaftesbury_Avenue\",\"wikipedia\"=>\"en:Shaftesbury Avenue\"", "n_bus_lanes": 0.0, "distance_to_road": 0.0, "detailed_segregation": "Painted Cycle Lane", "cycle_pedestrian_separation": "Unknown", "width_clean": 0.0, "cycle_segregation": "Painted Cycle Lane" }, "geometry": { "type": "MultiLineString", "coordinates": [ [ [ -0.1306119, 51.5125185 ], [ -0.1304061, 51.5125962 ] ] ] } },
{ "type": "Feature", "properties": { "osm_id": "1065177547", "name": "New Bond Street", "highway": "secondary", "waterway": null, "aerialway": null, "barrier": null, "man_made": null, "railway": null, "ref": "B406", "oneway": "yes", "maxspeed": "20 mph", "bicycle": null, "cycleway_chars": "NA|lane|NA|NA|NA|NA|NA|NA|NA|NA|NA|NA|NA|NA|NA|NA|NA|NA", "cycleway": null, "cycleway_left": "lane", "cycleway_right": null, "cycleway_both": null, "cycleway_left_bicycle": null, "cycleway_right_bicycle": null, "cycleway_both_bicycle": null, "cycleway_left_segregated": null, "cycleway_right_segregated": null, "cycleway_both_segregated": null, "cycleway_lane": null, "cycleway_left_lane": null, "cycleway_right_lane": null, "cycleway_both_lane": null, "cycleway_surface": null, "cycleway_width": null, "cycleway_est_width": null, "cycleway_buffered_lane": null, "lanes": null, "lanes_both_ways": null, "lanes_forward": null, "lanes_backward": null, "lit": "yes", "width": null, "est_width": "4", "segregated": null, "foot": null, "path": null, "sidewalk": "both", "sidewalk_left": null, "sidewalk_right": null, "sidewalk_both": null, "footway": null, "service": null, "surface": "asphalt", "tracktype": null, "smoothness": null, "access": null, "bus": null, "busway": null, "psv": null, "lanes_psv": null, "lanes_bus": null, "lanes_bus_conditional": null, "lanes_bus_backward": null, "lanes_bus_forward": null, "lanes_psv_backward": null, "lanes_psv_forward": null, "lanes_psv_conditional": null, "lanes_psv_conditional_backward": null, "lanes_psv_conditional_forward": null, "lanes_psv_conditional_both_ways": null, "lanes_psv_both_ways": null, "z_order": 6, "other_tags": "\"maxspeed:type\"=>\"GB:zone20\"", "n_bus_lanes": 0.0, "distance_to_road": 0.0, "detailed_segregation": "Painted Cycle Lane", "cycle_pedestrian_separation": "Unknown", "width_clean": 4.0, "cycle_segregation": "Painted Cycle Lane" }, "geometry": { "type": "MultiLineString", "coordinates": [ [ [ -0.1435549, 51.5114143 ], [ -0.1434284, 51.5112917 ] ] ] } },
{ "type": "Feature", "properties": { "osm_id": "1067635380", "name": "Regent Street", "highway": "primary", "waterway": null, "aerialway": null, "barrier": null, "man_made": null, "railway": null, "ref": "A4201", "oneway": "yes", "maxspeed": "20 mph", "bicycle": null, "cycleway_chars": "NA|lane|NA|NA|NA|NA|NA|NA|NA|NA|NA|exclusive|NA|NA|NA|NA|NA|NA", "cycleway": null, "cycleway_left": "lane", "cycleway_right": null, "cycleway_both": null, "cycleway_left_bicycle": null, "cycleway_right_bicycle": null, "cycleway_both_bicycle": null, "cycleway_left_segregated": null, "cycleway_right_segregated": null, "cycleway_both_segregated": null, "cycleway_lane": null, "cycleway_left_lane": "exclusive", "cycleway_right_lane": null, "cycleway_both_lane": null, "cycleway_surface": null, "cycleway_width": null, "cycleway_est_width": null, "cycleway_buffered_lane": null, "lanes": "2", "lanes_both_ways": null, "lanes_forward": null, "lanes_backward": null, "lit": "yes", "width": null, "est_width": null, "segregated": null, "foot": null, "path": null, "sidewalk": "left", "sidewalk_left": null, "sidewalk_right": null, "sidewalk_both": null, "footway": null, "service": null, "surface": "asphalt", "tracktype": null, "smoothness": null, "access": null, "bus": null, "busway": null, "psv": null, "lanes_psv": null, "lanes_bus": null, "lanes_bus_conditional": null, "lanes_bus_backward": null, "lanes_bus_forward": null, "lanes_psv_backward": null, "lanes_psv_forward": null, "lanes_psv_conditional": null, "lanes_psv_conditional_backward": null, "lanes_psv_conditional_forward": null, "lanes_psv_conditional_both_ways": null, "lanes_psv_both_ways": null, "z_order": 7, "other_tags": "\"dual_carriageway\"=>\"yes\",\"maxspeed:type\"=>\"GB:zone20\",\"name:ja\"=>\"リージェント・ストリート\",\"name:ru\"=>\"Риджент-стрит\",\"sidewalk:left:surface\"=>\"paving_stones\",\"wikidata\"=>\"Q1123106\",\"wikipedia\"=>\"en:Regent Street\"", "n_bus_lanes": 0.0, "distance_to_road": 0.0, "detailed_segregation": "Painted Cycle Lane", "cycle_pedestrian_separation": "Unknown", "width_clean": 0.0, "cycle_segregation": "Painted Cycle Lane" }, "geometry": { "type": "MultiLineString", "coordinates": [ [ [ -0.1385456, 51.5108079 ], [ -0.138317, 51.5105613 ] ] ] } },
{ "type": "Feature", "properties": { "osm_id": "1067635381", "name": "Regent Street", "highway": "primary", "waterway": null, "aerialway": null, "barrier": null, "man_made": null, "railway": null, "ref": "A4201", "oneway": "yes", "maxspeed": "20 mph", "bicycle": null, "cycleway_chars": "NA|lane|NA|NA|NA|NA|NA|NA|NA|NA|NA|exclusive|NA|NA|NA|NA|NA|NA", "cycleway": null, "cycleway_left": "lane", "cycleway_right": null, "cycleway_both": null, "cycleway_left_bicycle": null, "cycleway_right_bicycle": null, "cycleway_both_bicycle": null, "cycleway_left_segregated": null, "cycleway_right_segregated": null, "cycleway_both_segregated": null, "cycleway_lane": null, "cycleway_left_lane": "exclusive", "cycleway_right_lane": null, "cycleway_both_lane": null, "cycleway_surface": null, "cycleway_width": null, "cycleway_est_width": null, "cycleway_buffered_lane": null, "lanes": "2", "lanes_both_ways": null, "lanes_forward": null, "lanes_backward": null, "lit": "yes", "width": null, "est_width": null, "segregated": null, "foot": null, "path": null, "sidewalk": "left", "sidewalk_left": null, "sidewalk_right": null, "sidewalk_both": null, "footway": null, "service": null, "surface": "asphalt", "tracktype": null, "smoothness": null, "access": null, "bus": null, "busway": null, "psv": null, "lanes_psv": null, "lanes_bus": null, "lanes_bus_conditional": null, "lanes_bus_backward": null, "lanes_bus_forward": null, "lanes_psv_backward": null, "lanes_psv_forward": null, "lanes_psv_conditional": null, "lanes_psv_conditional_backward": null, "lanes_psv_conditional_forward": null, "lanes_psv_conditional_both_ways": null, "lanes_psv_both_ways": null, "z_order": 7, "other_tags": "\"dual_carriageway\"=>\"yes\",\"maxspeed:type\"=>\"GB:zone20\",\"name:ja\"=>\"リージェント・ストリート\",\"name:ru\"=>\"Риджент-стрит\",\"sidewalk:left:surface\"=>\"paving_stones\",\"wikidata\"=>\"Q1123106\",\"wikipedia\"=>\"en:Regent Street\"", "n_bus_lanes": 0.0, "distance_to_road": 0.0, "detailed_segregation": "Painted Cycle Lane", "cycle_pedestrian_separation": "Unknown", "width_clean": 0.0, "cycle_segregation": "Painted Cycle Lane" }, "geometry": { "type": "MultiLineString", "coordinates": [ [ [ -0.1384264, 51.5105243 ], [ -0.1387667, 51.5109093 ] ] ] } },
{ "type": "Feature", "properties": { "osm_id": "1067635382", "name": "Regent Street", "highway": "primary", "waterway": null, "aerialway": null, "barrier": null, "man_made": null, "railway": null, "ref": "A4201", "oneway": "yes", "maxspeed": "20 mph", "bicycle": null, "cycleway_chars": "share_busway|lane|NA|NA|NA|NA|NA|NA|NA|NA|NA|exclusive|NA|NA|NA|NA|NA|NA", "cycleway": "share_busway", "cycleway_left": "lane", "cycleway_right": null, "cycleway_both": null, "cycleway_left_bicycle": null, "cycleway_right_bicycle": null, "cycleway_both_bicycle": null, "cycleway_left_segregated": null, "cycleway_right_segregated": null, "cycleway_both_segregated": null, "cycleway_lane": null, "cycleway_left_lane": "exclusive", "cycleway_right_lane": null, "cycleway_both_lane": null, "cycleway_surface": null, "cycleway_width": null, "cycleway_est_width": null, "cycleway_buffered_lane": null, "lanes": "2", "lanes_both_ways": null, "lanes_forward": null, "lanes_backward": null, "lit": "yes", "width": null, "est_width": null, "segregated": null, "foot": null, "path": null, "sidewalk": null, "sidewalk_left": "separate", "sidewalk_right": "no", "sidewalk_both": null, "footway": null, "service": null, "surface": "asphalt", "tracktype": null, "smoothness": null, "access": null, "bus": null, "busway": null, "psv": null, "lanes_psv": null, "lanes_bus": null, "lanes_bus_conditional": null, "lanes_bus_backward": null, "lanes_bus_forward": null, "lanes_psv_backward": null, "lanes_psv_forward": null, "lanes_psv_conditional": null, "lanes_psv_conditional_backward": null, "lanes_psv_conditional_forward": null, "lanes_psv_conditional_both_ways": null, "lanes_psv_both_ways": null, "z_order": 7, "other_tags": "\"dual_carriageway\"=>\"yes\",\"maxspeed:type\"=>\"GB:zone20\",\"name:ja\"=>\"リージェント・ストリート\",\"name:ru\"=>\"Риджент-стрит\",\"wikidata\"=>\"Q1123106\",\"wikipedia\"=>\"en:Regent Street\"", "n_bus_lanes": 0.0, "distance_to_road": 0.0, "detailed_segregation": "Painted Cycle Lane", "cycle_pedestrian_separation": "Unknown", "width_clean": 0.0, "cycle_segregation": "Painted Cycle Lane" }, "geometry": { "type": "MultiLineString", "coordinates": [ [ [ -0.137548, 51.5099804 ], [ -0.1376901, 51.5100238 ], [ -0.1377955, 51.5100598 ], [ -0.1378378, 51.5100764 ] ] ] } },
{ "type": "Feature", "properties": { "osm_id": "1067635384", "name": "Old Bond Street", "highway": "residential", "waterway": null, "aerialway": null, "barrier": null, "man_made": null, "railway": null, "ref": null, "oneway": "yes", "maxspeed": "20 mph", "bicycle": null, "cycleway_chars": "NA|lane|NA|NA|NA|NA|NA|NA|NA|NA|NA|NA|NA|NA|NA|NA|NA|NA", "cycleway": null, "cycleway_left": "lane", "cycleway_right": null, "cycleway_both": null, "cycleway_left_bicycle": null, "cycleway_right_bicycle": null, "cycleway_both_bicycle": null, "cycleway_left_segregated": null, "cycleway_right_segregated": null, "cycleway_both_segregated": null, "cycleway_lane": null, "cycleway_left_lane": null, "cycleway_right_lane": null, "cycleway_both_lane": null, "cycleway_surface": null, "cycleway_width": null, "cycleway_est_width": null, "cycleway_buffered_lane": null, "lanes": null, "lanes_both_ways": null, "lanes_forward": null, "lanes_backward": null, "lit": "yes", "width": null, "est_width": null, "segregated": null, "foot": null, "path": null, "sidewalk": "both", "sidewalk_left": null, "sidewalk_right": null, "sidewalk_both": null, "footway": null, "service": null, "surface": "asphalt", "tracktype": null, "smoothness": null, "access": null, "bus": null, "busway": null, "psv": null, "lanes_psv": null, "lanes_bus": null, "lanes_bus_conditional": null, "lanes_bus_backward": null, "lanes_bus_forward": null, "lanes_psv_backward": null, "lanes_psv_forward": null, "lanes_psv_conditional": null, "lanes_psv_conditional_backward": null, "lanes_psv_conditional_forward": null, "lanes_psv_conditional_both_ways": null, "lanes_psv_both_ways": null, "z_order": 3, "other_tags": "\"maxspeed:type\"=>\"GB:zone20\"", "n_bus_lanes": 0.0, "distance_to_road": 0.0, "detailed_segregation": "Painted Cycle Lane", "cycle_pedestrian_separation": "Unknown", "width_clean": 0.0, "cycle_segregation": "Painted Cycle Lane" }, "geometry": { "type": "MultiLineString", "coordinates": [ [ [ -0.140204, 51.5082867 ], [ -0.1401006, 51.5081904 ] ] ] } },
{ "type": "Feature", "properties": { "osm_id": "1069615484", "name": "Piccadilly", "highway": "trunk_link", "waterway": null, "aerialway": null, "barrier": null, "man_made": null, "railway": null, "ref": "A4", "oneway": "yes", "maxspeed": "20 mph", "bicycle": null, "cycleway_chars": "NA|share_busway|NA|NA|NA|NA|NA|NA|NA|NA|NA|NA|NA|NA|NA|NA|NA|NA", "cycleway": null, "cycleway_left": "share_busway", "cycleway_right": null, "cycleway_both": null, "cycleway_left_bicycle": null, "cycleway_right_bicycle": null, "cycleway_both_bicycle": null, "cycleway_left_segregated": null, "cycleway_right_segregated": null, "cycleway_both_segregated": null, "cycleway_lane": null, "cycleway_left_lane": null, "cycleway_right_lane": null, "cycleway_both_lane": null, "cycleway_surface": null, "cycleway_width": null, "cycleway_est_width": null, "cycleway_buffered_lane": null, "lanes": "2", "lanes_both_ways": null, "lanes_forward": null, "lanes_backward": null, "lit": "yes", "width": null, "est_width": null, "segregated": null, "foot": null, "path": null, "sidewalk": "left", "sidewalk_left": null, "sidewalk_right": null, "sidewalk_both": null, "footway": null, "service": null, "surface": "asphalt", "tracktype": null, "smoothness": null, "access": null, "bus": null, "busway": null, "psv": null, "lanes_psv": null, "lanes_bus": null, "lanes_bus_conditional": null, "lanes_bus_backward": null, "lanes_bus_forward": null, "lanes_psv_backward": null, "lanes_psv_forward": null, "lanes_psv_conditional": null, "lanes_psv_conditional_backward": null, "lanes_psv_conditional_forward": null, "lanes_psv_conditional_both_ways": null, "lanes_psv_both_ways": null, "z_order": 8, "other_tags": "\"destination\"=>\"The City;West End;Piccadilly Circus\",\"destination:ref\"=>\"A4\",\"maxlength\"=>\"40'0\\\"\",\"maxspeed:type\"=>\"GB:zone20\"", "n_bus_lanes": 0.0, "distance_to_road": 0.0, "detailed_segregation": "Painted Cycle Lane", "cycle_pedestrian_separation": "Unknown", "width_clean": 0.0, "cycle_segregation": "Painted Cycle Lane" }, "geometry": { "type": "MultiLineString", "coordinates": [ [ [ -0.1486603, 51.5039 ], [ -0.1483822, 51.5040323 ], [ -0.1479262, 51.504249 ], [ -0.1478407, 51.5042524 ] ] ] } },
{ "type": "Feature", "properties": { "osm_id": "1070232801", "name": "St. Margaret Street", "highway": "primary", "waterway": null, "aerialway": null, "barrier": null, "man_made": null, "railway": null, "ref": "A3212", "oneway": null, "maxspeed": "20 mph", "bicycle": null, "cycleway_chars": "NA|no|lane|NA|NA|NA|NA|NA|NA|NA|NA|NA|exclusive|NA|NA|NA|NA|NA", "cycleway": null, "cycleway_left": "no", "cycleway_right": "lane", "cycleway_both": null, "cycleway_left_bicycle": null, "cycleway_right_bicycle": null, "cycleway_both_bicycle": null, "cycleway_left_segregated": null, "cycleway_right_segregated": null, "cycleway_both_segregated": null, "cycleway_lane": null, "cycleway_left_lane": null, "cycleway_right_lane": "exclusive", "cycleway_both_lane": null, "cycleway_surface": null, "cycleway_width": null, "cycleway_est_width": null, "cycleway_buffered_lane": null, "lanes": "2", "lanes_both_ways": null, "lanes_forward": null, "lanes_backward": null, "lit": "yes", "width": null, "est_width": null, "segregated": null, "foot": null, "path": null, "sidewalk": null, "sidewalk_left": null, "sidewalk_right": null, "sidewalk_both": "separate", "footway": null, "service": null, "surface": "asphalt", "tracktype": null, "smoothness": null, "access": null, "bus": null, "busway": null, "psv": null, "lanes_psv": null, "lanes_bus": null, "lanes_bus_conditional": null, "lanes_bus_backward": null, "lanes_bus_forward": null, "lanes_psv_backward": null, "lanes_psv_forward": null, "lanes_psv_conditional": null, "lanes_psv_conditional_backward": null, "lanes_psv_conditional_forward": null, "lanes_psv_conditional_both_ways": null, "lanes_psv_both_ways": null, "z_order": 7, "other_tags": "\"maxspeed:type\"=>\"GB:zone20\"", "n_bus_lanes": 0.0, "distance_to_road": 0.0, "detailed_segregation": "Painted Cycle Lane", "cycle_pedestrian_separation": "Unknown", "width_clean": 0.0, "cycle_segregation": "Painted Cycle Lane" }, "geometry": { "type": "MultiLineString", "coordinates": [ [ [ -0.1261739, 51.499588 ], [ -0.1261668, 51.4995341 ] ] ] } },
{ "type": "Feature", "properties": { "osm_id": "1070252768", "name": "Parliament Street", "highway": "primary", "waterway": null, "aerialway": null, "barrier": null, "man_made": null, "railway": null, "ref": "A3212", "oneway": "yes", "maxspeed": "20 mph", "bicycle": null, "cycleway_chars": "NA|share_busway|NA|NA|NA|NA|NA|NA|NA|NA|NA|NA|NA|NA|NA|NA|NA|NA", "cycleway": null, "cycleway_left": "share_busway", "cycleway_right": null, "cycleway_both": null, "cycleway_left_bicycle": null, "cycleway_right_bicycle": null, "cycleway_both_bicycle": null, "cycleway_left_segregated": null, "cycleway_right_segregated": null, "cycleway_both_segregated": null, "cycleway_lane": null, "cycleway_left_lane": null, "cycleway_right_lane": null, "cycleway_both_lane": null, "cycleway_surface": null, "cycleway_width": null, "cycleway_est_width": null, "cycleway_buffered_lane": null, "lanes": "2", "lanes_both_ways": null, "lanes_forward": null, "lanes_backward": null, "lit": "yes", "width": null, "est_width": null, "segregated": null, "foot": null, "path": null, "sidewalk": null, "sidewalk_left": "separate", "sidewalk_right": "no", "sidewalk_both": null, "footway": null, "service": null, "surface": "asphalt", "tracktype": null, "smoothness": null, "access": null, "bus": null, "busway": null, "psv": null, "lanes_psv": null, "lanes_bus": null, "lanes_bus_conditional": null, "lanes_bus_backward": null, "lanes_bus_forward": null, "lanes_psv_backward": null, "lanes_psv_forward": null, "lanes_psv_conditional": null, "lanes_psv_conditional_backward": null, "lanes_psv_conditional_forward": null, "lanes_psv_conditional_both_ways": null, "lanes_psv_both_ways": null, "z_order": 7, "other_tags": "\"busway:left\"=>\"lane\",\"dual_carriageway\"=>\"yes\",\"maxspeed:type\"=>\"GB:zone20\",\"name:be\"=>\"Парламентская вул.\",\"name:en\"=>\"Parliament Street\",\"name:ru\"=>\"Парламентская ул.\",\"ref:GB:usrn\"=>\"8400208\",\"source:maxspeed\"=>\"survey\",\"wikidata\"=>\"Q63986036\"", "n_bus_lanes": 0.0, "distance_to_road": 0.0, "detailed_segregation": "Painted Cycle Lane", "cycle_pedestrian_separation": "Unknown", "width_clean": 0.0, "cycle_segregation": "Painted Cycle Lane" }, "geometry": { "type": "MultiLineString", "coordinates": [ [ [ -0.1262041, 51.5020226 ], [ -0.1262032, 51.5021076 ] ] ] } },
{ "type": "Feature", "properties": { "osm_id": "1119973516", "name": "Victoria Embankment", "highway": "cycleway", "waterway": null, "aerialway": null, "barrier": null, "man_made": null, "railway": null, "ref": null, "oneway": "no", "maxspeed": null, "bicycle": null, "cycleway_chars": "NA|NA|NA|NA|NA|NA|NA|NA|NA|NA|NA|NA|NA|NA|NA|NA|NA|NA", "cycleway": null, "cycleway_left": null, "cycleway_right": null, "cycleway_both": null, "cycleway_left_bicycle": null, "cycleway_right_bicycle": null, "cycleway_both_bicycle": null, "cycleway_left_segregated": null, "cycleway_right_segregated": null, "cycleway_both_segregated": null, "cycleway_lane": null, "cycleway_left_lane": null, "cycleway_right_lane": null, "cycleway_both_lane": null, "cycleway_surface": null, "cycleway_width": null, "cycleway_est_width": null, "cycleway_buffered_lane": null, "lanes": "2", "lanes_both_ways": null, "lanes_forward": null, "lanes_backward": null, "lit": "yes", "width": "3.75", "est_width": null, "segregated": null, "foot": "no", "path": null, "sidewalk": "no", "sidewalk_left": null, "sidewalk_right": null, "sidewalk_both": null, "footway": null, "service": null, "surface": "asphalt", "tracktype": null, "smoothness": null, "access": null, "bus": null, "busway": null, "psv": null, "lanes_psv": null, "lanes_bus": null, "lanes_bus_conditional": null, "lanes_bus_backward": null, "lanes_bus_forward": null, "lanes_psv_backward": null, "lanes_psv_forward": null, "lanes_psv_conditional": null, "lanes_psv_conditional_backward": null, "lanes_psv_conditional_forward": null, "lanes_psv_conditional_both_ways": null, "lanes_psv_both_ways": null, "z_order": 0, "other_tags": "\"name:ja\"=>\"イースト‐ウェスト・サイクル・スーパーハイウェイ\",\"operator\"=>\"Transport for London\",\"operator:wikidata\"=>\"Q682520\",\"width:note\"=>\"Exact width surveyed 4th September\"", "n_bus_lanes": 0.0, "distance_to_road": 13.3, "detailed_segregation": "Level track", "cycle_pedestrian_separation": "Unknown", "width_clean": 3.75, "cycle_segregation": "Segregated Track (wide)" }, "geometry": { "type": "MultiLineString", "coordinates": [ [ [ -0.1230683, 51.5046486 ], [ -0.1230096, 51.5048548 ], [ -0.1229812, 51.5048949 ], [ -0.122877, 51.5052703 ], [ -0.1226738, 51.5057478 ], [ -0.1224642, 51.5061729 ], [ -0.1224177, 51.5062607 ], [ -0.1223993, 51.506285 ], [ -0.1223765, 51.5063231 ], [ -0.1223053, 51.5064226 ], [ -0.1222668, 51.5064837 ], [ -0.1221439, 51.5066501 ], [ -0.122068621822764, 51.50674426830286 ] ] ] } },
{ "type": "Feature", "properties": { "osm_id": "1126474814", "name": "Queen's Walk", "highway": "cycleway", "waterway": null, "aerialway": null, "barrier": null, "man_made": null, "railway": null, "ref": null, "oneway": "no", "maxspeed": null, "bicycle": null, "cycleway_chars": "NA|NA|NA|NA|NA|NA|NA|NA|NA|NA|NA|NA|NA|NA|NA|NA|NA|NA", "cycleway": null, "cycleway_left": null, "cycleway_right": null, "cycleway_both": null, "cycleway_left_bicycle": null, "cycleway_right_bicycle": null, "cycleway_both_bicycle": null, "cycleway_left_segregated": null, "cycleway_right_segregated": null, "cycleway_both_segregated": null, "cycleway_lane": null, "cycleway_left_lane": null, "cycleway_right_lane": null, "cycleway_both_lane": null, "cycleway_surface": null, "cycleway_width": null, "cycleway_est_width": null, "cycleway_buffered_lane": null, "lanes": null, "lanes_both_ways": null, "lanes_forward": null, "lanes_backward": null, "lit": null, "width": null, "est_width": null, "segregated": "no", "foot": "yes", "path": null, "sidewalk": null, "sidewalk_left": null, "sidewalk_right": null, "sidewalk_both": null, "footway": null, "service": null, "surface": "asphalt", "tracktype": null, "smoothness": null, "access": null, "bus": null, "busway": null, "psv": null, "lanes_psv": null, "lanes_bus": null, "lanes_bus_conditional": null, "lanes_bus_backward": null, "lanes_bus_forward": null, "lanes_psv_backward": null, "lanes_psv_forward": null, "lanes_psv_conditional": null, "lanes_psv_conditional_backward": null, "lanes_psv_conditional_forward": null, "lanes_psv_conditional_both_ways": null, "lanes_psv_both_ways": null, "z_order": 0, "other_tags": null, "n_bus_lanes": 0.0, "distance_to_road": 2.6, "detailed_segregation": "Level track", "cycle_pedestrian_separation": "Unknown", "width_clean": 0.0, "cycle_segregation": "Segregated Track (narrow)" }, "geometry": { "type": "MultiLineString", "coordinates": [ [ [ -0.1388162, 51.5027772 ], [ -0.1387943, 51.502758 ] ] ] } },
{ "type": "Feature", "properties": { "osm_id": "1127848230", "name": "The Mall", "highway": "tertiary", "waterway": null, "aerialway": null, "barrier": null, "man_made": null, "railway": null, "ref": null, "oneway": null, "maxspeed": "20 mph", "bicycle": null, "cycleway_chars": "NA|NA|NA|lane|NA|NA|NA|NA|NA|NA|NA|NA|NA|exclusive|NA|NA|NA|NA", "cycleway": null, "cycleway_left": null, "cycleway_right": null, "cycleway_both": "lane", "cycleway_left_bicycle": null, "cycleway_right_bicycle": null, "cycleway_both_bicycle": null, "cycleway_left_segregated": null, "cycleway_right_segregated": null, "cycleway_both_segregated": null, "cycleway_lane": null, "cycleway_left_lane": null, "cycleway_right_lane": null, "cycleway_both_lane": "exclusive", "cycleway_surface": null, "cycleway_width": null, "cycleway_est_width": null, "cycleway_buffered_lane": null, "lanes": null, "lanes_both_ways": null, "lanes_forward": null, "lanes_backward": null, "lit": "yes", "width": null, "est_width": null, "segregated": null, "foot": null, "path": null, "sidewalk": null, "sidewalk_left": null, "sidewalk_right": null, "sidewalk_both": "separate", "footway": null, "service": null, "surface": "asphalt", "tracktype": null, "smoothness": null, "access": null, "bus": null, "busway": null, "psv": null, "lanes_psv": null, "lanes_bus": null, "lanes_bus_conditional": null, "lanes_bus_backward": null, "lanes_bus_forward": null, "lanes_psv_backward": null, "lanes_psv_forward": null, "lanes_psv_conditional": null, "lanes_psv_conditional_backward": null, "lanes_psv_conditional_forward": null, "lanes_psv_conditional_both_ways": null, "lanes_psv_both_ways": null, "z_order": 4, "other_tags": "\"name:en\"=>\"The Mall\",\"name:he\"=>\"המאל\",\"name:ja\"=>\"ザ・マル\",\"name:zh\"=>\"林荫路\",\"operator\"=>\"City of Westminster\",\"postal_code\"=>\"SW1\",\"rcn\"=>\"proposed\",\"wikidata\"=>\"Q842930\",\"wikipedia\"=>\"en:The Mall, London\"", "n_bus_lanes": 0.0, "distance_to_road": 0.0, "detailed_segregation": "Painted Cycle Lane", "cycle_pedestrian_separation": "Unknown", "width_clean": 0.0, "cycle_segregation": "Painted Cycle Lane" }, "geometry": { "type": "MultiLineString", "coordinates": [ [ [ -0.1300842, 51.506155 ], [ -0.1296231, 51.5063459 ] ] ] } },
{ "type": "Feature", "properties": { "osm_id": "1128064503", "name": null, "highway": "cycleway", "waterway": null, "aerialway": null, "barrier": null, "man_made": null, "railway": null, "ref": null, "oneway": "no", "maxspeed": null, "bicycle": null, "cycleway_chars": "NA|NA|NA|NA|NA|NA|NA|NA|NA|NA|NA|NA|NA|NA|NA|NA|NA|NA", "cycleway": null, "cycleway_left": null, "cycleway_right": null, "cycleway_both": null, "cycleway_left_bicycle": null, "cycleway_right_bicycle": null, "cycleway_both_bicycle": null, "cycleway_left_segregated": null, "cycleway_right_segregated": null, "cycleway_both_segregated": null, "cycleway_lane": null, "cycleway_left_lane": null, "cycleway_right_lane": null, "cycleway_both_lane": null, "cycleway_surface": null, "cycleway_width": null, "cycleway_est_width": null, "cycleway_buffered_lane": null, "lanes": null, "lanes_both_ways": null, "lanes_forward": null, "lanes_backward": null, "lit": "yes", "width": null, "est_width": "2", "segregated": null, "foot": "no", "path": null, "sidewalk": null, "sidewalk_left": null, "sidewalk_right": null, "sidewalk_both": null, "footway": null, "service": null, "surface": "asphalt", "tracktype": null, "smoothness": null, "access": null, "bus": null, "busway": null, "psv": null, "lanes_psv": null, "lanes_bus": null, "lanes_bus_conditional": null, "lanes_bus_backward": null, "lanes_bus_forward": null, "lanes_psv_backward": null, "lanes_psv_forward": null, "lanes_psv_conditional": null, "lanes_psv_conditional_backward": null, "lanes_psv_conditional_forward": null, "lanes_psv_conditional_both_ways": null, "lanes_psv_both_ways": null, "z_order": 0, "other_tags": null, "n_bus_lanes": 0.0, "distance_to_road": 0.0, "detailed_segregation": "Level track", "cycle_pedestrian_separation": "Unknown", "width_clean": 2.0, "cycle_segregation": "Segregated Track (wide)" }, "geometry": { "type": "MultiLineString", "coordinates": [ [ [ -0.1391176, 51.5004555 ], [ -0.139069, 51.5004976 ] ] ] } },
{ "type": "Feature", "properties": { "osm_id": "1128064505", "name": null, "highway": "cycleway", "waterway": null, "aerialway": null, "barrier": null, "man_made": null, "railway": null, "ref": null, "oneway": "yes", "maxspeed": null, "bicycle": null, "cycleway_chars": "NA|NA|NA|NA|NA|NA|NA|NA|NA|NA|NA|NA|NA|NA|NA|NA|NA|NA", "cycleway": null, "cycleway_left": null, "cycleway_right": null, "cycleway_both": null, "cycleway_left_bicycle": null, "cycleway_right_bicycle": null, "cycleway_both_bicycle": null, "cycleway_left_segregated": null, "cycleway_right_segregated": null, "cycleway_both_segregated": null, "cycleway_lane": null, "cycleway_left_lane": null, "cycleway_right_lane": null, "cycleway_both_lane": null, "cycleway_surface": null, "cycleway_width": null, "cycleway_est_width": null, "cycleway_buffered_lane": null, "lanes": "1", "lanes_both_ways": null, "lanes_forward": null, "lanes_backward": null, "lit": "yes", "width": null, "est_width": "2", "segregated": null, "foot": "no", "path": null, "sidewalk": null, "sidewalk_left": null, "sidewalk_right": null, "sidewalk_both": null, "footway": null, "service": null, "surface": "asphalt", "tracktype": null, "smoothness": null, "access": null, "bus": null, "busway": null, "psv": null, "lanes_psv": null, "lanes_bus": null, "lanes_bus_conditional": null, "lanes_bus_backward": null, "lanes_bus_forward": null, "lanes_psv_backward": null, "lanes_psv_forward": null, "lanes_psv_conditional": null, "lanes_psv_conditional_backward": null, "lanes_psv_conditional_forward": null, "lanes_psv_conditional_both_ways": null, "lanes_psv_both_ways": null, "z_order": 0, "other_tags": null, "n_bus_lanes": 0.0, "distance_to_road": 2.9, "detailed_segregation": "Level track", "cycle_pedestrian_separation": "Unknown", "width_clean": 2.0, "cycle_segregation": "Segregated Track (wide)" }, "geometry": { "type": "MultiLineString", "coordinates": [ [ [ -0.1393237, 51.5004213 ], [ -0.1391538, 51.5004412 ], [ -0.1391176, 51.5004555 ] ] ] } },
{ "type": "Feature", "properties": { "osm_id": "1128064506", "name": null, "highway": "cycleway", "waterway": null, "aerialway": null, "barrier": null, "man_made": null, "railway": null, "ref": null, "oneway": "yes", "maxspeed": null, "bicycle": null, "cycleway_chars": "NA|NA|NA|NA|NA|NA|NA|NA|NA|NA|NA|NA|NA|NA|NA|NA|NA|NA", "cycleway": null, "cycleway_left": null, "cycleway_right": null, "cycleway_both": null, "cycleway_left_bicycle": null, "cycleway_right_bicycle": null, "cycleway_both_bicycle": null, "cycleway_left_segregated": null, "cycleway_right_segregated": null, "cycleway_both_segregated": null, "cycleway_lane": null, "cycleway_left_lane": null, "cycleway_right_lane": null, "cycleway_both_lane": null, "cycleway_surface": null, "cycleway_width": null, "cycleway_est_width": null, "cycleway_buffered_lane": null, "lanes": "1", "lanes_both_ways": null, "lanes_forward": null, "lanes_backward": null, "lit": "yes", "width": null, "est_width": null, "segregated": null, "foot": "no", "path": null, "sidewalk": null, "sidewalk_left": null, "sidewalk_right": null, "sidewalk_both": null, "footway": null, "service": null, "surface": "asphalt", "tracktype": null, "smoothness": null, "access": null, "bus": null, "busway": null, "psv": null, "lanes_psv": null, "lanes_bus": null, "lanes_bus_conditional": null, "lanes_bus_backward": null, "lanes_bus_forward": null, "lanes_psv_backward": null, "lanes_psv_forward": null, "lanes_psv_conditional": null, "lanes_psv_conditional_backward": null, "lanes_psv_conditional_forward": null, "lanes_psv_conditional_both_ways": null, "lanes_psv_both_ways": null, "z_order": 0, "other_tags": null, "n_bus_lanes": 0.0, "distance_to_road": 0.0, "detailed_segregation": "Level track", "cycle_pedestrian_separation": "Unknown", "width_clean": 0.0, "cycle_segregation": "Segregated Track (narrow)" }, "geometry": { "type": "MultiLineString", "coordinates": [ [ [ -0.1393029, 51.5004653 ], [ -0.1392054, 51.5005229 ], [ -0.1391444, 51.5005551 ] ] ] } },
{ "type": "Feature", "properties": { "osm_id": "1128064507", "name": "Spur Road", "highway": "cycleway", "waterway": null, "aerialway": null, "barrier": null, "man_made": null, "railway": null, "ref": null, "oneway": "no", "maxspeed": null, "bicycle": null, "cycleway_chars": "NA|NA|NA|NA|NA|NA|NA|NA|NA|NA|NA|NA|NA|NA|NA|NA|NA|NA", "cycleway": null, "cycleway_left": null, "cycleway_right": null, "cycleway_both": null, "cycleway_left_bicycle": null, "cycleway_right_bicycle": null, "cycleway_both_bicycle": null, "cycleway_left_segregated": null, "cycleway_right_segregated": null, "cycleway_both_segregated": null, "cycleway_lane": null, "cycleway_left_lane": null, "cycleway_right_lane": null, "cycleway_both_lane": null, "cycleway_surface": null, "cycleway_width": null, "cycleway_est_width": null, "cycleway_buffered_lane": null, "lanes": "3", "lanes_both_ways": null, "lanes_forward": "1", "lanes_backward": "2", "lit": "yes", "width": null, "est_width": "4.5", "segregated": null, "foot": "no", "path": null, "sidewalk": null, "sidewalk_left": "no", "sidewalk_right": "separate", "sidewalk_both": null, "footway": null, "service": null, "surface": "asphalt", "tracktype": null, "smoothness": null, "access": null, "bus": null, "busway": null, "psv": null, "lanes_psv": null, "lanes_bus": null, "lanes_bus_conditional": null, "lanes_bus_backward": null, "lanes_bus_forward": null, "lanes_psv_backward": null, "lanes_psv_forward": null, "lanes_psv_conditional": null, "lanes_psv_conditional_backward": null, "lanes_psv_conditional_forward": null, "lanes_psv_conditional_both_ways": null, "lanes_psv_both_ways": null, "z_order": 0, "other_tags": "\"turn:lanes:backward\"=>\"left|right\"", "n_bus_lanes": 0.0, "distance_to_road": 5.5, "detailed_segregation": "Level track", "cycle_pedestrian_separation": "Unknown", "width_clean": 4.5, "cycle_segregation": "Segregated Track (wide)" }, "geometry": { "type": "MultiLineString", "coordinates": [ [ [ -0.139069, 51.5004976 ], [ -0.1391034, 51.5005239 ], [ -0.1391444, 51.5005551 ], [ -0.1391683, 51.5005765 ], [ -0.1392266, 51.5006336 ] ] ] } },
{ "type": "Feature", "properties": { "osm_id": "1128439067", "name": "Great George Street", "highway": "cycleway", "waterway": null, "aerialway": null, "barrier": null, "man_made": null, "railway": null, "ref": null, "oneway": "yes", "maxspeed": null, "bicycle": null, "cycleway_chars": "NA|NA|NA|NA|NA|NA|NA|NA|NA|NA|NA|NA|NA|NA|NA|NA|NA|NA", "cycleway": null, "cycleway_left": null, "cycleway_right": null, "cycleway_both": null, "cycleway_left_bicycle": null, "cycleway_right_bicycle": null, "cycleway_both_bicycle": null, "cycleway_left_segregated": null, "cycleway_right_segregated": null, "cycleway_both_segregated": null, "cycleway_lane": null, "cycleway_left_lane": null, "cycleway_right_lane": null, "cycleway_both_lane": null, "cycleway_surface": null, "cycleway_width": null, "cycleway_est_width": null, "cycleway_buffered_lane": null, "lanes": "1", "lanes_both_ways": null, "lanes_forward": null, "lanes_backward": null, "lit": "yes", "width": null, "est_width": null, "segregated": null, "foot": "no", "path": null, "sidewalk": null, "sidewalk_left": null, "sidewalk_right": "separate", "sidewalk_both": null, "footway": null, "service": null, "surface": "asphalt", "tracktype": null, "smoothness": null, "access": null, "bus": null, "busway": null, "psv": null, "lanes_psv": null, "lanes_bus": null, "lanes_bus_conditional": null, "lanes_bus_backward": null, "lanes_bus_forward": null, "lanes_psv_backward": null, "lanes_psv_forward": null, "lanes_psv_conditional": null, "lanes_psv_conditional_backward": null, "lanes_psv_conditional_forward": null, "lanes_psv_conditional_both_ways": null, "lanes_psv_both_ways": null, "z_order": 0, "other_tags": "\"rcn\"=>\"yes\",\"rcn_name\"=>\"Westminster\"", "n_bus_lanes": 0.0, "distance_to_road": 4.6, "detailed_segregation": "Level track", "cycle_pedestrian_separation": "Unknown", "width_clean": 0.0, "cycle_segregation": "Segregated Track (narrow)" }, "geometry": { "type": "MultiLineString", "coordinates": [ [ [ -0.1294918, 51.5013085 ], [ -0.1295891, 51.5013046 ], [ -0.1296186, 51.5013057 ], [ -0.1296956, 51.5013198 ] ] ] } },
{ "type": "Feature", "properties": { "osm_id": "1128439068", "name": "Great George Street", "highway": "cycleway", "waterway": null, "aerialway": null, "barrier": null, "man_made": null, "railway": null, "ref": null, "oneway": "yes", "maxspeed": null, "bicycle": null, "cycleway_chars": "NA|NA|NA|NA|NA|NA|NA|NA|NA|NA|NA|NA|NA|NA|NA|NA|NA|NA", "cycleway": null, "cycleway_left": null, "cycleway_right": null, "cycleway_both": null, "cycleway_left_bicycle": null, "cycleway_right_bicycle": null, "cycleway_both_bicycle": null, "cycleway_left_segregated": null, "cycleway_right_segregated": null, "cycleway_both_segregated": null, "cycleway_lane": null, "cycleway_left_lane": null, "cycleway_right_lane": null, "cycleway_both_lane": null, "cycleway_surface": null, "cycleway_width": null, "cycleway_est_width": null, "cycleway_buffered_lane": null, "lanes": "1", "lanes_both_ways": null, "lanes_forward": null, "lanes_backward": null, "lit": "yes", "width": null, "est_width": null, "segregated": null, "foot": "no", "path": null, "sidewalk": null, "sidewalk_left": "separate", "sidewalk_right": null, "sidewalk_both": null, "footway": null, "service": null, "surface": "asphalt", "tracktype": null, "smoothness": null, "access": null, "bus": null, "busway": null, "psv": null, "lanes_psv": null, "lanes_bus": null, "lanes_bus_conditional": null, "lanes_bus_backward": null, "lanes_bus_forward": null, "lanes_psv_backward": null, "lanes_psv_forward": null, "lanes_psv_conditional": null, "lanes_psv_conditional_backward": null, "lanes_psv_conditional_forward": null, "lanes_psv_conditional_both_ways": null, "lanes_psv_both_ways": null, "z_order": 0, "other_tags": null, "n_bus_lanes": 0.0, "distance_to_road": 6.9, "detailed_segregation": "Level track", "cycle_pedestrian_separation": "Unknown", "width_clean": 0.0, "cycle_segregation": "Segregated Track (narrow)" }, "geometry": { "type": "MultiLineString", "coordinates": [ [ [ -0.1296956, 51.5013198 ], [ -0.1296468, 51.5013281 ], [ -0.1296157, 51.5013263 ], [ -0.1295875, 51.5013247 ], [ -0.1294918, 51.5013085 ] ] ] } },
{ "type": "Feature", "properties": { "osm_id": "1128951597", "name": "Parliament Street", "highway": "primary", "waterway": null, "aerialway": null, "barrier": null, "man_made": null, "railway": null, "ref": "A3212", "oneway": "yes", "maxspeed": "20 mph", "bicycle": null, "cycleway_chars": "NA|shared_lane|lane|NA|NA|NA|NA|NA|NA|NA|NA|pictogram|exclusive|NA|NA|NA|NA|NA", "cycleway": null, "cycleway_left": "shared_lane", "cycleway_right": "lane", "cycleway_both": null, "cycleway_left_bicycle": null, "cycleway_right_bicycle": null, "cycleway_both_bicycle": null, "cycleway_left_segregated": null, "cycleway_right_segregated": null, "cycleway_both_segregated": null, "cycleway_lane": null, "cycleway_left_lane": "pictogram", "cycleway_right_lane": "exclusive", "cycleway_both_lane": null, "cycleway_surface": null, "cycleway_width": null, "cycleway_est_width": null, "cycleway_buffered_lane": null, "lanes": "2", "lanes_both_ways": null, "lanes_forward": null, "lanes_backward": null, "lit": "yes", "width": null, "est_width": null, "segregated": null, "foot": null, "path": null, "sidewalk": null, "sidewalk_left": null, "sidewalk_right": null, "sidewalk_both": "no", "footway": null, "service": null, "surface": "asphalt", "tracktype": null, "smoothness": null, "access": null, "bus": null, "busway": null, "psv": null, "lanes_psv": null, "lanes_bus": null, "lanes_bus_conditional": null, "lanes_bus_backward": null, "lanes_bus_forward": null, "lanes_psv_backward": null, "lanes_psv_forward": null, "lanes_psv_conditional": null, "lanes_psv_conditional_backward": null, "lanes_psv_conditional_forward": null, "lanes_psv_conditional_both_ways": null, "lanes_psv_both_ways": null, "z_order": 7, "other_tags": "\"dual_carriageway\"=>\"yes\",\"maxspeed:type\"=>\"GB:zone20\",\"name:be\"=>\"Парламентская вул.\",\"name:en\"=>\"Parliament Street\",\"name:ru\"=>\"Парламентская ул.\",\"ref:GB:usrn\"=>\"8400208\",\"turn:lanes\"=>\"through|through\",\"wikidata\"=>\"Q63986036\"", "n_bus_lanes": 0.0, "distance_to_road": 0.0, "detailed_segregation": "Painted Cycle Lane", "cycle_pedestrian_separation": "Unknown", "width_clean": 0.0, "cycle_segregation": "Painted Cycle Lane" }, "geometry": { "type": "MultiLineString", "coordinates": [ [ [ -0.1260998, 51.5014343 ], [ -0.1261366, 51.501371 ], [ -0.1261533, 51.5011968 ], [ -0.1261578, 51.5011497 ], [ -0.1261597, 51.5011295 ] ] ] } },
{ "type": "Feature", "properties": { "osm_id": "1128951600", "name": "Parliament Street", "highway": "primary", "waterway": null, "aerialway": null, "barrier": null, "man_made": null, "railway": null, "ref": "A3212", "oneway": "yes", "maxspeed": "20 mph", "bicycle": null, "cycleway_chars": "NA|shared_lane|NA|NA|NA|NA|NA|NA|NA|NA|NA|pictogram|NA|NA|NA|NA|NA|NA", "cycleway": null, "cycleway_left": "shared_lane", "cycleway_right": null, "cycleway_both": null, "cycleway_left_bicycle": null, "cycleway_right_bicycle": null, "cycleway_both_bicycle": null, "cycleway_left_segregated": null, "cycleway_right_segregated": null, "cycleway_both_segregated": null, "cycleway_lane": null, "cycleway_left_lane": "pictogram", "cycleway_right_lane": null, "cycleway_both_lane": null, "cycleway_surface": null, "cycleway_width": null, "cycleway_est_width": null, "cycleway_buffered_lane": null, "lanes": "1", "lanes_both_ways": null, "lanes_forward": null, "lanes_backward": null, "lit": "yes", "width": null, "est_width": null, "segregated": null, "foot": null, "path": null, "sidewalk": null, "sidewalk_left": "separate", "sidewalk_right": "no", "sidewalk_both": null, "footway": null, "service": null, "surface": "asphalt", "tracktype": null, "smoothness": null, "access": null, "bus": null, "busway": null, "psv": null, "lanes_psv": null, "lanes_bus": null, "lanes_bus_conditional": null, "lanes_bus_backward": null, "lanes_bus_forward": null, "lanes_psv_backward": null, "lanes_psv_forward": null, "lanes_psv_conditional": null, "lanes_psv_conditional_backward": null, "lanes_psv_conditional_forward": null, "lanes_psv_conditional_both_ways": null, "lanes_psv_both_ways": null, "z_order": 7, "other_tags": "\"dual_carriageway\"=>\"yes\",\"maxspeed:type\"=>\"GB:zone20\",\"name:be\"=>\"Парламентская вул.\",\"name:en\"=>\"Parliament Street\",\"name:ru\"=>\"Парламентская ул.\",\"ref:GB:usrn\"=>\"8400208\",\"turn:lanes\"=>\"left|through|through\",\"wikidata\"=>\"Q63986036\"", "n_bus_lanes": 0.0, "distance_to_road": 0.0, "detailed_segregation": "Painted Cycle Lane", "cycle_pedestrian_separation": "Unknown", "width_clean": 0.0, "cycle_segregation": "Painted Cycle Lane" }, "geometry": { "type": "MultiLineString", "coordinates": [ [ [ -0.1260998, 51.5014343 ], [ -0.1260392, 51.501364 ], [ -0.1260502, 51.5011941 ], [ -0.1260532, 51.5011469 ], [ -0.1260546, 51.5011251 ] ] ] } },
{ "type": "Feature", "properties": { "osm_id": "1131262158", "name": "Burlington Gardens", "highway": "residential", "waterway": null, "aerialway": null, "barrier": null, "man_made": null, "railway": null, "ref": null, "oneway": "yes", "maxspeed": "20 mph", "bicycle": null, "cycleway_chars": "NA|NA|lane|NA|NA|NA|NA|NA|NA|NA|NA|NA|NA|NA|NA|NA|NA|NA", "cycleway": null, "cycleway_left": null, "cycleway_right": "lane", "cycleway_both": null, "cycleway_left_bicycle": null, "cycleway_right_bicycle": null, "cycleway_both_bicycle": null, "cycleway_left_segregated": null, "cycleway_right_segregated": null, "cycleway_both_segregated": null, "cycleway_lane": null, "cycleway_left_lane": null, "cycleway_right_lane": null, "cycleway_both_lane": null, "cycleway_surface": null, "cycleway_width": null, "cycleway_est_width": null, "cycleway_buffered_lane": null, "lanes": null, "lanes_both_ways": null, "lanes_forward": null, "lanes_backward": null, "lit": "yes", "width": null, "est_width": null, "segregated": null, "foot": null, "path": null, "sidewalk": "both", "sidewalk_left": null, "sidewalk_right": null, "sidewalk_both": null, "footway": null, "service": null, "surface": null, "tracktype": null, "smoothness": null, "access": null, "bus": null, "busway": null, "psv": null, "lanes_psv": null, "lanes_bus": null, "lanes_bus_conditional": null, "lanes_bus_backward": null, "lanes_bus_forward": null, "lanes_psv_backward": null, "lanes_psv_forward": null, "lanes_psv_conditional": null, "lanes_psv_conditional_backward": null, "lanes_psv_conditional_forward": null, "lanes_psv_conditional_both_ways": null, "lanes_psv_both_ways": null, "z_order": 3, "other_tags": "\"cycleway:right:oneway\"=>\"-1\",\"maxspeed:type\"=>\"GB:zone20\",\"oneway:bicycle\"=>\"no\",\"was:oneway\"=>\"no\"", "n_bus_lanes": 0.0, "distance_to_road": 0.0, "detailed_segregation": "Painted Cycle Lane", "cycle_pedestrian_separation": "Unknown", "width_clean": 0.0, "cycle_segregation": "Painted Cycle Lane" }, "geometry": { "type": "MultiLineString", "coordinates": [ [ [ -0.1397282, 51.510151 ], [ -0.1397522, 51.510148 ], [ -0.1398172, 51.5101398 ] ] ] } },
{ "type": "Feature", "properties": { "osm_id": "1131262162", "name": "Glasshouse Street", "highway": "pedestrian", "waterway": null, "aerialway": null, "barrier": null, "man_made": null, "railway": null, "ref": null, "oneway": "yes", "maxspeed": null, "bicycle": "designated", "cycleway_chars": "opposite|NA|NA|NA|NA|NA|NA|NA|NA|NA|NA|NA|NA|NA|NA|NA|NA|NA", "cycleway": "opposite", "cycleway_left": null, "cycleway_right": null, "cycleway_both": null, "cycleway_left_bicycle": null, "cycleway_right_bicycle": null, "cycleway_both_bicycle": null, "cycleway_left_segregated": null, "cycleway_right_segregated": null, "cycleway_both_segregated": null, "cycleway_lane": null, "cycleway_left_lane": null, "cycleway_right_lane": null, "cycleway_both_lane": null, "cycleway_surface": null, "cycleway_width": null, "cycleway_est_width": null, "cycleway_buffered_lane": null, "lanes": null, "lanes_both_ways": null, "lanes_forward": null, "lanes_backward": null, "lit": "yes", "width": null, "est_width": null, "segregated": null, "foot": "yes", "path": null, "sidewalk": null, "sidewalk_left": null, "sidewalk_right": null, "sidewalk_both": null, "footway": null, "service": null, "surface": "paving_stones", "tracktype": null, "smoothness": null, "access": "destination", "bus": null, "busway": null, "psv": null, "lanes_psv": null, "lanes_bus": null, "lanes_bus_conditional": null, "lanes_bus_backward": null, "lanes_bus_forward": null, "lanes_psv_backward": null, "lanes_psv_forward": null, "lanes_psv_conditional": null, "lanes_psv_conditional_backward": null, "lanes_psv_conditional_forward": null, "lanes_psv_conditional_both_ways": null, "lanes_psv_both_ways": null, "z_order": 0, "other_tags": "\"oneway:bicycle\"=>\"no\",\"vehicle\"=>\"destination\"", "n_bus_lanes": 0.0, "distance_to_road": 1.1, "detailed_segregation": "Mixed Traffic Street", "cycle_pedestrian_separation": "Shared Footway (not segregated)", "width_clean": 0.0, "cycle_segregation": "Shared Footway" }, "geometry": { "type": "MultiLineString", "coordinates": [ [ [ -0.137384, 51.5105263 ], [ -0.1373658, 51.5105219 ], [ -0.1373304, 51.5105134 ] ] ] } },
{ "type": "Feature", "properties": { "osm_id": "1131283658", "name": "Whitcomb Street", "highway": "residential", "waterway": null, "aerialway": null, "barrier": null, "man_made": null, "railway": null, "ref": null, "oneway": "yes", "maxspeed": "20 mph", "bicycle": null, "cycleway_chars": "NA|shared|lane|NA|NA|NA|NA|NA|NA|NA|NA|NA|NA|NA|NA|NA|NA|NA", "cycleway": null, "cycleway_left": "shared", "cycleway_right": "lane", "cycleway_both": null, "cycleway_left_bicycle": null, "cycleway_right_bicycle": null, "cycleway_both_bicycle": null, "cycleway_left_segregated": null, "cycleway_right_segregated": null, "cycleway_both_segregated": null, "cycleway_lane": null, "cycleway_left_lane": null, "cycleway_right_lane": null, "cycleway_both_lane": null, "cycleway_surface": null, "cycleway_width": null, "cycleway_est_width": null, "cycleway_buffered_lane": null, "lanes": null, "lanes_both_ways": null, "lanes_forward": null, "lanes_backward": null, "lit": "yes", "width": null, "est_width": null, "segregated": null, "foot": null, "path": null, "sidewalk": "both", "sidewalk_left": null, "sidewalk_right": null, "sidewalk_both": null, "footway": null, "service": null, "surface": "asphalt", "tracktype": null, "smoothness": null, "access": null, "bus": null, "busway": null, "psv": null, "lanes_psv": null, "lanes_bus": null, "lanes_bus_conditional": null, "lanes_bus_backward": null, "lanes_bus_forward": null, "lanes_psv_backward": null, "lanes_psv_forward": null, "lanes_psv_conditional": null, "lanes_psv_conditional_backward": null, "lanes_psv_conditional_forward": null, "lanes_psv_conditional_both_ways": null, "lanes_psv_both_ways": null, "z_order": 3, "other_tags": "\"cycleway:right:oneway\"=>\"-1\",\"maxspeed:type\"=>\"GB:zone20\",\"oneway:bicycle\"=>\"no\",\"rcn\"=>\"proposed\"", "n_bus_lanes": 0.0, "distance_to_road": 0.0, "detailed_segregation": "Painted Cycle Lane", "cycle_pedestrian_separation": "Unknown", "width_clean": 0.0, "cycle_segregation": "Painted Cycle Lane" }, "geometry": { "type": "MultiLineString", "coordinates": [ [ [ -0.1314008, 51.5103022 ], [ -0.1313498, 51.5102231 ] ] ] } },
{ "type": "Feature", "properties": { "osm_id": "1135565526", "name": "Piccadilly", "highway": "primary", "waterway": null, "aerialway": null, "barrier": null, "man_made": null, "railway": null, "ref": "A4", "oneway": "yes", "maxspeed": "20 mph", "bicycle": null, "cycleway_chars": "NA|share_busway|NA|NA|NA|NA|NA|NA|NA|NA|NA|NA|NA|NA|NA|NA|NA|NA", "cycleway": null, "cycleway_left": "share_busway", "cycleway_right": null, "cycleway_both": null, "cycleway_left_bicycle": null, "cycleway_right_bicycle": null, "cycleway_both_bicycle": null, "cycleway_left_segregated": null, "cycleway_right_segregated": null, "cycleway_both_segregated": null, "cycleway_lane": null, "cycleway_left_lane": null, "cycleway_right_lane": null, "cycleway_both_lane": null, "cycleway_surface": null, "cycleway_width": null, "cycleway_est_width": null, "cycleway_buffered_lane": null, "lanes": "2", "lanes_both_ways": null, "lanes_forward": null, "lanes_backward": null, "lit": "yes", "width": null, "est_width": null, "segregated": null, "foot": null, "path": null, "sidewalk": null, "sidewalk_left": "separate", "sidewalk_right": "no", "sidewalk_both": null, "footway": null, "service": null, "surface": "asphalt", "tracktype": null, "smoothness": null, "access": null, "bus": null, "busway": "lane", "psv": null, "lanes_psv": null, "lanes_bus": null, "lanes_bus_conditional": null, "lanes_bus_backward": null, "lanes_bus_forward": null, "lanes_psv_backward": null, "lanes_psv_forward": null, "lanes_psv_conditional": null, "lanes_psv_conditional_backward": null, "lanes_psv_conditional_forward": null, "lanes_psv_conditional_both_ways": null, "lanes_psv_both_ways": null, "z_order": 7, "other_tags": "\"dual_carriageway\"=>\"yes\",\"maxspeed:type\"=>\"GB:zone20\"", "n_bus_lanes": 1.0, "distance_to_road": 0.0, "detailed_segregation": "Painted Cycle Lane", "cycle_pedestrian_separation": "Unknown", "width_clean": 0.0, "cycle_segregation": "Painted Cycle Lane" }, "geometry": { "type": "MultiLineString", "coordinates": [ [ [ -0.1350107, 51.5096815 ], [ -0.1349316, 51.5097095 ], [ -0.1348913, 51.5097362 ], [ -0.1348723, 51.5097692 ], [ -0.1348626, 51.5098248 ] ] ] } },
{ "type": "Feature", "properties": { "osm_id": "1135566095", "name": "Piccadilly", "highway": "primary", "waterway": null, "aerialway": null, "barrier": null, "man_made": null, "railway": null, "ref": "A4", "oneway": "yes", "maxspeed": "20 mph", "bicycle": null, "cycleway_chars": "NA|share_busway|NA|NA|NA|NA|NA|NA|NA|NA|NA|NA|NA|NA|NA|NA|NA|NA", "cycleway": null, "cycleway_left": "share_busway", "cycleway_right": null, "cycleway_both": null, "cycleway_left_bicycle": null, "cycleway_right_bicycle": null, "cycleway_both_bicycle": null, "cycleway_left_segregated": null, "cycleway_right_segregated": null, "cycleway_both_segregated": null, "cycleway_lane": null, "cycleway_left_lane": null, "cycleway_right_lane": null, "cycleway_both_lane": null, "cycleway_surface": null, "cycleway_width": null, "cycleway_est_width": null, "cycleway_buffered_lane": null, "lanes": "2", "lanes_both_ways": null, "lanes_forward": null, "lanes_backward": null, "lit": "yes", "width": null, "est_width": null, "segregated": null, "foot": null, "path": null, "sidewalk": "left", "sidewalk_left": null, "sidewalk_right": null, "sidewalk_both": null, "footway": null, "service": null, "surface": "asphalt", "tracktype": null, "smoothness": null, "access": null, "bus": null, "busway": "lane", "psv": null, "lanes_psv": null, "lanes_bus": null, "lanes_bus_conditional": null, "lanes_bus_backward": null, "lanes_bus_forward": null, "lanes_psv_backward": null, "lanes_psv_forward": null, "lanes_psv_conditional": null, "lanes_psv_conditional_backward": null, "lanes_psv_conditional_forward": null, "lanes_psv_conditional_both_ways": null, "lanes_psv_both_ways": null, "z_order": 7, "other_tags": "\"dual_carriageway\"=>\"yes\",\"maxspeed:type\"=>\"GB:zone20\"", "n_bus_lanes": 1.0, "distance_to_road": 0.0, "detailed_segregation": "Painted Cycle Lane", "cycle_pedestrian_separation": "Unknown", "width_clean": 0.0, "cycle_segregation": "Painted Cycle Lane" }, "geometry": { "type": "MultiLineString", "coordinates": [ [ [ -0.1371211, 51.5089858 ], [ -0.1370994, 51.5089921 ], [ -0.1368029, 51.5090813 ], [ -0.1362401, 51.509282 ], [ -0.1360079, 51.5093629 ] ] ] } },
{ "type": "Feature", "properties": { "osm_id": "1162831757", "name": "Glasshouse Street", "highway": "pedestrian", "waterway": null, "aerialway": null, "barrier": null, "man_made": null, "railway": null, "ref": null, "oneway": "yes", "maxspeed": null, "bicycle": "designated", "cycleway_chars": "opposite|NA|NA|NA|NA|NA|NA|NA|NA|NA|NA|NA|NA|NA|NA|NA|NA|NA", "cycleway": "opposite", "cycleway_left": null, "cycleway_right": null, "cycleway_both": null, "cycleway_left_bicycle": null, "cycleway_right_bicycle": null, "cycleway_both_bicycle": null, "cycleway_left_segregated": null, "cycleway_right_segregated": null, "cycleway_both_segregated": null, "cycleway_lane": null, "cycleway_left_lane": null, "cycleway_right_lane": null, "cycleway_both_lane": null, "cycleway_surface": null, "cycleway_width": null, "cycleway_est_width": null, "cycleway_buffered_lane": null, "lanes": null, "lanes_both_ways": null, "lanes_forward": null, "lanes_backward": null, "lit": null, "width": null, "est_width": null, "segregated": null, "foot": "yes", "path": null, "sidewalk": null, "sidewalk_left": null, "sidewalk_right": null, "sidewalk_both": null, "footway": null, "service": null, "surface": "paving_stones", "tracktype": null, "smoothness": null, "access": "destination", "bus": null, "busway": null, "psv": null, "lanes_psv": null, "lanes_bus": null, "lanes_bus_conditional": null, "lanes_bus_backward": null, "lanes_bus_forward": null, "lanes_psv_backward": null, "lanes_psv_forward": null, "lanes_psv_conditional": null, "lanes_psv_conditional_backward": null, "lanes_psv_conditional_forward": null, "lanes_psv_conditional_both_ways": null, "lanes_psv_both_ways": null, "z_order": 0, "other_tags": "\"oneway:bicycle\"=>\"no\",\"vehicle\"=>\"destination\"", "n_bus_lanes": 0.0, "distance_to_road": 1.9, "detailed_segregation": "Mixed Traffic Street", "cycle_pedestrian_separation": "Shared Footway (not segregated)", "width_clean": 0.0, "cycle_segregation": "Shared Footway" }, "geometry": { "type": "MultiLineString", "coordinates": [ [ [ -0.1366461, 51.5104736 ], [ -0.1366159, 51.5104722 ] ] ] } },
{ "type": "Feature", "properties": { "osm_id": "1162831758", "name": "Glasshouse Street", "highway": "pedestrian", "waterway": null, "aerialway": null, "barrier": null, "man_made": null, "railway": null, "ref": null, "oneway": "yes", "maxspeed": null, "bicycle": "designated", "cycleway_chars": "NA|NA|lane|NA|NA|NA|NA|NA|NA|NA|NA|NA|NA|NA|NA|NA|NA|NA", "cycleway": null, "cycleway_left": null, "cycleway_right": "lane", "cycleway_both": null, "cycleway_left_bicycle": null, "cycleway_right_bicycle": null, "cycleway_both_bicycle": null, "cycleway_left_segregated": null, "cycleway_right_segregated": null, "cycleway_both_segregated": null, "cycleway_lane": null, "cycleway_left_lane": null, "cycleway_right_lane": null, "cycleway_both_lane": null, "cycleway_surface": null, "cycleway_width": null, "cycleway_est_width": null, "cycleway_buffered_lane": null, "lanes": null, "lanes_both_ways": null, "lanes_forward": null, "lanes_backward": null, "lit": null, "width": null, "est_width": null, "segregated": null, "foot": "yes", "path": null, "sidewalk": null, "sidewalk_left": null, "sidewalk_right": null, "sidewalk_both": null, "footway": null, "service": null, "surface": "paving_stones", "tracktype": null, "smoothness": null, "access": "destination", "bus": null, "busway": null, "psv": null, "lanes_psv": null, "lanes_bus": null, "lanes_bus_conditional": null, "lanes_bus_backward": null, "lanes_bus_forward": null, "lanes_psv_backward": null, "lanes_psv_forward": null, "lanes_psv_conditional": null, "lanes_psv_conditional_backward": null, "lanes_psv_conditional_forward": null, "lanes_psv_conditional_both_ways": null, "lanes_psv_both_ways": null, "z_order": 0, "other_tags": "\"cycleway:right:oneway\"=>\"-1\",\"oneway:bicycle\"=>\"no\",\"vehicle\"=>\"destination\"", "n_bus_lanes": 0.0, "distance_to_road": 9.7, "detailed_segregation": "Painted Cycle Lane", "cycle_pedestrian_separation": "Shared Footway (not segregated)", "width_clean": 0.0, "cycle_segregation": "Shared Footway" }, "geometry": { "type": "MultiLineString", "coordinates": [ [ [ -0.1367669, 51.5104791 ], [ -0.1366461, 51.5104736 ] ] ] } },
{ "type": "Feature", "properties": { "osm_id": "1197685435", "name": "Piccadilly", "highway": "primary", "waterway": null, "aerialway": null, "barrier": null, "man_made": null, "railway": null, "ref": "A4", "oneway": "yes", "maxspeed": "20 mph", "bicycle": null, "cycleway_chars": "NA|share_busway|NA|NA|NA|NA|NA|NA|NA|NA|NA|NA|NA|NA|NA|NA|NA|NA", "cycleway": null, "cycleway_left": "share_busway", "cycleway_right": null, "cycleway_both": null, "cycleway_left_bicycle": null, "cycleway_right_bicycle": null, "cycleway_both_bicycle": null, "cycleway_left_segregated": null, "cycleway_right_segregated": null, "cycleway_both_segregated": null, "cycleway_lane": null, "cycleway_left_lane": null, "cycleway_right_lane": null, "cycleway_both_lane": null, "cycleway_surface": null, "cycleway_width": null, "cycleway_est_width": null, "cycleway_buffered_lane": null, "lanes": "2", "lanes_both_ways": null, "lanes_forward": null, "lanes_backward": null, "lit": "yes", "width": null, "est_width": null, "segregated": null, "foot": null, "path": null, "sidewalk": "left", "sidewalk_left": null, "sidewalk_right": null, "sidewalk_both": null, "footway": null, "service": null, "surface": "asphalt", "tracktype": null, "smoothness": null, "access": null, "bus": null, "busway": "lane", "psv": null, "lanes_psv": null, "lanes_bus": null, "lanes_bus_conditional": null, "lanes_bus_backward": null, "lanes_bus_forward": null, "lanes_psv_backward": null, "lanes_psv_forward": null, "lanes_psv_conditional": null, "lanes_psv_conditional_backward": null, "lanes_psv_conditional_forward": null, "lanes_psv_conditional_both_ways": null, "lanes_psv_both_ways": null, "z_order": 7, "other_tags": "\"dual_carriageway\"=>\"yes\",\"maxspeed:type\"=>\"GB:zone20\"", "n_bus_lanes": 1.0, "distance_to_road": 0.0, "detailed_segregation": "Painted Cycle Lane", "cycle_pedestrian_separation": "Unknown", "width_clean": 0.0, "cycle_segregation": "Painted Cycle Lane" }, "geometry": { "type": "MultiLineString", "coordinates": [ [ [ -0.1358742, 51.5094065 ], [ -0.1358527, 51.5094128 ], [ -0.1350844, 51.5096578 ], [ -0.1350107, 51.5096815 ] ] ] } },
{ "type": "Feature", "properties": { "osm_id": "1225302438", "name": null, "highway": "footway", "waterway": null, "aerialway": null, "barrier": null, "man_made": null, "railway": null, "ref": null, "oneway": null, "maxspeed": null, "bicycle": "yes", "cycleway_chars": "NA|NA|NA|NA|NA|NA|NA|NA|NA|NA|NA|NA|NA|NA|NA|NA|NA|NA", "cycleway": null, "cycleway_left": null, "cycleway_right": null, "cycleway_both": null, "cycleway_left_bicycle": null, "cycleway_right_bicycle": null, "cycleway_both_bicycle": null, "cycleway_left_segregated": null, "cycleway_right_segregated": null, "cycleway_both_segregated": null, "cycleway_lane": null, "cycleway_left_lane": null, "cycleway_right_lane": null, "cycleway_both_lane": null, "cycleway_surface": null, "cycleway_width": null, "cycleway_est_width": null, "cycleway_buffered_lane": null, "lanes": null, "lanes_both_ways": null, "lanes_forward": null, "lanes_backward": null, "lit": "no", "width": null, "est_width": null, "segregated": null, "foot": "yes", "path": null, "sidewalk": null, "sidewalk_left": null, "sidewalk_right": null, "sidewalk_both": null, "footway": null, "service": null, "surface": "paved", "tracktype": null, "smoothness": null, "access": null, "bus": null, "busway": null, "psv": null, "lanes_psv": null, "lanes_bus": null, "lanes_bus_conditional": null, "lanes_bus_backward": null, "lanes_bus_forward": null, "lanes_psv_backward": null, "lanes_psv_forward": null, "lanes_psv_conditional": null, "lanes_psv_conditional_backward": null, "lanes_psv_conditional_forward": null, "lanes_psv_conditional_both_ways": null, "lanes_psv_both_ways": null, "z_order": 0, "other_tags": "\"covered\"=>\"no\",\"horse\"=>\"no\",\"motor_vehicle\"=>\"no\"", "n_bus_lanes": 0.0, "distance_to_road": 0.0, "detailed_segregation": "Footway", "cycle_pedestrian_separation": "Unknown", "width_clean": 0.0, "cycle_segregation": "Shared Footway" }, "geometry": { "type": "MultiLineString", "coordinates": [ [ [ -0.1370991, 51.5079289 ], [ -0.1370733, 51.5078979 ] ] ] } },
{ "type": "Feature", "properties": { "osm_id": "1225302439", "name": null, "highway": "footway", "waterway": null, "aerialway": null, "barrier": null, "man_made": null, "railway": null, "ref": null, "oneway": null, "maxspeed": null, "bicycle": "yes", "cycleway_chars": "NA|NA|NA|NA|NA|NA|NA|NA|NA|NA|NA|NA|NA|NA|NA|NA|NA|NA", "cycleway": null, "cycleway_left": null, "cycleway_right": null, "cycleway_both": null, "cycleway_left_bicycle": null, "cycleway_right_bicycle": null, "cycleway_both_bicycle": null, "cycleway_left_segregated": null, "cycleway_right_segregated": null, "cycleway_both_segregated": null, "cycleway_lane": null, "cycleway_left_lane": null, "cycleway_right_lane": null, "cycleway_both_lane": null, "cycleway_surface": null, "cycleway_width": null, "cycleway_est_width": null, "cycleway_buffered_lane": null, "lanes": null, "lanes_both_ways": null, "lanes_forward": null, "lanes_backward": null, "lit": "no", "width": null, "est_width": null, "segregated": null, "foot": "yes", "path": null, "sidewalk": null, "sidewalk_left": null, "sidewalk_right": null, "sidewalk_both": null, "footway": null, "service": null, "surface": "paved", "tracktype": null, "smoothness": null, "access": null, "bus": null, "busway": null, "psv": null, "lanes_psv": null, "lanes_bus": null, "lanes_bus_conditional": null, "lanes_bus_backward": null, "lanes_bus_forward": null, "lanes_psv_backward": null, "lanes_psv_forward": null, "lanes_psv_conditional": null, "lanes_psv_conditional_backward": null, "lanes_psv_conditional_forward": null, "lanes_psv_conditional_both_ways": null, "lanes_psv_both_ways": null, "z_order": 0, "other_tags": "\"covered\"=>\"no\",\"horse\"=>\"no\",\"motor_vehicle\"=>\"no\"", "n_bus_lanes": 0.0, "distance_to_road": 0.0, "detailed_segregation": "Footway", "cycle_pedestrian_separation": "Unknown", "width_clean": 0.0, "cycle_segregation": "Shared Footway" }, "geometry": { "type": "MultiLineString", "coordinates": [ [ [ -0.1371217, 51.5077937 ], [ -0.1371288, 51.507745 ] ] ] } },
{ "type": "Feature", "properties": { "osm_id": "1230805886", "name": "Victoria Embankment", "highway": "cycleway", "waterway": null, "aerialway": null, "barrier": null, "man_made": null, "railway": null, "ref": null, "oneway": "no", "maxspeed": null, "bicycle": null, "cycleway_chars": "NA|NA|NA|NA|NA|NA|NA|NA|NA|NA|NA|NA|NA|NA|NA|NA|NA|NA", "cycleway": null, "cycleway_left": null, "cycleway_right": null, "cycleway_both": null, "cycleway_left_bicycle": null, "cycleway_right_bicycle": null, "cycleway_both_bicycle": null, "cycleway_left_segregated": null, "cycleway_right_segregated": null, "cycleway_both_segregated": null, "cycleway_lane": null, "cycleway_left_lane": null, "cycleway_right_lane": null, "cycleway_both_lane": null, "cycleway_surface": null, "cycleway_width": null, "cycleway_est_width": null, "cycleway_buffered_lane": null, "lanes": "2", "lanes_both_ways": null, "lanes_forward": null, "lanes_backward": null, "lit": "yes", "width": "3.75", "est_width": null, "segregated": null, "foot": "no", "path": null, "sidewalk": null, "sidewalk_left": null, "sidewalk_right": "separate", "sidewalk_both": null, "footway": null, "service": null, "surface": "asphalt", "tracktype": null, "smoothness": null, "access": null, "bus": null, "busway": null, "psv": null, "lanes_psv": null, "lanes_bus": null, "lanes_bus_conditional": null, "lanes_bus_backward": null, "lanes_bus_forward": null, "lanes_psv_backward": null, "lanes_psv_forward": null, "lanes_psv_conditional": null, "lanes_psv_conditional_backward": null, "lanes_psv_conditional_forward": null, "lanes_psv_conditional_both_ways": null, "lanes_psv_both_ways": null, "z_order": 0, "other_tags": "\"name:ja\"=>\"イースト‐ウェスト・サイクル・スーパーハイウェイ\",\"operator\"=>\"Transport for London\",\"operator:wikidata\"=>\"Q682520\",\"width:note\"=>\"Exact width surveyed 4th September\"", "n_bus_lanes": 0.0, "distance_to_road": 7.9, "detailed_segregation": "Level track", "cycle_pedestrian_separation": "Unknown", "width_clean": 3.75, "cycle_segregation": "Segregated Track (wide)" }, "geometry": { "type": "MultiLineString", "coordinates": [ [ [ -0.123821, 51.5019313 ], [ -0.1237835, 51.502091 ], [ -0.1236098, 51.5027608 ], [ -0.1235091, 51.5031622 ], [ -0.1234845, 51.5032571 ], [ -0.1232609, 51.5040497 ], [ -0.1231267, 51.5044328 ], [ -0.1231204, 51.5044501 ], [ -0.1231132, 51.5044689 ], [ -0.1230775, 51.5046151 ], [ -0.1230683, 51.5046486 ] ] ] } },
{ "type": "Feature", "properties": { "osm_id": "1240913099", "name": "St. Margaret Street", "highway": "primary", "waterway": null, "aerialway": null, "barrier": null, "man_made": null, "railway": null, "ref": "A3212", "oneway": "yes", "maxspeed": "20 mph", "bicycle": null, "cycleway_chars": "NA|lane|NA|NA|NA|NA|NA|NA|NA|NA|NA|exclusive|NA|NA|NA|NA|NA|NA", "cycleway": null, "cycleway_left": "lane", "cycleway_right": null, "cycleway_both": null, "cycleway_left_bicycle": null, "cycleway_right_bicycle": null, "cycleway_both_bicycle": null, "cycleway_left_segregated": null, "cycleway_right_segregated": null, "cycleway_both_segregated": null, "cycleway_lane": null, "cycleway_left_lane": "exclusive", "cycleway_right_lane": null, "cycleway_both_lane": null, "cycleway_surface": null, "cycleway_width": null, "cycleway_est_width": null, "cycleway_buffered_lane": null, "lanes": "1", "lanes_both_ways": null, "lanes_forward": null, "lanes_backward": null, "lit": "yes", "width": null, "est_width": null, "segregated": null, "foot": null, "path": null, "sidewalk": null, "sidewalk_left": "separate", "sidewalk_right": "no", "sidewalk_both": null, "footway": null, "service": null, "surface": "asphalt", "tracktype": null, "smoothness": null, "access": null, "bus": null, "busway": null, "psv": null, "lanes_psv": null, "lanes_bus": null, "lanes_bus_conditional": null, "lanes_bus_backward": null, "lanes_bus_forward": null, "lanes_psv_backward": null, "lanes_psv_forward": null, "lanes_psv_conditional": null, "lanes_psv_conditional_backward": null, "lanes_psv_conditional_forward": null, "lanes_psv_conditional_both_ways": null, "lanes_psv_both_ways": null, "z_order": 7, "other_tags": "\"dual_carriageway\"=>\"yes\",\"maxspeed:type\"=>\"GB:zone20\",\"ref:GB:usrn\"=>\"8400617\"", "n_bus_lanes": 0.0, "distance_to_road": 0.0, "detailed_segregation": "Painted Cycle Lane", "cycle_pedestrian_separation": "Unknown", "width_clean": 0.0, "cycle_segregation": "Painted Cycle Lane" }, "geometry": { "type": "MultiLineString", "coordinates": [ [ [ -0.1261739, 51.499588 ], [ -0.1262233, 51.499661 ], [ -0.1262243, 51.4996736 ] ] ] } },
{ "type": "Feature", "properties": { "osm_id": "1259306981", "name": "Piccadilly", "highway": "primary", "waterway": null, "aerialway": null, "barrier": null, "man_made": null, "railway": null, "ref": "A4", "oneway": "yes", "maxspeed": "20 mph", "bicycle": null, "cycleway_chars": "NA|share_busway|NA|NA|NA|NA|NA|NA|NA|NA|NA|NA|NA|NA|NA|NA|NA|NA", "cycleway": null, "cycleway_left": "share_busway", "cycleway_right": null, "cycleway_both": null, "cycleway_left_bicycle": null, "cycleway_right_bicycle": null, "cycleway_both_bicycle": null, "cycleway_left_segregated": null, "cycleway_right_segregated": null, "cycleway_both_segregated": null, "cycleway_lane": null, "cycleway_left_lane": null, "cycleway_right_lane": null, "cycleway_both_lane": null, "cycleway_surface": null, "cycleway_width": null, "cycleway_est_width": null, "cycleway_buffered_lane": null, "lanes": "2", "lanes_both_ways": null, "lanes_forward": null, "lanes_backward": null, "lit": "yes", "width": null, "est_width": null, "segregated": null, "foot": null, "path": null, "sidewalk": "left", "sidewalk_left": null, "sidewalk_right": null, "sidewalk_both": null, "footway": null, "service": null, "surface": "asphalt", "tracktype": null, "smoothness": null, "access": null, "bus": null, "busway": "lane", "psv": null, "lanes_psv": null, "lanes_bus": null, "lanes_bus_conditional": null, "lanes_bus_backward": null, "lanes_bus_forward": null, "lanes_psv_backward": null, "lanes_psv_forward": null, "lanes_psv_conditional": null, "lanes_psv_conditional_backward": null, "lanes_psv_conditional_forward": null, "lanes_psv_conditional_both_ways": null, "lanes_psv_both_ways": null, "z_order": 7, "other_tags": "\"dual_carriageway\"=>\"yes\",\"maxspeed:type\"=>\"GB:zone20\"", "n_bus_lanes": 1.0, "distance_to_road": 0.0, "detailed_segregation": "Painted Cycle Lane", "cycle_pedestrian_separation": "Unknown", "width_clean": 0.0, "cycle_segregation": "Painted Cycle Lane" }, "geometry": { "type": "MultiLineString", "coordinates": [ [ [ -0.1406356, 51.5078203 ], [ -0.1405973, 51.5078349 ] ] ] } },
{ "type": "Feature", "properties": { "osm_id": "1263360219", "name": null, "highway": "cycleway", "waterway": null, "aerialway": null, "barrier": null, "man_made": null, "railway": null, "ref": null, "oneway": "yes", "maxspeed": null, "bicycle": null, "cycleway_chars": "NA|NA|NA|NA|NA|NA|NA|NA|NA|NA|NA|NA|NA|NA|NA|NA|NA|NA", "cycleway": null, "cycleway_left": null, "cycleway_right": null, "cycleway_both": null, "cycleway_left_bicycle": null, "cycleway_right_bicycle": null, "cycleway_both_bicycle": null, "cycleway_left_segregated": null, "cycleway_right_segregated": null, "cycleway_both_segregated": null, "cycleway_lane": null, "cycleway_left_lane": null, "cycleway_right_lane": null, "cycleway_both_lane": null, "cycleway_surface": null, "cycleway_width": null, "cycleway_est_width": null, "cycleway_buffered_lane": null, "lanes": null, "lanes_both_ways": null, "lanes_forward": null, "lanes_backward": null, "lit": null, "width": null, "est_width": null, "segregated": null, "foot": null, "path": null, "sidewalk": null, "sidewalk_left": null, "sidewalk_right": null, "sidewalk_both": null, "footway": null, "service": null, "surface": null, "tracktype": null, "smoothness": null, "access": null, "bus": null, "busway": null, "psv": null, "lanes_psv": null, "lanes_bus": null, "lanes_bus_conditional": null, "lanes_bus_backward": null, "lanes_bus_forward": null, "lanes_psv_backward": null, "lanes_psv_forward": null, "lanes_psv_conditional": null, "lanes_psv_conditional_backward": null, "lanes_psv_conditional_forward": null, "lanes_psv_conditional_both_ways": null, "lanes_psv_both_ways": null, "z_order": 0, "other_tags": null, "n_bus_lanes": 0.0, "distance_to_road": 0.0, "detailed_segregation": "Level track", "cycle_pedestrian_separation": "Unknown", "width_clean": 0.0, "cycle_segregation": "Segregated Track (narrow)" }, "geometry": { "type": "MultiLineString", "coordinates": [ [ [ -0.1394065, 51.5004041 ], [ -0.1393091, 51.5004616 ], [ -0.1393029, 51.5004653 ] ] ] } },
{ "type": "Feature", "properties": { "osm_id": "1263687029", "name": "Whitehall", "highway": "primary", "waterway": null, "aerialway": null, "barrier": null, "man_made": null, "railway": null, "ref": "A3212", "oneway": "yes", "maxspeed": "20 mph", "bicycle": null, "cycleway_chars": "share_busway|NA|NA|NA|NA|NA|NA|NA|NA|NA|NA|NA|NA|NA|NA|NA|NA|NA", "cycleway": "share_busway", "cycleway_left": null, "cycleway_right": null, "cycleway_both": null, "cycleway_left_bicycle": null, "cycleway_right_bicycle": null, "cycleway_both_bicycle": null, "cycleway_left_segregated": null, "cycleway_right_segregated": null, "cycleway_both_segregated": null, "cycleway_lane": null, "cycleway_left_lane": null, "cycleway_right_lane": null, "cycleway_both_lane": null, "cycleway_surface": null, "cycleway_width": null, "cycleway_est_width": null, "cycleway_buffered_lane": null, "lanes": "4", "lanes_both_ways": null, "lanes_forward": null, "lanes_backward": null, "lit": "yes", "width": null, "est_width": null, "segregated": null, "foot": null, "path": null, "sidewalk": "left", "sidewalk_left": null, "sidewalk_right": null, "sidewalk_both": null, "footway": null, "service": null, "surface": "asphalt", "tracktype": null, "smoothness": null, "access": null, "bus": null, "busway": "lane", "psv": null, "lanes_psv": null, "lanes_bus": null, "lanes_bus_conditional": null, "lanes_bus_backward": null, "lanes_bus_forward": null, "lanes_psv_backward": null, "lanes_psv_forward": null, "lanes_psv_conditional": null, "lanes_psv_conditional_backward": null, "lanes_psv_conditional_forward": null, "lanes_psv_conditional_both_ways": null, "lanes_psv_both_ways": null, "z_order": 7, "other_tags": "\"maxspeed:type\"=>\"GB:zone20\",\"name:ja\"=>\"ホワイトホール\",\"postal_code\"=>\"SW1\",\"sidewalk:left:surface\"=>\"paving_stones\",\"source:maxspeed\"=>\"survey\",\"turn:lanes\"=>\"through|through|through|right\"", "n_bus_lanes": 1.0, "distance_to_road": 0.0, "detailed_segregation": "Painted Cycle Lane", "cycle_pedestrian_separation": "Unknown", "width_clean": 0.0, "cycle_segregation": "Painted Cycle Lane" }, "geometry": { "type": "MultiLineString", "coordinates": [ [ [ -0.1267498, 51.5053809 ], [ -0.1267944, 51.5054877 ] ] ] } },
{ "type": "Feature", "properties": { "osm_id": "1263687030", "name": "Whitehall", "highway": "primary", "waterway": null, "aerialway": null, "barrier": null, "man_made": null, "railway": null, "ref": "A3212", "oneway": "yes", "maxspeed": "20 mph", "bicycle": null, "cycleway_chars": "NA|share_busway|NA|NA|NA|NA|NA|NA|NA|NA|NA|NA|NA|NA|NA|NA|NA|NA", "cycleway": null, "cycleway_left": "share_busway", "cycleway_right": null, "cycleway_both": null, "cycleway_left_bicycle": null, "cycleway_right_bicycle": null, "cycleway_both_bicycle": null, "cycleway_left_segregated": null, "cycleway_right_segregated": null, "cycleway_both_segregated": null, "cycleway_lane": null, "cycleway_left_lane": null, "cycleway_right_lane": null, "cycleway_both_lane": null, "cycleway_surface": null, "cycleway_width": null, "cycleway_est_width": null, "cycleway_buffered_lane": null, "lanes": "4", "lanes_both_ways": null, "lanes_forward": null, "lanes_backward": null, "lit": "yes", "width": null, "est_width": null, "segregated": null, "foot": null, "path": null, "sidewalk": "left", "sidewalk_left": null, "sidewalk_right": null, "sidewalk_both": null, "footway": null, "service": null, "surface": "asphalt", "tracktype": null, "smoothness": null, "access": null, "bus": null, "busway": null, "psv": null, "lanes_psv": null, "lanes_bus": null, "lanes_bus_conditional": null, "lanes_bus_backward": null, "lanes_bus_forward": null, "lanes_psv_backward": null, "lanes_psv_forward": null, "lanes_psv_conditional": null, "lanes_psv_conditional_backward": null, "lanes_psv_conditional_forward": null, "lanes_psv_conditional_both_ways": null, "lanes_psv_both_ways": null, "z_order": 7, "other_tags": "\"busway:left\"=>\"lane\",\"maxspeed:type\"=>\"GB:zone20\",\"name:ja\"=>\"ホワイトホール\",\"postal_code\"=>\"SW1\",\"sidewalk:left:surface\"=>\"paving_stones\",\"source:maxspeed\"=>\"survey\",\"turn:lanes\"=>\"through|through|through|right\"", "n_bus_lanes": 0.0, "distance_to_road": 0.0, "detailed_segregation": "Painted Cycle Lane", "cycle_pedestrian_separation": "Unknown", "width_clean": 0.0, "cycle_segregation": "Painted Cycle Lane" }, "geometry": { "type": "MultiLineString", "coordinates": [ [ [ -0.1267944, 51.5054877 ], [ -0.1268388, 51.5055901 ] ] ] } },
{ "type": "Feature", "properties": { "osm_id": "1264956297", "name": "Moor Street", "highway": "unclassified", "waterway": null, "aerialway": null, "barrier": null, "man_made": null, "railway": null, "ref": null, "oneway": "yes", "maxspeed": "20 mph", "bicycle": "yes", "cycleway_chars": "NA|NA|lane|NA|NA|NA|NA|NA|NA|NA|NA|NA|NA|NA|NA|NA|NA|NA", "cycleway": null, "cycleway_left": null, "cycleway_right": "lane", "cycleway_both": null, "cycleway_left_bicycle": null, "cycleway_right_bicycle": null, "cycleway_both_bicycle": null, "cycleway_left_segregated": null, "cycleway_right_segregated": null, "cycleway_both_segregated": null, "cycleway_lane": null, "cycleway_left_lane": null, "cycleway_right_lane": null, "cycleway_both_lane": null, "cycleway_surface": null, "cycleway_width": null, "cycleway_est_width": null, "cycleway_buffered_lane": null, "lanes": null, "lanes_both_ways": null, "lanes_forward": null, "lanes_backward": null, "lit": "yes", "width": null, "est_width": null, "segregated": null, "foot": null, "path": null, "sidewalk": "both", "sidewalk_left": null, "sidewalk_right": null, "sidewalk_both": null, "footway": null, "service": null, "surface": "asphalt", "tracktype": null, "smoothness": null, "access": null, "bus": null, "busway": null, "psv": null, "lanes_psv": null, "lanes_bus": null, "lanes_bus_conditional": null, "lanes_bus_backward": null, "lanes_bus_forward": null, "lanes_psv_backward": null, "lanes_psv_forward": null, "lanes_psv_conditional": null, "lanes_psv_conditional_backward": null, "lanes_psv_conditional_forward": null, "lanes_psv_conditional_both_ways": null, "lanes_psv_both_ways": null, "z_order": 3, "other_tags": "\"cycleway:right:oneway\"=>\"-1\",\"hour_off\"=>\"06:00\",\"hour_on\"=>\"18:00\",\"lane_markings\"=>\"no\",\"maxspeed:type\"=>\"GB:zone20\",\"motor_vehicle\"=>\"no\",\"oneway:bicycle\"=>\"no\"", "n_bus_lanes": 0.0, "distance_to_road": 0.0, "detailed_segregation": "Painted Cycle Lane", "cycle_pedestrian_separation": "Unknown", "width_clean": 0.0, "cycle_segregation": "Painted Cycle Lane" }, "geometry": { "type": "MultiLineString", "coordinates": [ [ [ -0.1293489, 51.5134862 ], [ -0.1292654, 51.5135046 ] ] ] } },
{ "type": "Feature", "properties": { "osm_id": "1264956299", "name": "Old Compton Street", "highway": "residential", "waterway": null, "aerialway": null, "barrier": null, "man_made": null, "railway": null, "ref": null, "oneway": "yes", "maxspeed": "20 mph", "bicycle": null, "cycleway_chars": "NA|no|lane|NA|NA|NA|NA|NA|NA|NA|NA|NA|exclusive|NA|NA|NA|NA|NA", "cycleway": null, "cycleway_left": "no", "cycleway_right": "lane", "cycleway_both": null, "cycleway_left_bicycle": null, "cycleway_right_bicycle": null, "cycleway_both_bicycle": null, "cycleway_left_segregated": null, "cycleway_right_segregated": null, "cycleway_both_segregated": null, "cycleway_lane": null, "cycleway_left_lane": null, "cycleway_right_lane": "exclusive", "cycleway_both_lane": null, "cycleway_surface": null, "cycleway_width": null, "cycleway_est_width": null, "cycleway_buffered_lane": null, "lanes": null, "lanes_both_ways": null, "lanes_forward": null, "lanes_backward": null, "lit": "yes", "width": null, "est_width": null, "segregated": null, "foot": null, "path": null, "sidewalk": "both", "sidewalk_left": null, "sidewalk_right": null, "sidewalk_both": null, "footway": null, "service": null, "surface": "asphalt", "tracktype": null, "smoothness": "good", "access": null, "bus": null, "busway": null, "psv": null, "lanes_psv": null, "lanes_bus": null, "lanes_bus_conditional": null, "lanes_bus_backward": null, "lanes_bus_forward": null, "lanes_psv_backward": null, "lanes_psv_forward": null, "lanes_psv_conditional": null, "lanes_psv_conditional_backward": null, "lanes_psv_conditional_forward": null, "lanes_psv_conditional_both_ways": null, "lanes_psv_both_ways": null, "z_order": 3, "other_tags": "\"cycleway:right:oneway\"=>\"-1\",\"maxspeed:type\"=>\"GB:zone20\",\"oneway:bicycle\"=>\"no\",\"wikidata\"=>\"Q2018322\",\"wikimedia_commons\"=>\"Category:Old_Compton_Street\",\"wikipedia\"=>\"en:Old Compton Street\"", "n_bus_lanes": 0.0, "distance_to_road": 0.0, "detailed_segregation": "Painted Cycle Lane", "cycle_pedestrian_separation": "Unknown", "width_clean": 0.0, "cycle_segregation": "Painted Cycle Lane" }, "geometry": { "type": "MultiLineString", "coordinates": [ [ [ -0.133096, 51.5124835 ], [ -0.1330556, 51.512499 ], [ -0.1330218, 51.512512 ] ] ] } },
{ "type": "Feature", "properties": { "osm_id": "1265032509", "name": "Vigo Street", "highway": "cycleway", "waterway": null, "aerialway": null, "barrier": null, "man_made": null, "railway": null, "ref": null, "oneway": "no", "maxspeed": "20 mph", "bicycle": null, "cycleway_chars": "NA|NA|NA|NA|NA|NA|NA|NA|NA|NA|NA|NA|NA|NA|NA|NA|NA|NA", "cycleway": null, "cycleway_left": null, "cycleway_right": null, "cycleway_both": null, "cycleway_left_bicycle": null, "cycleway_right_bicycle": null, "cycleway_both_bicycle": null, "cycleway_left_segregated": null, "cycleway_right_segregated": null, "cycleway_both_segregated": null, "cycleway_lane": null, "cycleway_left_lane": null, "cycleway_right_lane": null, "cycleway_both_lane": null, "cycleway_surface": null, "cycleway_width": null, "cycleway_est_width": null, "cycleway_buffered_lane": null, "lanes": null, "lanes_both_ways": null, "lanes_forward": null, "lanes_backward": null, "lit": "yes", "width": null, "est_width": null, "segregated": null, "foot": "yes", "path": null, "sidewalk": "both", "sidewalk_left": null, "sidewalk_right": null, "sidewalk_both": null, "footway": null, "service": null, "surface": "paving_stones", "tracktype": null, "smoothness": null, "access": "no", "bus": null, "busway": null, "psv": null, "lanes_psv": null, "lanes_bus": null, "lanes_bus_conditional": null, "lanes_bus_backward": null, "lanes_bus_forward": null, "lanes_psv_backward": null, "lanes_psv_forward": null, "lanes_psv_conditional": null, "lanes_psv_conditional_backward": null, "lanes_psv_conditional_forward": null, "lanes_psv_conditional_both_ways": null, "lanes_psv_both_ways": null, "z_order": 0, "other_tags": "\"maxspeed:type\"=>\"GB:zone20\",\"was:highway\"=>\"residential\",\"was:oneway\"=>\"yes\"", "n_bus_lanes": 0.0, "distance_to_road": 0.0, "detailed_segregation": "Level track", "cycle_pedestrian_separation": "Unknown", "width_clean": 0.0, "cycle_segregation": "Segregated Track (narrow)" }, "geometry": { "type": "MultiLineString", "coordinates": [ [ [ -0.1390452, 51.5102471 ], [ -0.1389583, 51.5102629 ] ] ] } },
{ "type": "Feature", "properties": { "osm_id": "1265032510", "name": "Vigo Street", "highway": "residential", "waterway": null, "aerialway": null, "barrier": null, "man_made": null, "railway": null, "ref": null, "oneway": "yes", "maxspeed": "20 mph", "bicycle": null, "cycleway_chars": "NA|no|lane|NA|NA|NA|NA|NA|NA|NA|NA|NA|exclusive|NA|NA|NA|NA|NA", "cycleway": null, "cycleway_left": "no", "cycleway_right": "lane", "cycleway_both": null, "cycleway_left_bicycle": null, "cycleway_right_bicycle": null, "cycleway_both_bicycle": null, "cycleway_left_segregated": null, "cycleway_right_segregated": null, "cycleway_both_segregated": null, "cycleway_lane": null, "cycleway_left_lane": null, "cycleway_right_lane": "exclusive", "cycleway_both_lane": null, "cycleway_surface": null, "cycleway_width": null, "cycleway_est_width": null, "cycleway_buffered_lane": null, "lanes": null, "lanes_both_ways": null, "lanes_forward": null, "lanes_backward": null, "lit": "yes", "width": null, "est_width": null, "segregated": null, "foot": null, "path": null, "sidewalk": "both", "sidewalk_left": null, "sidewalk_right": null, "sidewalk_both": null, "footway": null, "service": null, "surface": "paving_stones", "tracktype": null, "smoothness": null, "access": "no", "bus": null, "busway": null, "psv": null, "lanes_psv": null, "lanes_bus": null, "lanes_bus_conditional": null, "lanes_bus_backward": null, "lanes_bus_forward": null, "lanes_psv_backward": null, "lanes_psv_forward": null, "lanes_psv_conditional": null, "lanes_psv_conditional_backward": null, "lanes_psv_conditional_forward": null, "lanes_psv_conditional_both_ways": null, "lanes_psv_both_ways": null, "z_order": 3, "other_tags": "\"cycleway:right:oneway\"=>\"-1\",\"maxspeed:type\"=>\"GB:zone20\",\"oneway:bicycle\"=>\"no\",\"sidewalk:both:surface\"=>\"paving_stones\"", "n_bus_lanes": 0.0, "distance_to_road": 0.0, "detailed_segregation": "Painted Cycle Lane", "cycle_pedestrian_separation": "Unknown", "width_clean": 0.0, "cycle_segregation": "Painted Cycle Lane" }, "geometry": { "type": "MultiLineString", "coordinates": [ [ [ -0.1389583, 51.5102629 ], [ -0.1388741, 51.5102791 ] ] ] } },
{ "type": "Feature", "properties": { "osm_id": "1267469669", "name": "Northumberland Avenue", "highway": "cycleway", "waterway": null, "aerialway": null, "barrier": null, "man_made": null, "railway": null, "ref": "A400", "oneway": "yes", "maxspeed": null, "bicycle": null, "cycleway_chars": "NA|NA|NA|NA|NA|NA|NA|NA|NA|NA|NA|NA|NA|NA|NA|NA|NA|NA", "cycleway": null, "cycleway_left": null, "cycleway_right": null, "cycleway_both": null, "cycleway_left_bicycle": null, "cycleway_right_bicycle": null, "cycleway_both_bicycle": null, "cycleway_left_segregated": null, "cycleway_right_segregated": null, "cycleway_both_segregated": null, "cycleway_lane": null, "cycleway_left_lane": null, "cycleway_right_lane": null, "cycleway_both_lane": null, "cycleway_surface": null, "cycleway_width": null, "cycleway_est_width": null, "cycleway_buffered_lane": null, "lanes": null, "lanes_both_ways": null, "lanes_forward": null, "lanes_backward": null, "lit": "yes", "width": null, "est_width": null, "segregated": null, "foot": "no", "path": null, "sidewalk": null, "sidewalk_left": null, "sidewalk_right": null, "sidewalk_both": null, "footway": null, "service": null, "surface": "asphalt", "tracktype": null, "smoothness": null, "access": null, "bus": null, "busway": null, "psv": null, "lanes_psv": null, "lanes_bus": null, "lanes_bus_conditional": null, "lanes_bus_backward": null, "lanes_bus_forward": null, "lanes_psv_backward": null, "lanes_psv_forward": null, "lanes_psv_conditional": null, "lanes_psv_conditional_backward": null, "lanes_psv_conditional_forward": null, "lanes_psv_conditional_both_ways": null, "lanes_psv_both_ways": null, "z_order": 0, "other_tags": "\"postal_code\"=>\"WC2\"", "n_bus_lanes": 0.0, "distance_to_road": 6.1, "detailed_segregation": "Level track", "cycle_pedestrian_separation": "Unknown", "width_clean": 0.0, "cycle_segregation": "Segregated Track (narrow)" }, "geometry": { "type": "MultiLineString", "coordinates": [ [ [ -0.1223053, 51.5064226 ], [ -0.1223422, 51.5064358 ], [ -0.1223553, 51.5064405 ] ] ] } },
{ "type": "Feature", "properties": { "osm_id": "1267469670", "name": "Northumberland Avenue", "highway": "cycleway", "waterway": null, "aerialway": null, "barrier": null, "man_made": null, "railway": null, "ref": "A400", "oneway": "yes", "maxspeed": null, "bicycle": null, "cycleway_chars": "NA|NA|NA|NA|NA|NA|NA|NA|NA|NA|NA|NA|NA|NA|NA|NA|NA|NA", "cycleway": null, "cycleway_left": null, "cycleway_right": null, "cycleway_both": null, "cycleway_left_bicycle": null, "cycleway_right_bicycle": null, "cycleway_both_bicycle": null, "cycleway_left_segregated": null, "cycleway_right_segregated": null, "cycleway_both_segregated": null, "cycleway_lane": null, "cycleway_left_lane": null, "cycleway_right_lane": null, "cycleway_both_lane": null, "cycleway_surface": null, "cycleway_width": null, "cycleway_est_width": null, "cycleway_buffered_lane": null, "lanes": null, "lanes_both_ways": null, "lanes_forward": null, "lanes_backward": null, "lit": "yes", "width": null, "est_width": null, "segregated": null, "foot": "no", "path": null, "sidewalk": null, "sidewalk_left": null, "sidewalk_right": null, "sidewalk_both": null, "footway": null, "service": null, "surface": "asphalt", "tracktype": null, "smoothness": null, "access": null, "bus": null, "busway": null, "psv": null, "lanes_psv": null, "lanes_bus": null, "lanes_bus_conditional": null, "lanes_bus_backward": null, "lanes_bus_forward": null, "lanes_psv_backward": null, "lanes_psv_forward": null, "lanes_psv_conditional": null, "lanes_psv_conditional_backward": null, "lanes_psv_conditional_forward": null, "lanes_psv_conditional_both_ways": null, "lanes_psv_both_ways": null, "z_order": 0, "other_tags": "\"postal_code\"=>\"WC2\"", "n_bus_lanes": 0.0, "distance_to_road": 5.4, "detailed_segregation": "Level track", "cycle_pedestrian_separation": "Unknown", "width_clean": 0.0, "cycle_segregation": "Segregated Track (narrow)" }, "geometry": { "type": "MultiLineString", "coordinates": [ [ [ -0.1223122, 51.5064995 ], [ -0.1222668, 51.5064837 ] ] ] } }
]
}
